"relative_path","bytes","sha256"
"local-artifacts\.codex_tmp\add_old_weights_and_balanced_weight.ps1","6396","bb1b75d30e096f8351f6595e480355074bb2d90619cd94af71c53854e6dcd5eb"
"local-artifacts\.codex_tmp\build_50_name_portfolio.ps1","8374","c6e4d3750a0874b8ec874750ed051f3fa682e75678bcea2e6afa62dd0237757a"
"local-artifacts\.codex_tmp\build_cash_2_cap_6.ps1","9985","f615e1ed97949f68f6ba4fa39fde689257a597caf0557cfaaf7327ad80936499"
"local-artifacts\.codex_tmp\build_free_float_weighted.ps1","11177","d9cc0ca7a0b769189f9c4fdbb04e7812a412f66793e6fafa7f03846c2cb743d5"
"local-artifacts\.codex_tmp\build_market_cap_weighted.ps1","9584","568bb40a918c5f76fce9ddc48bc2c8bbcadf695fc682b3ebfca637da7c216308"
"local-artifacts\.codex_tmp\build_single_4_5_sorted.ps1","7511","ae7358b13d5534ce5154273451f338be4ff560250d49afff13ffe85d299cc796"
"local-artifacts\.codex_tmp\build_target_caps_with_trades.ps1","13140","f88cace8f43695114c6eb164295cd4d22d47d1e06701bfa54c4d44a03495a1e6"
"local-artifacts\.codex_tmp\fetch_float_shares.py","2650","e4c1d998846e9641f39150805ebe0f42af4fbd4144e938e6e730175506bdc8a5"
"local-artifacts\.codex_tmp\fetch_market_caps.py","3661","9daf7de739df13b9f54c70ea67f9c0a9e124fd931ee2408895d26ca06bf82a4c"
"local-artifacts\.codex_tmp\float_data.json","20258","46ace82a5aecb2751d73de1d62a4b97934197572c9befd5d92a3cf74a49b0087"
"local-artifacts\.codex_tmp\inspect_nyny.ps1","2842","a910d2fe24ff4780fe3b2295c86618e7f3d2bcf0c59bdcd1737aa5c3e45f2bd2"
"local-artifacts\.codex_tmp\market_caps.json","28804","aba7a66c8a85593b24154675de6f8f547bef9dbcdec06c4814621d61a22a51f5"
"local-artifacts\.codex_tmp\rebuild_exact_new_portfolio.ps1","8304","760c3821a9ad469b02fa8954d371f675951072980c75cc9519018914adcbc8e4"
"local-artifacts\.codex_tmp\render_50_cap_under_5.py","1425","1d2103b77330bcec22e3d04540bae983bcfcb2a3d583b3eac934daa84e07f69f"
"local-artifacts\.codex_tmp\render_50_verification.py","1389","71e0bccd20dd277770106bbe1799028a3a1474bd4d7371434065b506a0b78e92"
"local-artifacts\.codex_tmp\render_single_4_5_sorted.py","1178","d540dacaaa7b8d94bfff63e27c6a0b9615a9f42b2e257f9ef5cfbc6242e56a54"
"local-artifacts\.codex_tmp\render_target_caps_with_trades.py","1481","1c9377849f9cfc367e68f7a381972d6d83ae324a8806f984605eaf58ebd61c8b"
"local-artifacts\.codex_tmp\render_uniform_4_5.py","1454","04b286e4c1d2c924800c76b756fd3974d5b7373351cfce1c4338fe140bd3f226"
"local-artifacts\.codex_tmp\render_verification.py","1351","8e9676f36e5410ebff03fd48a10860c24e59c8314b127d028ac2861917ba3b17"
"local-artifacts\.codex_tmp\set_50_name_cap_under_5.ps1","3358","3a488bbd4bc4986e37e12e43a0db02743693804506e30424f3dcaa581e27f09a"
"local-artifacts\.codex_tmp\set_uniform_4_5_cap.ps1","5592","c4504688ff9edca1b7e9a12d329f571f1ed3a1f812b50bdbe836952fe409cf98"
"local-artifacts\.codex_tmp\update_old_and_cap_jpm.ps1","7822","25762c2927f2e67379a7e069c78f878c85da9ef65bac2cf7a042d9a52e3f75e4"
"local-artifacts\.codex_tmp\verify_50_name_cap_under_5.ps1","4502","b4f9948816fb844ddff2029babebdfc73c8a2d3a98589b4dadd9911bc87512f9"
"local-artifacts\.codex_tmp\verify_50_name_portfolio.ps1","5232","c624f891c89696475f5d55f08c8b6cf65caa46afb4c5ef1a20b718f4a0e00b25"
"local-artifacts\.codex_tmp\verify_cash_2_cap_6.ps1","4516","8a2117cb649ded965210628992f573f7ade4a86c071a3ba678e6bda1f783055a"
"local-artifacts\.codex_tmp\verify_exact_new_portfolio.ps1","4710","8df30262afd448b36e4efedd0a08769b4fc8ead799f5f147df9e69e986201ee9"
"local-artifacts\.codex_tmp\verify_free_float_weighted.ps1","4287","64e9185e0a2525c3a2d7689ffc3e6998463d0ec6441140fd81609e38b46f96d8"
"local-artifacts\.codex_tmp\verify_market_cap_weighted.ps1","3346","2c6097c257b0feb4d239b4d722ebb8ed0dfa8499e95f6d414343d3915c6caa00"
"local-artifacts\.codex_tmp\verify_old_and_cap_jpm.ps1","3233","81641c922ef06cefac0fbd4bcbe04ccc587fb5289952dbf1fd1b0617b30c414a"
"local-artifacts\.codex_tmp\verify_single_4_5_sorted.ps1","3591","411bf402c4d2c1447acd56fce8cb71b1b0f0df3119e4f24896f21f4f3755336a"
"local-artifacts\.codex_tmp\verify_target_caps_with_trades.ps1","4753","31a5ea9b0fdd6515903517d766782644958252d91b2b3c7ed4f5bbfb00e21f2c"
"local-artifacts\.codex_tmp\verify_uniform_4_5_cap.ps1","4516","3a35a48f98eee0b933b41d14982e742ffcebdbc36cc20ee37104f1e1994865a3"
"local-artifacts\.codex_tmp\verify_weighting_comparison.ps1","3872","8dd10748f42f52ca7f70dad956e0957fbfb7110592e379dc97a5906317aac4b6"
"local-artifacts\caches\python\src\nport\__pycache__\__init__.cpython-311.pyc","161","e05b79cf6dfea22c91714fd8b316f2589042828c159da4111cbffdf1589c9522"
"local-artifacts\caches\python\src\nport\__pycache__\__init__.cpython-312.pyc","149","4399386557cedfd62547f9c215688872fa47ff5b260fef65cf2d668451f2f8f9"
"local-artifacts\caches\python\src\nport\__pycache__\__main__.cpython-311.pyc","264","416f26b22d500ce3d6ed19985f32bfff61fe46e7bb0697fa841e9fac82c40f8f"
"local-artifacts\caches\python\src\nport\__pycache__\__main__.cpython-312.pyc","259","c97998405a5274d2fd203abb0aa87fdc221be85e73545b427bcb4e615204c7dc"
"local-artifacts\caches\python\src\nport\__pycache__\ap_orders.cpython-311.pyc","7474","6404cddd7577c8943aa6487b912cf9b1c519b32ef734135b8eaee217b228b2a5"
"local-artifacts\caches\python\src\nport\__pycache__\ap_orders.cpython-312.pyc","8744","367748848c42f5c898e587f7d7284f3d395cac173c6e40208f0d771463a5d49a"
"local-artifacts\caches\python\src\nport\__pycache__\bloomberg.cpython-311.pyc","19500","9c48e58dfb1b370dd6f51782940fa7a5b94e4508e996e3484c5dc24865ecc089"
"local-artifacts\caches\python\src\nport\__pycache__\bloomberg.cpython-312.pyc","17298","9f05c04ba961f3fdd90a2ea8be06ecb688621d14a6bda01c24a68fb452b35c6b"
"local-artifacts\caches\python\src\nport\__pycache__\builder.cpython-311.pyc","36769","c4e2cb91f0aace44591986e848c03874ac42b5adb8b1b83b347ff3e3e0c9971f"
"local-artifacts\caches\python\src\nport\__pycache__\builder.cpython-312.pyc","33958","fe8f1ddb441b0ad817f5587830adb658afa887ed6748da6f40b67ce661dc55db"
"local-artifacts\caches\python\src\nport\__pycache__\cli.cpython-311.pyc","109898","f87aecb169e05e4aa4d3ebe1274bdc33e8b4cc77f209d5c2f8575de2a951e1b6"
"local-artifacts\caches\python\src\nport\__pycache__\cli.cpython-312.pyc","19587","5c885c54184ceb2ccb9db7a3a99db1bb703cb8b977186b43ef1741f052f6a85b"
"local-artifacts\caches\python\src\nport\__pycache__\config.cpython-311.pyc","17812","cdd84c4931a1da0c3e975de74f2ee96cd9d934c3c265abfc3e082cf398525faf"
"local-artifacts\caches\python\src\nport\__pycache__\config.cpython-312.pyc","20277","87e08cd10af6b0b3bb47b4373f7625525341f263695e2c55db47d75cfd08448b"
"local-artifacts\caches\python\src\nport\__pycache__\constants.cpython-311.pyc","858","a6da83f44b1ef78d2947f41779d29ae9f9b192dd780e8dcf1fa334afd69f0a3e"
"local-artifacts\caches\python\src\nport\__pycache__\constants.cpython-312.pyc","1171","7f877ba3d6d00527c68180a6f2734f2142ec1264105ac0368b3e20cf8107db54"
"local-artifacts\caches\python\src\nport\__pycache__\cusip.cpython-311.pyc","6153","e5b5ed88ea3fc88960a5187f34b8b096b00cf75afc0e15911fc6c690054d8d23"
"local-artifacts\caches\python\src\nport\__pycache__\cusip.cpython-312.pyc","5391","ca37548740a068fc9bde839bbe46880fbceb985b64489d42f91086a928000fa3"
"local-artifacts\caches\python\src\nport\__pycache__\custodian.cpython-311.pyc","43779","a85df3010350cafbd2086ab2526d98aa9da9834055ee3a253d1786c637405217"
"local-artifacts\caches\python\src\nport\__pycache__\custodian.cpython-312.pyc","40836","b355833d6a35eef796cd112304aec55e6cbaee861de6474c333e9b22c4b9c41f"
"local-artifacts\caches\python\src\nport\__pycache__\data_loader.cpython-311.pyc","18832","96408ee27270ddfb3f35714c85c7de0dd950fbabc3d543c44a1e09c7a2329302"
"local-artifacts\caches\python\src\nport\__pycache__\data_loader.cpython-312.pyc","2302","5e5edd0be4cb43e9b0656d5423710b53ea823215fe55d48a79718db1ce202196"
"local-artifacts\caches\python\src\nport\__pycache__\eaglestar.cpython-311.pyc","25876","5e9609f8c17ea8570a3648453214deaaf3824e3a186114466156bebfed55d322"
"local-artifacts\caches\python\src\nport\__pycache__\eaglestar.cpython-312.pyc","21873","507970d060a761317e40c133665c75f19e75e294aea17f2c0192e8ba8113a4af"
"local-artifacts\caches\python\src\nport\__pycache__\edgar.cpython-311.pyc","20602","e0b1518f5851ead9465be124bbf4396b7e8f77c7bfd1dc79abee74a3b18afbe2"
"local-artifacts\caches\python\src\nport\__pycache__\edgar.cpython-312.pyc","18541","a5ce9642e178e5a77bf15ee3188475ac070f3e231266c8f2f50ba83d8f37a14f"
"local-artifacts\caches\python\src\nport\__pycache__\filing_master.cpython-311.pyc","31235","23a037f63e77e91d7e499da190230ee42b0a4f426f01327f04790f8dc7040693"
"local-artifacts\caches\python\src\nport\__pycache__\filing_master.cpython-312.pyc","27032","4692aea6f42be43f133fd83aece9eacfa22bdd43eee06f4d07613a34e92e722c"
"local-artifacts\caches\python\src\nport\__pycache__\fund_review.cpython-311.pyc","66876","63c70e2b26b6a61cbb11c35e0b5224049ea3bbf683faa678b27c9761400ddf99"
"local-artifacts\caches\python\src\nport\__pycache__\fund_review.cpython-312.pyc","82954","ccf03ba317537139c83febf8d1ed07422daf4711ef434d4620bc8cbe90fa9bbc"
"local-artifacts\caches\python\src\nport\__pycache__\humanreview.cpython-311.pyc","23114","14f0be7f7095158961a14e19743f78f309e7bbeaf79786733b955784d7f6b7bb"
"local-artifacts\caches\python\src\nport\__pycache__\humanreview.cpython-312.pyc","36911","46bbdca63fa8d9f25e3caa6621f305446b91aaf68ee2ef47e5e2cf4a9572a5d6"
"local-artifacts\caches\python\src\nport\__pycache__\input_validation.cpython-311.pyc","27787","41f2e2908c6ee4553c98dc09f89262b1983388dea96f2ad9361b824fc590903a"
"local-artifacts\caches\python\src\nport\__pycache__\input_validation.cpython-312.pyc","38653","bf19ed9a53a3015cd19b95938ce2114ee628e04ec84b4c66dce7c32582a633f6"
"local-artifacts\caches\python\src\nport\__pycache__\master_sheet.cpython-311.pyc","48501","5297a43238fbf7935e9a05647434d47b799481f74d5e5e7f7a6d91818fdf75b3"
"local-artifacts\caches\python\src\nport\__pycache__\master_sheet.cpython-312.pyc","42349","c02b0b61bebfd5eaae1abd6ea4d750fa166a47cc9cb66d1b8e2395f122511c99"
"local-artifacts\caches\python\src\nport\__pycache__\models.cpython-311.pyc","8840","aa1c52dbd1aaa1c044d27ba08f750cd17887fbf80b17ab5fc7b6ab63559109f2"
"local-artifacts\caches\python\src\nport\__pycache__\models.cpython-312.pyc","8060","76d51ce4bd90bba816bb133c10216c06e428a7cc14e5a7a4f65959a8e5134b68"
"local-artifacts\caches\python\src\nport\__pycache__\numbers.cpython-311.pyc","1181","247533826b4adecd353f52b36c5fde6e079ade8eef2897b70411f5f3667b9dde"
"local-artifacts\caches\python\src\nport\__pycache__\numbers.cpython-312.pyc","1081","012a028c36c8a934d26841651a1876b61ce0095f733b8483d4886b9dc02f3cb8"
"local-artifacts\caches\python\src\nport\__pycache__\policy.cpython-311.pyc","18351","0260575b4f1c610b29afdaeb063ba8f96b9509f4116f3a0bb9bdc32394c5fa11"
"local-artifacts\caches\python\src\nport\__pycache__\policy.cpython-312.pyc","10438","008e42fef19f6797216af01d315dedde56cc3c7e29b737b1df5bb90e69ec6dd6"
"local-artifacts\caches\python\src\nport\__pycache__\preflight.cpython-311.pyc","15094","07abc62b26e4ba507599abdf1d3d593d268ab909a60b997ffdf857a12a7d6862"
"local-artifacts\caches\python\src\nport\__pycache__\preflight.cpython-312.pyc","12889","25ffc537bf9fb014c80da6f29c063c6dbc5c59f3e550479bf19135b6efe55bcf"
"local-artifacts\caches\python\src\nport\__pycache__\reference_compare.cpython-311.pyc","4135","ae96abfac961f51b34467f4d820853867e31f8e68c77bd6e8df3eac141834833"
"local-artifacts\caches\python\src\nport\__pycache__\reference_compare.cpython-312.pyc","3465","6216b070faa0479cdafd8913288ad4dbc2bfe4f3520256d9f462a9ec38686e07"
"local-artifacts\caches\python\src\nport\__pycache__\schema.cpython-311.pyc","12743","efa9aa87e034f39f6e8e18bf0182266eb444364c3593cd3aa1fb6a55b86b0fc1"
"local-artifacts\caches\python\src\nport\__pycache__\schema.cpython-312.pyc","13270","134f1fae82f480e0ed1a5223c204c95c1cf4fd3aa82576bef508e4c23cefd2d8"
"local-artifacts\caches\python\src\nport\__pycache__\schema_check.cpython-311.pyc","7617","9a78cd591c7b5727cd37988bf398e7557e9fc445cef63d3ad8b4cae55c1df910"
"local-artifacts\caches\python\src\nport\__pycache__\schema_check.cpython-312.pyc","6634","95f8e5705939ac13c05c69954c97545062b144da9b9894865c620792d12a04b8"
"local-artifacts\caches\python\src\nport\__pycache__\security_master.cpython-311.pyc","7268","6b6e1889a34864253ca38c8864f6f323d8972a8d8bbbccf72bf85c235824356f"
"local-artifacts\caches\python\src\nport\__pycache__\security_master.cpython-312.pyc","6560","d482df14c68432ecdccb1e93c6bc4ec4bd5dc42131f0261fedcd0e8daa581300"
"local-artifacts\caches\python\src\nport\__pycache__\source_policy.cpython-312.pyc","1334","0d4aaf767eea7714b0672419aa02f7c99d93a36be9e9a14326791d29056fe4f5"
"local-artifacts\caches\python\src\nport\__pycache__\workbook_support.cpython-312.pyc","5398","2814abe72695dd720b791eeb5e1fd2b2bf6d3b4eb72927a6f8db9f06b7a8deff"
"local-artifacts\caches\python\src\nport\__pycache__\xsd_validator.cpython-311.pyc","2934","4fe6390436b24f0b3c292c084cde52f8edae4960c6e1486c637530c937e66b28"
"local-artifacts\caches\python\src\nport\__pycache__\xsd_validator.cpython-312.pyc","2594","bba981c050ecb76cbd03077a577028bc2937abb6bec4f6d260c5229adbf0e4e0"
"local-artifacts\caches\python\tests\__pycache__\__init__.cpython-312.pyc","145","7d6832ac9963bb15ad48bffe26bd7a1bfdedae9291f603317be0fc561deef1a5"
"local-artifacts\caches\python\tests\__pycache__\conftest.cpython-312.pyc","10236","bf2e745850282cf2b5eb1c5770d710a269725309112a21f4116ded6e30909c1a"
"local-artifacts\caches\python\tests\__pycache__\conftest.cpython-312-pytest-9.0.3.pyc","10381","455013b0fd7e675fd5cefa4595869d948b7fe3c4a6aece29e0235cab08ff2e6d"
"local-artifacts\caches\python\tests\__pycache__\test_ap_orders.cpython-312.pyc","5827","03fcbbef919b2eabd3c4fa75e0b6106d54c2ccfaf6ffaae8b7828af102d1254c"
"local-artifacts\caches\python\tests\__pycache__\test_ap_orders.cpython-312-pytest-9.0.3.pyc","14820","0eba1ad4597d8ba6aae238a96c57f7139d091f4ea081200204fd75ce2ec26c5d"
"local-artifacts\caches\python\tests\__pycache__\test_bloomberg.cpython-312-pytest-9.0.3.pyc","32102","424a457d563087959e57e70de5d6b82aec5a706154503cd8f649d869c1162085"
"local-artifacts\caches\python\tests\__pycache__\test_builder.cpython-312.pyc","5995","5845ef1509dde2ff0964c706eafbe3f38936bc0520754e2ce06d46abfa913c17"
"local-artifacts\caches\python\tests\__pycache__\test_builder.cpython-312-pytest-9.0.3.pyc","26927","9699982e36f68d02d3703a2d6f0c10773c8eb27ba94900ac5fe7944780cad836"
"local-artifacts\caches\python\tests\__pycache__\test_builder_extended.cpython-312.pyc","32519","709a1d33ea56deb1aeda78825eae6f5d85e6adf88ae74f3603d4fd7c1626d8a6"
"local-artifacts\caches\python\tests\__pycache__\test_builder_extended.cpython-312-pytest-9.0.3.pyc","100950","e69ca7a528a4ac927dfac80430c3a76a58c023181877b209fe4ec0548434412f"
"local-artifacts\caches\python\tests\__pycache__\test_cli.cpython-312.pyc","1969","e4e288bad38257e5d34e05f205b48e3704ec75079766544414a1d6bad5bd5c3e"
"local-artifacts\caches\python\tests\__pycache__\test_cli.cpython-312-pytest-9.0.3.pyc","5584","fc947bdf9d849c6130ad1add05e7aa3b79281b628d9b4dec00c652573690348a"
"local-artifacts\caches\python\tests\__pycache__\test_config.cpython-312.pyc","8523","0f52e0d9529e2d6b9058576d686ca636582ada403c2e41f633060026a925621a"
"local-artifacts\caches\python\tests\__pycache__\test_config.cpython-312-pytest-9.0.3.pyc","19163","e53dc4d538d4d7499779c583d68002633c8cd96cdbaa479202dc48810549ba44"
"local-artifacts\caches\python\tests\__pycache__\test_cusip.cpython-312-pytest-9.0.3.pyc","22316","a9f4b237f053a672c1d2106e4a79b14ca435b257d9313508c807d0ae96eb0abe"
"local-artifacts\caches\python\tests\__pycache__\test_custodian.cpython-312-pytest-9.0.3.pyc","161178","ef8a07c68d88035c42418b98a86b5cbf31e2de60c8fb38f729fd74ee0864e64e"
"local-artifacts\caches\python\tests\__pycache__\test_data_loader.cpython-312-pytest-9.0.3.pyc","23026","1e5eb4ac50b87e4700310ad5a612ece0317b034a3903d54c7bbb664754da5158"
"local-artifacts\caches\python\tests\__pycache__\test_eaglestar.cpython-312-pytest-9.0.3.pyc","58323","d6c47307118698f2f95e0e2fa4bded6ce1d3b0032d392fa0727e390bce5906b1"
"local-artifacts\caches\python\tests\__pycache__\test_edgar.cpython-312-pytest-9.0.3.pyc","27009","5f87d8b595f29a27612c867f5f261c73aceaf5240142492fc60b089f0a590486"
"local-artifacts\caches\python\tests\__pycache__\test_filing_master.cpython-312-pytest-9.0.3.pyc","51399","3cb60d5028244ae03b3fe327ca46eacee19164bc28cc8404731071313b68c39b"
"local-artifacts\caches\python\tests\__pycache__\test_fund_dirs.cpython-312-pytest-9.0.3.pyc","5926","eefc26a10d43a77c537c79498bd4550f126cd40dada3258e02fa1c44ab6e6084"
"local-artifacts\caches\python\tests\__pycache__\test_fund_review.cpython-312.pyc","20078","7e23547153ac6c2b5b6f718b00caa4df6c63bc83c13376c482f7c1a49f7398f9"
"local-artifacts\caches\python\tests\__pycache__\test_fund_review.cpython-312-pytest-9.0.3.pyc","37455","a6d89d2587ed0485485c9c48f750e9024840817edfa1ad99fd9d10c9ca8a6f23"
"local-artifacts\caches\python\tests\__pycache__\test_humanreview.cpython-312-pytest-9.0.3.pyc","21664","1d89a6ccf6cb4684b3364098fb012662f92dd434f340ec853f8faf1bcdba21ea"
"local-artifacts\caches\python\tests\__pycache__\test_input_validation.cpython-312.pyc","25926","bc32346ba571dd396d640c7b7cdef29d1ee4162cf2622a4abc7683779b095d26"
"local-artifacts\caches\python\tests\__pycache__\test_input_validation.cpython-312-pytest-9.0.3.pyc","44571","586337a96c088354dac3c2abba2520cdfe46273ea8aaddf6e8bbb6b09743200d"
"local-artifacts\caches\python\tests\__pycache__\test_master_sheet.cpython-312-pytest-9.0.3.pyc","134487","b0aac3f82df683b8801d6012180529d409499672ecf2f3ddd9f5683ebdaf479e"
"local-artifacts\caches\python\tests\__pycache__\test_multitype_fund.cpython-312.pyc","15825","faf90895153ca8da0d08abefa60d5cd7c7e47be68154fbd1dca00e0bada25f79"
"local-artifacts\caches\python\tests\__pycache__\test_multitype_fund.cpython-312-pytest-9.0.3.pyc","27304","f041cbb033cdcd0f647bdb87f0ff6eac262e8dc200ae18bedb84b5889b9fa493"
"local-artifacts\caches\python\tests\__pycache__\test_policy_preflight.cpython-312.pyc","7289","d7cb9c59a56ce2e0d008f96ade972d20244c4c5aefb4200a1647539b93ee5e9e"
"local-artifacts\caches\python\tests\__pycache__\test_policy_preflight.cpython-312-pytest-9.0.3.pyc","21191","cab391ddf631ec3db23c5d76af87e46a277f06a6c375001e443292f97bcd0fc9"
"local-artifacts\caches\python\tests\__pycache__\test_reference_compare.cpython-312-pytest-9.0.3.pyc","5055","5d809d115371efec96cb0af814c2e9708bfc06430a6663fc71c067f14c35b495"
"local-artifacts\caches\python\tests\__pycache__\test_roundtrip.cpython-312.pyc","6149","a08c40fe90f9cad0d2fbc5a64feba7c1729cb9f92676071775c800e42b5844ea"
"local-artifacts\caches\python\tests\__pycache__\test_roundtrip.cpython-312-pytest-9.0.3.pyc","9906","ca6199b3c7c2a4adaacc13a313bdba6bcd74afa6d761f8d33f6bd2275e9787f4"
"local-artifacts\caches\python\tests\__pycache__\test_schema.cpython-312.pyc","8296","46f2f43003b162d58bde36c8ae1bd257edc285ea92d2b0e61c2b32b38dccf03d"
"local-artifacts\caches\python\tests\__pycache__\test_schema.cpython-312-pytest-9.0.3.pyc","32341","dd9047a2ccaf74d608a5aa89658258c291464b2d22c88d2299ec7f0fdef4f53c"
"local-artifacts\caches\python\tests\__pycache__\test_schema_check.cpython-312.pyc","3498","8ed712d97016f3c3d7c6823dafd968a138bf4868c9ba9d8cd052f337592ac9aa"
"local-artifacts\caches\python\tests\__pycache__\test_schema_check.cpython-312-pytest-9.0.3.pyc","11056","0e5263755581af5d96751cd8e7f793b0d4c59aec66ed6738b7373ae05ca5d7da"
"local-artifacts\caches\python\tests\__pycache__\test_security_master.cpython-312-pytest-9.0.3.pyc","24089","5b414a881008323398638527a3660771e0e8a95ac4a377015c1a13060cbe7b64"
"local-artifacts\caches\python\tests\__pycache__\test_split_csv.cpython-312-pytest-9.0.3.pyc","42365","9c3540c979a749bc83af2236907daa79d78e2580f57db0c931de04471abf381a"
"local-artifacts\caches\python\tests\__pycache__\test_validation_extended.cpython-312.pyc","31099","19af62963775bb2f2f50d522740a9ecddb3691da6e1847a9d3b748590cbc128f"
"local-artifacts\caches\python\tests\__pycache__\test_validation_extended.cpython-312-pytest-9.0.3.pyc","51033","f0f6e95c2e0e21b333f0a7f21bf2d2596300b3cd2f5881cbd35fccdd16796eb1"
"local-artifacts\caches\python\tests\__pycache__\test_validator.cpython-312.pyc","1158","ceeef03d3b6eb16c1ddb78fd0e38df324d1ed50489da2117cf30013dadcddc5c"
"local-artifacts\caches\python\tests\__pycache__\test_validator.cpython-312-pytest-9.0.3.pyc","3446","11b02ec8c24df9134f0cf29dcc308417259e0f10e3e994f3aaaa71d6383a3060"
"local-artifacts\caches\python\tests\__pycache__\test_verify_output.cpython-312-pytest-9.0.3.pyc","8089","7b38273473c189e54039298c558f63e2a6ebb81d2a21b91852ae00837297d1b2"
"local-artifacts\caches\retired-script-bytecode\scripts\__pycache__\audit_findings.cpython-312.pyc","26543","960e27ac4475fcfde16f176bd804b4b3aa8cd5ca4aa581eff8fb2c4415836b70"
"local-artifacts\caches\retired-script-bytecode\scripts\__pycache__\backfill_series_ids.cpython-312.pyc","10694","e2d3950b0776d4564d25c962415699e76d2bdb33e997ab8978b039add8912fda"
"local-artifacts\caches\retired-script-bytecode\scripts\__pycache__\build_security_masters.cpython-312.pyc","5842","a0f3cfea054016c794b08b43c2579407e2f45abc15bc38d47e922497463827ff"
"local-artifacts\caches\retired-script-bytecode\scripts\__pycache__\field_provenance.cpython-311.pyc","32389","6167881fda24876b9be5572584e9e40258769aa83a8158193e14a0c9c573b98a"
"local-artifacts\caches\retired-script-bytecode\scripts\__pycache__\field_provenance.cpython-312.pyc","29584","7328d16f75a7a21bb1b638691571fa120902232d575cf9f1a65e26eafe7e2dc3"
"local-artifacts\caches\retired-script-bytecode\scripts\__pycache__\generate_inhouse_docs.cpython-311.pyc","67069","5e233f778d965ec5669aadf6e2da781957619f25f072ec1efa4c4c815aacd231"
"local-artifacts\caches\retired-script-bytecode\scripts\__pycache__\generate_inhouse_docs.cpython-312.pyc","64084","96be42ff87462b4748e5dafc4c09ddbc8399b1b1e90f6011a0564972aa39e0fd"
"local-artifacts\caches\retired-script-bytecode\scripts\__pycache__\generate_operating_pdfs.cpython-311.pyc","55350","ea02c013af0e640841a8a83b719009945fad262785c682472d14676f69b992e2"
"local-artifacts\caches\retired-script-bytecode\scripts\__pycache__\generate_operating_pdfs.cpython-312.pyc","59771","7b7a65f215acbc981e10b7b78c1d2e75254cc9c2d638010dbc47823d22559558"
"local-artifacts\caches\retired-script-bytecode\scripts\__pycache__\render_html_pdf.cpython-312.pyc","2218","bda358126bfe0d7a0e70dcac05286914d7ae610fe60d649d8f659140c7b86e7c"
"local-artifacts\caches\retired-script-bytecode\scripts\__pycache__\runbook_traceability.cpython-311.pyc","39731","5ce5586d1c21691fb2757ad7d24ef9a235dfe0de3d85712f1e0ba4f1afc8d5c0"
"local-artifacts\caches\retired-script-bytecode\scripts\__pycache__\runbook_traceability.cpython-312.pyc","38555","f48432e6ebe75a91194ebb8e04f1260f18baa6539c0dd452008239d77c6a14f5"
"local-artifacts\caches\retired-script-bytecode\scripts\__pycache__\verify_output.cpython-312.pyc","15503","5a8368cfc7caccaa3ea4b6b794b304186ab42509c5b2199d6cee9e0a18c6be99"
"local-artifacts\caches\retired-script-bytecode\scripts\__pycache__\verify_series_ids.cpython-312.pyc","7205","ac68f05482b7d968853ef363bd8124eebcdd165eacedc66c3bcd2a8e47bbf5d2"
"local-artifacts\caches\retired-script-bytecode\scripts\oneoff\__pycache__\apply_bloomberg_series_lei.cpython-312.pyc","6292","3b30b5dc48fcb208ae6fc0466d1c72df688fd2375dd4aaa26fff0940b5bd5090"
"local-artifacts\caches\retired-script-bytecode\scripts\oneoff\__pycache__\apply_eaglestar_to_filings.cpython-312.pyc","4338","4f84d46913219825e634b2d979bf95efcb8eec16e0c303fd8b67a1778dc887c1"
"local-artifacts\caches\retired-script-bytecode\scripts\oneoff\__pycache__\backfill_series_ids.cpython-312.pyc","12440","ce4286f9501a4bcd91dc511f36329fc4619d4466c4b2424ae4c6a1f8f0f66c6e"
"local-artifacts\caches\retired-script-bytecode\scripts\oneoff\__pycache__\desynthesize.cpython-312.pyc","7278","6ece87c554ce74430d6383c93d7433395bc911d4fee79759a0f1cd4733f0225b"
"local-artifacts\caches\retired-script-bytecode\scripts\oneoff\__pycache__\populate_test_filings.cpython-312.pyc","14026","7ff1cf38286cc256b5574336172bf9b7e442138c36edcc1c3a3d9ba6145c5970"
"local-artifacts\caches\retired-script-bytecode\scripts\oneoff\__pycache__\regenerate_balance_sheet.cpython-312.pyc","6024","da1f71182349e1e6e43ee0a793ab2b61d98edb741133a4f3edda992515f70d55"
"local-artifacts\caches\retired-script-bytecode\scripts\oneoff\__pycache__\regenerate_swap_valuations.cpython-312.pyc","3816","6543582bf8db112073c57d9829b2249d7d35e3d3f4d2dbe243b3b77d1cefc248"
"local-artifacts\caches\retired-script-bytecode\scripts\oneoff\__pycache__\repair_cusips.cpython-312.pyc","8464","cf99cf7e4d1197618f519b36deb300c12fb416873d244485f4f5fa4e5dc4a5f6"
"local-artifacts\caches\schemas\v1_13\.schema_check_cache.json","94","f825edd6e3a0aa99b82b7a1e3d999b354a79598c6d1204f7fc916caacab10828"
"local-artifacts\caches\tooling\.pytest_cache\.gitignore","39","e7c6bb30148cf667606dcd63e7ca77acaa3cfb0c8303bf09e6419e1e1669dc6d"
"local-artifacts\caches\tooling\.pytest_cache\CACHEDIR.TAG","191","37dc88ef9a0abeddbe81053a6dd8fdfb13afb613045ea1eb4a5c815a74a3bde4"
"local-artifacts\caches\tooling\.pytest_cache\README.md","310","420e808d79a6c25d3cda0af33bc4782314a14949866682c68ce8149e89b66b70"
"local-artifacts\caches\tooling\.pytest_cache\v\cache\lastfailed","16171","bdc3cd00c9d431208c46662dfd25a90bba48cbebdadd226885be3947ba042fd9"
"local-artifacts\caches\tooling\.pytest_cache\v\cache\nodeids","71330","355f50c5c4f5afab111571b4468705c6a27e302b54cded05520c4cb3ae07b15d"
"local-artifacts\caches\tooling\.ruff_cache\.gitignore","35","9e3a60f1e6ec4ae60215c11d54b171392745ec25e9dded433d5bd921363af316"
"local-artifacts\caches\tooling\.ruff_cache\0.15.19\12414930476667187926","883","cbf4fff21207a38035eb13d408f01748110f166d49b392ee6991c7b2f53c6a0e"
"local-artifacts\caches\tooling\.ruff_cache\0.15.19\14246955826108561633","883","0f4f135d5d3b805dde7d2905f49771fa5c17e319a7a2e1d7a67bb76bfecf9eba"
"local-artifacts\caches\tooling\.ruff_cache\0.15.19\14906202739434759476","106","2d21a4bc7e2de70fe05fe4017f710c2748608879d9932a643074346755862055"
"local-artifacts\caches\tooling\.ruff_cache\0.15.19\16775160446016982167","634","7b969fdbabdaa27cc15373961f63c488f761aa9799b99f5fbaf8ce8bb7ff6081"
"local-artifacts\caches\tooling\.ruff_cache\0.15.19\16864075262615194102","168","23e4a45eb960f41574901a292c30ef66207d29771d80ce70749876c30cdeff48"
"local-artifacts\caches\tooling\.ruff_cache\0.15.19\17225064021039216247","634","964386194f68189c467ce76369dad22675b883911ce45c93f0e4557d1d0c37ca"
"local-artifacts\caches\tooling\.ruff_cache\0.15.19\1775633792985716664","883","d4d5081a3b5a68b0f160f1cc77ca8409754bed978db48653ce4f1a7108137854"
"local-artifacts\caches\tooling\.ruff_cache\0.15.19\7358369341680395522","168","67f18d5f33ee4e9c52794d7c83910904d94e47b6940dae94ae6a568da598f2d1"
"local-artifacts\caches\tooling\.ruff_cache\0.15.19\8329546251817229563","168","df121a3a6f2c0a656e06735f7ad8e281f61a215b44d02d177e8972323701af5a"
"local-artifacts\caches\tooling\.ruff_cache\0.15.19\9110461479310239299","634","a1ba437d30061d10237020d16623beec72a65bd89e4982bebcf9db0e57842c08"
"local-artifacts\caches\tooling\.ruff_cache\CACHEDIR.TAG","43","5953156d7e0c564a427251316eaf26f8870e6483ae2197f916b630e4f93e31ae"
"local-artifacts\data\fund_accounting\.cache\.source","54","47ba23f9665dfe75684f99493cc34c8e0ccdae9c280bd53d359eebc382cd6671"
"local-artifacts\data\fund_accounting\.cache\nav\20251229.csv","521","f12210ae2f17f5f3ef49a034e6baa18c1bf5e3752f254d0281571b84707288a1"
"local-artifacts\data\fund_accounting\.cache\nav\20251230.csv","529","025b112bb0ccc8de1b24b8006744627f89ff1518124ec68e253a3013d27a1d69"
"local-artifacts\data\fund_accounting\.cache\nav\20260102.csv","531","a7d039ead56c2f00dba62808b3d4620a9d39a3cff6a369c6c0e96adac61fc0c9"
"local-artifacts\data\fund_accounting\.cache\nav\20260105.csv","530","a45e3dd5eb6827d13415d7459be1db88e91dbdcb0b59bf55acd5914cd1d85dac"
"local-artifacts\data\fund_accounting\.cache\nav\20260106.csv","530","3e07162caf7f269c193e6c531b9309b954ff39a72d1aef12446d8265719095cc"
"local-artifacts\data\fund_accounting\.cache\nav\20260107.csv","532","ceb86a54edb37e1f4a6df3f79fcdfaf4299adc78dab1ba48392750edb4507e41"
"local-artifacts\data\fund_accounting\.cache\nav\20260108.csv","532","f67260f053f96069643f4d1d4524c78edb1d84c69d9aab1384041d6e5bdc9dd2"
"local-artifacts\data\fund_accounting\.cache\nav\20260109.csv","530","620bade7219d6a139bbd32699e25327fd6c2158e0cf0f75e874453b422aab1dc"
"local-artifacts\data\fund_accounting\.cache\nav\20260112.csv","530","200e99d2680287c058e99d5720de7cc4655f63b97104f0bae8a2f6b2103a436c"
"local-artifacts\data\fund_accounting\.cache\nav\20260113.csv","532","f217658ccebf36aada8172a8a7892cec769b7f03b82cb63f1a4f010daa2124db"
"local-artifacts\data\fund_accounting\.cache\nav\20260114.csv","524","dd1542362b748eb24216cce850125f19b47d6c13978a38062d77f74967f1288b"
"local-artifacts\data\fund_accounting\.cache\nav\20260115.csv","534","3a9e1c54bb01f3b178e584861dc80fb676c9c92c957402c1f1c5dcf2458cd2af"
"local-artifacts\data\fund_accounting\.cache\nav\20260116.csv","534","7ade748699c27dd559cef9192464c3b1c77517f20f70d61827d6a6a1f58dc226"
"local-artifacts\data\fund_accounting\.cache\nav\20260120.csv","534","c42386bc5726c02305f755d0f33e40c64c1ce3ca5a34fe3e920374e9971cf6b1"
"local-artifacts\data\fund_accounting\.cache\nav\20260121.csv","531","920064226749159bdb16e5b30822e9cc52af3de58a3ec4e4a859675a87e87e41"
"local-artifacts\data\fund_accounting\.cache\nav\20260122.csv","530","4828f81caff317d60247c177ec3eca15463a0e457973f5605685a1048d55eecf"
"local-artifacts\data\fund_accounting\.cache\nav\20260123.csv","532","70d388fe75738bf13d71866ec14870178f060b070d280f26e27c4448278a9997"
"local-artifacts\data\fund_accounting\.cache\nav\20260126.csv","530","44c2b381614ff4ea98e3e807c54972d24db2b0e32ffe8af61250b5e6adf70862"
"local-artifacts\data\fund_accounting\.cache\nav\20260127.csv","532","e57fbfca3a897325fd2acfffdd0e9b3ee05d349a490db984885003ec6c2d9c91"
"local-artifacts\data\fund_accounting\.cache\nav\20260128.csv","534","7979f22335328ee98a23fcf1f5f8e265470c833e1ecf7da575d3ad49edb75951"
"local-artifacts\data\fund_accounting\.cache\nav\20260129.csv","534","55bd76fe91f6756f5a252a841bba83b789873a6867705c71d57591cbeb9900ff"
"local-artifacts\data\fund_accounting\.cache\nav\20260130.csv","534","af04f5df3f8c543d5e4a8e5f4bbaee8c65be5950af2fa7291b0e247a482f9b09"
"local-artifacts\data\fund_accounting\.cache\nav\20260202.csv","534","99b49aa41c603fbb21b70366a0418582916138baa801f5c2c619d05674769f48"
"local-artifacts\data\fund_accounting\.cache\nav\20260203.csv","534","1474f720e9937ad96ff60e43d2d945a6bd572e9ee5a2d42eb8549d9dc32895ed"
"local-artifacts\data\fund_accounting\.cache\nav\20260204.csv","536","6ca7aab3a5b6de09921fd747d6cfe3885467d44a7da1151f7561f7418c44a465"
"local-artifacts\data\fund_accounting\.cache\nav\20260205.csv","536","d0ca1208e988ec2faea18ae09fa22a94be9fea6d7ddc21e48573eaa125811941"
"local-artifacts\data\fund_accounting\.cache\nav\20260206.csv","533","04667860dc44f8b7e35f64dd71eca3ff33e1e318128ade52dedd5650e16d67d9"
"local-artifacts\data\fund_accounting\.cache\nav\20260209.csv","533","ddc5dd0cb2fb9cbd5f1d197fe24358b6688d2a330a56dc558891b407bd122acf"
"local-artifacts\data\fund_accounting\.cache\nav\20260210.csv","533","5ca51270c203e5e28ba89b39c1903941cd94ad4665208fb7ef41a872e07a54f5"
"local-artifacts\data\fund_accounting\.cache\nav\20260211.csv","537","cfff7d6bdc8698a335d3d0eaf98d59dccf72f6534a1026280c9e0e1fc685cf9e"
"local-artifacts\data\fund_accounting\.cache\nav\20260212.csv","537","500556269caddd5c10f6e814171cc36720f8fc3b88d431942e6dcd1e83adb62a"
"local-artifacts\data\fund_accounting\.cache\nav\20260213.csv","533","8bbfe3a75b898600c7830fee2ed44282054e8cc4c231a203875b49cc0c4734f0"
"local-artifacts\data\fund_accounting\.cache\nav\20260217.csv","537","9cf0d694e5db9a1f75a87a256a96279b51b21fba33ceedef0a28e61fa317b8ec"
"local-artifacts\data\fund_accounting\.cache\nav\20260218.csv","533","56d7279634ecbc926562aa2a0ea895a0931e5d25867fd248cb102d069cdccb79"
"local-artifacts\data\fund_accounting\.cache\nav\20260219.csv","537","897e0b2a38289757a3ba9ac691a15181262c4f4d08fa46fcd203586ee2b01bf6"
"local-artifacts\data\fund_accounting\.cache\nav\20260220.csv","537","aa84858a0007cac668398b83f360e840a763f13c7f2528822bd497de079ee5e9"
"local-artifacts\data\fund_accounting\.cache\nav\20260223.csv","537","db5e34f66d052d2d8b0b40ea9c93a7a1d660a0b3d693307e3519034814a41859"
"local-artifacts\data\fund_accounting\.cache\nav\20260224.csv","533","804251e28fb20760cc35cc27f51663147a5f21c0efcd7113623a76f1c219d199"
"local-artifacts\data\fund_accounting\.cache\nav\20260225.csv","533","85c1e918a4651cca1009b7f98514096d6a4d572dca7c9d38857187f0a20ae1a5"
"local-artifacts\data\fund_accounting\.cache\nav\20260226.csv","535","bc2d6fccc6213fa85d62d107981ff597b59d0426736bee5a9daffdd7cbba70a5"
"local-artifacts\data\fund_accounting\.cache\nav\20260227.csv","537","ced2ecf7ab3ba00e07562d7e7235c9cb56ccd573ea73a6f7ec7128eba05d203a"
"local-artifacts\data\fund_accounting\.cache\nav\20260302.csv","533","32498040347041486166716798369f3fdbdd0b75cd3dc5740393e95dfe5fa698"
"local-artifacts\data\fund_accounting\.cache\nav\20260303.csv","1169","cfc3cb8966d739ff49523cde8cd5a926598ec80448544d511c045550af453d52"
"local-artifacts\data\fund_accounting\.cache\nav\20260304.csv","1165","c209995721632fb3945c2927e91010fec9e88cb020b6ad32bc87c3aadfd51d72"
"local-artifacts\data\fund_accounting\.cache\nav\20260305.csv","1165","2412d8d7589ee19a05363adde1a29ead611f10108d0d13f9299fea38b6886264"
"local-artifacts\data\fund_accounting\.cache\nav\20260306.csv","1169","1187f85138ae98ae93d9940665cb8f57be326afaaf43d2c85d874c351c40646f"
"local-artifacts\data\fund_accounting\.cache\nav\20260309.csv","1165","c6a30913ed20cd84bde3f1ed1f53185ed2363b44565ae16068d6d181b0f89e43"
"local-artifacts\data\fund_accounting\.cache\nav\20260310.csv","1169","006fbc8c0f2445543a9f1d788d0b48bb5c2e043c8022dcf4234c246b2e20b536"
"local-artifacts\data\fund_accounting\.cache\nav\20260311.csv","1165","b7267fe108522dcf1f406df77d3f6e40939aa272f1fcef0b89933c6706a4d5fd"
"local-artifacts\data\fund_accounting\.cache\nav\20260312.csv","1169","25482e3634d1f5d73f07345a79583cb87d86846cfad4efc6dfec5e7a56a8797d"
"local-artifacts\data\fund_accounting\.cache\nav\20260313.csv","1169","ee0e2315d5bfa2496e92bb37e8857869974c8b68686a0391eba5c52b956d3d93"
"local-artifacts\data\fund_accounting\.cache\nav\20260316.csv","1165","5a6a5db8d5e6032680fdb6d2d737b2ed5f8ced2f7aa0d9028aac7fad4dec82fd"
"local-artifacts\data\fund_accounting\.cache\nav\20260317.csv","1165","51878f3522da534d872ad0827b5f4b632a41f6974ce13a51765e09a677da5728"
"local-artifacts\data\fund_accounting\.cache\nav\20260318.csv","1169","cd115a804a7ef55d78588600945fbc1faf2d6ee07d5509068a6b4857a94fc7a1"
"local-artifacts\data\fund_accounting\.cache\nav\20260319.csv","1169","c2a36c30eecebc48697413f6ece0055844b8ad8e4abb394c496f5b97e019dcdd"
"local-artifacts\data\fund_accounting\.cache\nav\20260320.csv","1169","a21f565bbd337ee4bd43a4ad1e5d8e513e5a0fd0045940f5d5745b63c7a787b4"
"local-artifacts\data\fund_accounting\.cache\nav\20260323.csv","1165","71e10094f3942c6ec3d452968a3e30f19b1305827f202541b558044db736bfc4"
"local-artifacts\data\fund_accounting\.cache\nav\20260324.csv","1169","25c4e60111b9f4c763ce8cb78ef94309eeea7dec72277a6840337c8c94d91a12"
"local-artifacts\data\fund_accounting\.cache\nav\20260325.csv","1165","d83cbf2e6e39b9fc786684e77efa7113082c6d70d73dad33d805af756e2cdaf5"
"local-artifacts\data\fund_accounting\.cache\nav\20260326.csv","1169","42c8f1ecc72e989610a7f6921aefc307ca027cfd5ce0896a70b05dbdb0d01d36"
"local-artifacts\data\fund_accounting\.cache\nav\20260327.csv","1169","d578dce4e92a3aa9ac6646d451dcc9ef29809953f67c1547502ab30c68edc513"
"local-artifacts\data\fund_accounting\.cache\nav\20260330.csv","1169","cc8e619ec276987c2122845d4703653adecdd638be0f01a78973cd887d396b29"
"local-artifacts\data\fund_accounting\.cache\nav\20260331.csv","1165","b023c55240b222e88ab8ed1c35198d9c40c642412ae8ad8600d6beeba41b4f20"
"local-artifacts\data\fund_accounting\.cache\nav\20260401.csv","1165","458f368802a0424b607569908f6c033aa9766e3881f7dea68fe933cd3dbafb4a"
"local-artifacts\data\fund_accounting\.cache\nav\20260402.csv","1169","e93f2f4361a1266bd7d1c5091e2880cf2a4808d3c0f3018e3e8e1f9bc1315130"
"local-artifacts\data\fund_accounting\.cache\nav\20260406.csv","1167","74b7776fe71c1976dfe8b5a5c764f9cc483c998e09ed802994343c82174d68b8"
"local-artifacts\data\fund_accounting\.cache\nav\20260407.csv","1167","2dad01b33bbb79a64a90355c263ae3e147b67a5cc2907b5a114c3e388dc0d92e"
"local-artifacts\data\fund_accounting\.cache\nav\20260408.csv","1165","817d8ef87e8bef4ae8ad8600c4ef31e14b4a9263791df37de647fc1624ed6967"
"local-artifacts\data\fund_accounting\.cache\nav\20260409.csv","1169","83c7be758a68c34ba4ef859b23dd113a0ce2136e23ddefe15143e64ba1cec164"
"local-artifacts\data\fund_accounting\.cache\nav\20260410.csv","1169","4f29ee8dc753e8e40cb8a6536ab29beb9aa6b6382b678a3fc115df916394c738"
"local-artifacts\data\fund_accounting\.cache\nav\20260413.csv","1165","ca92e4f147647f8051caee3e9da55b5ec88e26ada3b0573224743417b988fc79"
"local-artifacts\data\fund_accounting\.cache\nav\20260414.csv","1165","840971bcabc8c6475d82cfd8fbb610ca89d6e45871edc48464ff6ff23ead4b40"
"local-artifacts\data\fund_accounting\.cache\nav\20260415.csv","1165","afe8934886db10b76a1f31a57cad0fb1d39c68d24c665759b283687d43cc7d80"
"local-artifacts\data\fund_accounting\.cache\nav\20260416.csv","1165","d2c2513ee84491bacea08b6ebdce259b639d957632172c29e4007b19e77122eb"
"local-artifacts\data\fund_accounting\.cache\nav\20260417.csv","1165","be60d5a82718e1c40e62a27f536a7ca5576db5e6759debc4a559bb9708a402b5"
"local-artifacts\data\fund_accounting\.cache\nav\20260420.csv","1165","ac22db835d447c8edee9d8d8f79a1bd7ccf1e222a8fc0ad61451ccd67eaba34b"
"local-artifacts\data\fund_accounting\.cache\nav\20260421.csv","5702","a46a2ac608f8127da6ec0c2ad0ad977aef1195cd5c2a5fb9738eed508786c148"
"local-artifacts\data\fund_accounting\.cache\nav\20260422.csv","5698","ec62f6882dbaffd01f75a411a98fa353f7a75df37e4f080b1faa88d36658a7f1"
"local-artifacts\data\fund_accounting\.cache\nav\20260423.csv","5702","d30994d21c3a388d11e62f970afced2613309b4898690e3d8410366fcf85b264"
"local-artifacts\data\fund_accounting\.cache\nav\20260424.csv","5698","5f013c9db48d73a91638e0d508b6e17935af1c8996f61455706b0cbf2c945954"
"local-artifacts\data\fund_accounting\.cache\nav\20260427.csv","6199","6e8c9e05519e9f70403b0bfab50edbc2662c97efb3ad388906a574720eefb1dc"
"local-artifacts\data\fund_accounting\.cache\nav\20260428.csv","6203","015fa33bb8bb6ae5f4e0c1cf00c73683aa77368ceffaa78e9bfed42753e55678"
"local-artifacts\data\fund_accounting\.cache\nav\20260429.csv","6204","c615991a9a7a4637d063e5a73a24d6a90b2075bfd23d29c1315d0a27e540e666"
"local-artifacts\data\fund_accounting\.cache\nav\20260430.csv","7183","5f3de702ede3fada613ccfc94454efc444f933516bb7e6502343c2c8e210b7d0"
"local-artifacts\data\fund_accounting\.cache\nav\20260501.csv","7206","5d00e63717115ec93672f292368d7a32ba6e2ec247f214bd000b6914c9e77951"
"local-artifacts\data\fund_accounting\.cache\nav\20260504.csv","7210","c6627faa907611a29d3c8db616dce9658c40f5eb0e0bd6c6083fcdadfbb65893"
"local-artifacts\data\fund_accounting\.cache\nav\20260505.csv","6025","8f8e84a193457e083fb29377dc5465f9047a8631a3fa1ca8507a38308f139843"
"local-artifacts\data\fund_accounting\.cache\nav\20260506.csv","7265","752bbbbfd95e850a949322e519aac349de4b448afff10c2d1023c20c22f3e488"
"local-artifacts\data\fund_accounting\.cache\nav\20260507.csv","7346","1fe03367b50a45d785525d960ed7f84b43bbbb697b130fe356d08c2d06aba357"
"local-artifacts\data\fund_accounting\.cache\nav\20260508.csv","7306","07ecf8986e58780c0dfdf5fe7dc064cf103d8a1bc4f96cc0308ab691ffc29e93"
"local-artifacts\data\fund_accounting\.cache\nav\20260511.csv","7324","09ffc3d3339e2d093715eef5227eccfd6254a2aa50160925ef0ab96981a420d7"
"local-artifacts\data\fund_accounting\.cache\nav\20260512.csv","7357","383b129945a20a78e2e15ea49789627c0d7f6501b8b20375a567928c51f3a13c"
"local-artifacts\data\fund_accounting\.cache\nav\20260513.csv","7323","b95aa035b7f5e5f4780b646ca672b8c13e99270aef726a90c4de526a739ef776"
"local-artifacts\data\fund_accounting\.cache\nav\20260514.csv","7299","c4410015fbddf1aef3650f155340ddce9fd5512ea9204808ea16246cd5f59dbd"
"local-artifacts\data\fund_accounting\.cache\nav\20260515.csv","7357","04c650993f35ded798bb436d120877df193ca293aa4c2f58d43b7f04cf48dea7"
"local-artifacts\data\fund_accounting\.cache\nav\20260518.csv","7320","bdab520e9109901027a7bca665203c544b37b8a8206e3971302cabcb6b0b31d7"
"local-artifacts\data\fund_accounting\.cache\nav\20260519.csv","14328","58d39e7ab81ed3968867438a9a1164d6b09609f204f1b94e0b1ef3f29d8581e1"
"local-artifacts\data\fund_accounting\.cache\nav\20260520.csv","14414","6b8ed67b52b655424c44901ae78db9770021f6656119156b2caa498b5aab3618"
"local-artifacts\data\fund_accounting\.cache\nav\20260521.csv","14431","bb407759f192656b7d6d2e902d99366013d11ac663e7b8d231ce6176a65dcfb9"
"local-artifacts\data\fund_accounting\.cache\nav\20260522.csv","14430","b47fe8a1c8acd8cd815e17c2963b17a94d91c5bc645288af7fc47af172ce4f50"
"local-artifacts\data\fund_accounting\.cache\nav\20260526.csv","14423","24cd75de99fc9c7b177ed87fc9f2c9c1f0369c889df9f693dd19fad1f4d1fb33"
"local-artifacts\data\fund_accounting\.cache\nav\20260527.csv","14451","f8c854e5ee3ecdfd3a193ce2c9adfb4d4fe49babe4b1bbb7512e819b6cbae605"
"local-artifacts\data\fund_accounting\.cache\nav\20260528.csv","15941","536290a7752bc7e5ce8e9da5ef922bcfc7259f281bc28ecc08408ababe7e7eec"
"local-artifacts\data\fund_accounting\.cache\nav\20260529.csv","15961","2b74a2d9bc418feb57984d2bb575363e8164fe9543ac266e10c26d5e27bc03be"
"local-artifacts\data\fund_accounting\.cache\nav\20260601.csv","15882","b24a38f7ae0df73488f1398d6439147f0710691d600e79518bf932fa1f997eaa"
"local-artifacts\data\fund_accounting\.cache\nav\20260602.csv","15702","e09b1db8a1f8bf94dc478f6a2e29f3fbb7986946c7cf43ed1e3e5c7c652c61e9"
"local-artifacts\data\fund_accounting\.cache\nav\20260603.csv","17985","707a806f650eec3ae34a90a63ba9e7029f3353d0a3920b17e3ef02237c045f31"
"local-artifacts\data\fund_accounting\.cache\nav\20260604.csv","18934","34136615aa1086573a9297687dfe950d6b29587d7b086eaac830711bba7ce173"
"local-artifacts\data\fund_accounting\.cache\nav\20260605.csv","19041","218928cb468798ef642aa30b9532389549588ebae6f845c75dbd60b1c19b9b39"
"local-artifacts\data\fund_accounting\.cache\nav\20260608.csv","18932","4a500c6a46354afdcb8f4dd8495068ddcefa0d14f40fe8285eb4ef875265a607"
"local-artifacts\data\fund_accounting\.cache\nav\20260609.csv","18970","5efd6f3a0e0f9a0baf57e914298e69bc0555d22e09f7ec06b63b1a35466c6188"
"local-artifacts\data\fund_accounting\.cache\nav\20260610.csv","19036","cd0da4530716dbba31fe25eb583894536215531dca3c65a7b7ffe3e84fabe8db"
"local-artifacts\data\fund_accounting\.cache\nav\20260611.csv","18907","c92ef3e1c7722d9bd8736a55e4772e0f9d6268b913769c51f5bd983a5d85909e"
"local-artifacts\data\fund_accounting\.cache\nav\20260612.csv","18934","f3360cc2b48e9779c1304d56016f1a999912277cc0cbdc7eb5793e55de3d5145"
"local-artifacts\data\fund_accounting\.cache\nav\20260615.csv","18932","9426710f7cdf43dbb2335d24bc77a80a9909b2ca9b73adb4758452bee6afe44e"
"local-artifacts\data\fund_accounting\.cache\nav\20260616.csv","19022","cb61b26ecaab6271b13a74f0eb0fdc787d2711e6c6a98f23b1d3c3ce19283345"
"local-artifacts\data\fund_accounting\.cache\nav\20260617.csv","19054","ff5e0cd4ccf05b7eff3a89b5eb7c4c0e816f8e9be73918db7c089e2aa8bd940f"
"local-artifacts\data\fund_accounting\.cache\nav\20260618.csv","18934","506f4ec8c0bb49008d670849f9a4719f765b5013c3b9558ab6f15ce1bfa23a87"
"local-artifacts\data\fund_accounting\.cache\nav\20260622.csv","23984","9aa93e80c0673986cb61d54b5565a3817cb0639b65b7f650c0015747d8884f25"
"local-artifacts\data\fund_accounting\.cache\nav\20260623.csv","24055","205375a617b5730d5935ae4cb9bcdc80902487165581b474201237c4d68cede5"
"local-artifacts\data\fund_accounting\.cache\nav\20260624.csv","25288","f62658af54b89af7df56cd47741d8104189e9e77192937a5a76488837f6dea7d"
"local-artifacts\data\fund_accounting\.cache\pval\20251229.csv","346","ff880fb864583df71a3fb51e85800e576153bd750ead81bf541090c5ccfd26d2"
"local-artifacts\data\fund_accounting\.cache\pval\20251230.csv","9709","3c81a0742baa862c7ced696ded2d0458016de03a4635b05f88e2146ffec107b5"
"local-artifacts\data\fund_accounting\.cache\pval\20260102.csv","11406","e763c271b4d65947653d5f61c778ec290b576b6be119046bbe9fea84af704df3"
"local-artifacts\data\fund_accounting\.cache\pval\20260105.csv","10682","67f00b094e50a94431677a27ef57cca6bc582e83717f05944b4f357be3836477"
"local-artifacts\data\fund_accounting\.cache\pval\20260106.csv","10667","a391a341f9919ec4851c9a6350fbd590e9d0316193496a820ca21078ddc4783c"
"local-artifacts\data\fund_accounting\.cache\pval\20260107.csv","10693","9ce2f8463af6324f8f5907d6e21d4318cccf451045ead1d16076bd3ce57ae971"
"local-artifacts\data\fund_accounting\.cache\pval\20260108.csv","10515","7a75d5775a5e1c4a623bf6de54b39147e83e11ae12f051895f3b903f84f0eb66"
"local-artifacts\data\fund_accounting\.cache\pval\20260109.csv","10517","a714324b212dfbd39ff65165c9e9e32ee3a019d79a9172cf8c554ad3a61a3c66"
"local-artifacts\data\fund_accounting\.cache\pval\20260112.csv","10523","62abcf617f3f9957bddf262127a6ce9399bd50b29f194104c874ada9fbe44bc3"
"local-artifacts\data\fund_accounting\.cache\pval\20260113.csv","10523","fb4e7c86099430c0ef420a37bf36d960aea4dbd8611633f78be0e00bf1c0d559"
"local-artifacts\data\fund_accounting\.cache\pval\20260114.csv","10553","e1cb7f27dfadd925197c8a2b4d74ff3842513bcfe700edbbb96bc1a01a4e8ede"
"local-artifacts\data\fund_accounting\.cache\pval\20260115.csv","11393","3e6fda05cc23b269a12b37f472a4e74def70d09463fa4e6ea61b6a3a2fa6b8e9"
"local-artifacts\data\fund_accounting\.cache\pval\20260116.csv","11657","07a37a32bbdf88ce0ea8efbb14020512252e3817b125afd436f70f3dc2710c86"
"local-artifacts\data\fund_accounting\.cache\pval\20260120.csv","11666","ce440575e57d6f57a59effb919a1e920aaed0993eba9d947c5a83e33cddad8aa"
"local-artifacts\data\fund_accounting\.cache\pval\20260121.csv","11679","598ce1f4b52018d44ba2d617ca9b2007eab1364d2f264e99624817fe9be67910"
"local-artifacts\data\fund_accounting\.cache\pval\20260122.csv","11912","48560b4c97c6e51ed68eb9fe55f8b61259225161a7b8699bbb674e94ebbbbefa"
"local-artifacts\data\fund_accounting\.cache\pval\20260123.csv","11862","258ae3840ab799b36aa9de5ae058e0368aae9a214147a4a62c7482d0025a35d8"
"local-artifacts\data\fund_accounting\.cache\pval\20260126.csv","11647","02c258d363ab52953865a082d12f99d1a5aee8e3006c9d794bc2b0c7b2a74200"
"local-artifacts\data\fund_accounting\.cache\pval\20260127.csv","11658","a05d2d5f7a78adc9a392c2f83ee4ccb613e13e8e64f6cf2f00307bc7ae1bc8a1"
"local-artifacts\data\fund_accounting\.cache\pval\20260128.csv","11670","bad271b51b4cf801bd79a8fee36aa6b8fcdfa825651b75f2d6eae4c7c7516ed9"
"local-artifacts\data\fund_accounting\.cache\pval\20260129.csv","11691","2bdcbd45eb7af21300b86ada825ea2831babe3761b3dbf03fd9f7dfac2ffae9f"
"local-artifacts\data\fund_accounting\.cache\pval\20260130.csv","11690","b19e6d6f26d05a2353506dca152b08f5c2a7e3768ca0f06246d9648ea87a21fa"
"local-artifacts\data\fund_accounting\.cache\pval\20260202.csv","11872","4a4753a5112b18e1c435113a3815d6b583f9a31a19754780a806ef3a1d79705c"
"local-artifacts\data\fund_accounting\.cache\pval\20260203.csv","11882","361db69e8e379dd7964061144e8b668b93b0203a092b7c2dcb35095ab4d1c26c"
"local-artifacts\data\fund_accounting\.cache\pval\20260204.csv","11951","2b9f0cc6314097a4cf4be6d3e11508ac37e5b7c30bc698aa049f045e3e97e032"
"local-artifacts\data\fund_accounting\.cache\pval\20260205.csv","11780","7ec0fbb4a13c452d90e20adc07fc23eedec00bd94828aff13cac7015f9bff339"
"local-artifacts\data\fund_accounting\.cache\pval\20260206.csv","12023","77053be7ddf68daca22197be120f842565199a92168346638c8c93af00b2d013"
"local-artifacts\data\fund_accounting\.cache\pval\20260209.csv","11796","ad091451bc29d22a68c1a0cc97cc249f949d856cb045be653c5920d73ae5e4d3"
"local-artifacts\data\fund_accounting\.cache\pval\20260210.csv","11798","cdcd79ec78a84fed30ad22322513de7e3e1e5a59167a494977c84bd542d1618c"
"local-artifacts\data\fund_accounting\.cache\pval\20260211.csv","11808","db278596e241fd2c2de22f792a0c34a2fbfedcbc1588feda57d9421a863e197e"
"local-artifacts\data\fund_accounting\.cache\pval\20260212.csv","12041","2f5cab2cb00247705d453fc08fbaf6c3ffa8c9be4c68219c09e38c73addb8b76"
"local-artifacts\data\fund_accounting\.cache\pval\20260213.csv","11825","4051f742b9b452ff4121293b88a718a5d1dd6595edeb54967eef806df39b3ca5"
"local-artifacts\data\fund_accounting\.cache\pval\20260217.csv","11831","acc3f3f4e478bba68ee0d61ade449caf72708c5bae9824343299146f298c4c1d"
"local-artifacts\data\fund_accounting\.cache\pval\20260218.csv","11827","0ec125a351c5d7c52a47458d910cc2d8a49caa4fd0a939edc57f01387df2630a"
"local-artifacts\data\fund_accounting\.cache\pval\20260219.csv","11815","1a5e42bccfd56a1848d5a6d6e394fdabdee8a4f9abf86bc1b6f09e6d87e392f5"
"local-artifacts\data\fund_accounting\.cache\pval\20260220.csv","12013","f6eca83b1f863a89f65ac842c7ea110ed6f4bc4a1afcccea4f9972498c3432f7"
"local-artifacts\data\fund_accounting\.cache\pval\20260223.csv","12063","b040d9d28da94c90fa841b1c252821ffd400d6a5aaaa3a4885fcd6f152269404"
"local-artifacts\data\fund_accounting\.cache\pval\20260224.csv","11843","0c7cc879a9f4ce2ba5153f1b962a12791aa47733ba850b9607b1fff076524031"
"local-artifacts\data\fund_accounting\.cache\pval\20260225.csv","11827","cc44f44c8229841ad4b6d3ce343534b0a69ba05ac9f885a16d9cb9e87ce8b7c7"
"local-artifacts\data\fund_accounting\.cache\pval\20260226.csv","11811","402c98da3ee7b73e465b4d57b770264fae58d5ace9843614d5e05a7c6b240797"
"local-artifacts\data\fund_accounting\.cache\pval\20260227.csv","11829","28d1b42e749cf325777763d7a94310f9970eff293064c7772761e8509d56b50d"
"local-artifacts\data\fund_accounting\.cache\pval\20260302.csv","12002","2918569dfa609deab511faedbee59baf4e19461ee2bd904e8cad02159b7f274f"
"local-artifacts\data\fund_accounting\.cache\pval\20260303.csv","11990","4e17fb4f86d8f62114983e05d523e27cac71fcd9877b881c0b3915ddc90ec8fa"
"local-artifacts\data\fund_accounting\.cache\pval\20260304.csv","11979","c99a2600f52aad864b779ea0c66337549c0c6e6dcd032af7d86d9e96b65ee336"
"local-artifacts\data\fund_accounting\.cache\pval\20260305.csv","11962","e7ce26628ca818da882c5d35abca3d024d03b33e86ea16367e348982112650ee"
"local-artifacts\data\fund_accounting\.cache\pval\20260306.csv","11969","86afcc3f5c77ff8d2d922952352cfe734aa4c09fdca3371dc0385408178a12bc"
"local-artifacts\data\fund_accounting\.cache\pval\20260309.csv","11800","6f73ee30c6ddae1d0583e24fb97a2a7a58fdcae4dd8cc40381b9fa5c251eee4f"
"local-artifacts\data\fund_accounting\.cache\pval\20260310.csv","11814","89a378df55bb41fbe764bdc2fb7e1cb2db7abf9d466f048ad219767d5e0644f0"
"local-artifacts\data\fund_accounting\.cache\pval\20260311.csv","11802","871833b2174d77fa05ab5efbbe4e411c10d7e38c304a5812c07690a0b03dc8cc"
"local-artifacts\data\fund_accounting\.cache\pval\20260312.csv","11807","cf62a6e416d43952390e823a5788788d974df37010c0ee39ea4f4289250e1f5e"
"local-artifacts\data\fund_accounting\.cache\pval\20260313.csv","11995","4a577e5eb9c405649ffd34272575e267252c0e5b8183dba8d66f86f5295999a7"
"local-artifacts\data\fund_accounting\.cache\pval\20260316.csv","11802","2563b3a7dcd32fb437b8368e19f451f0ab3345d45c09d7a0db1803526b687d4e"
"local-artifacts\data\fund_accounting\.cache\pval\20260317.csv","11812","835a372eb0608a661452c2801769f46ad33c479790b70a6dd5fbbd2391f9ae20"
"local-artifacts\data\fund_accounting\.cache\pval\20260318.csv","12010","076a21b322f353d12f53b8bd77fa7dc2fdd47325c42c0636d18985b3e8627fa8"
"local-artifacts\data\fund_accounting\.cache\pval\20260319.csv","11804","385abd0794c8d5a60c818fd59163087861d2367e9d3e0b7a52e551ba3462a6ba"
"local-artifacts\data\fund_accounting\.cache\pval\20260320.csv","11816","487323f21a7a7755ccfce0010893f3b5626c6d15bf21cfbd90c33c36ef696b11"
"local-artifacts\data\fund_accounting\.cache\pval\20260323.csv","12004","479922d57a187fe277de1fe600da865ffae6b176e83d45326137b9f8847280b7"
"local-artifacts\data\fund_accounting\.cache\pval\20260324.csv","11795","4ce65577b64641c122904c45b253b8f0219ed3b809b3713fa65f70b46c2280c6"
"local-artifacts\data\fund_accounting\.cache\pval\20260325.csv","11803","f4d20d5c3ac570dfa8cebcd1c62640c87d3bcb6ef24bd61ccbdf2c6490e814b1"
"local-artifacts\data\fund_accounting\.cache\pval\20260326.csv","11811","bfeebf40eaaf1f956932f42e9ff52e9dca14314be922e69ce27957cb724b53c5"
"local-artifacts\data\fund_accounting\.cache\pval\20260327.csv","11843","fa0824ce82b8603fc2d3f889c50013a71f73064be72b4a93ac13d2b29fa757ab"
"local-artifacts\data\fund_accounting\.cache\pval\20260330.csv","11844","41aacedcc240b08162d491fd732d8f66f0a746ca6e23880c0087e503bed470dc"
"local-artifacts\data\fund_accounting\.cache\pval\20260331.csv","11815","c33627c95136d1652a5b2f3a682605b3e7509ecb3ff2d63f40b117cb08371177"
"local-artifacts\data\fund_accounting\.cache\pval\20260401.csv","12011","f25d8b1662d1c91e0cf30a6a9386e507292fa3b6ac3e0148ad4f4f99197d196b"
"local-artifacts\data\fund_accounting\.cache\pval\20260402.csv","11797","e980893f60ed1f8f158f543dbb4e7e103632ab90a18a6c1b28c5af73b5f082b2"
"local-artifacts\data\fund_accounting\.cache\pval\20260406.csv","11799","b82aa93db788f8fedae7503f2433c385c8e72883af5690fb3562830c07150a3b"
"local-artifacts\data\fund_accounting\.cache\pval\20260407.csv","11797","a7aeb10ea72e0fabd7ce2d2a994961600e2947d94f1d7b521908c5015f95f037"
"local-artifacts\data\fund_accounting\.cache\pval\20260408.csv","11812","8839fd98989fd18c81399afbdf79ebb3376c2b99322ea38c62fd27b85abcb7bc"
"local-artifacts\data\fund_accounting\.cache\pval\20260409.csv","11812","cc23dc7a3065155d8a0f0fd2bc53e1c27386b01ea41aa65b8e47b2bfc11001c8"
"local-artifacts\data\fund_accounting\.cache\pval\20260410.csv","11822","b5ec8b780d99f620a7a367d1e22c4fa692a6b3366f44144ee34afbc9ff28ec58"
"local-artifacts\data\fund_accounting\.cache\pval\20260413.csv","11809","75d74d75459eb4f8c818186ac9ec7091ffc5cbbf3a3911c7e3d7b07f8b75ddae"
"local-artifacts\data\fund_accounting\.cache\pval\20260414.csv","11807","8e3db090d5f215dc4c7aba8561161ff30f730ed265b0964a4095441300a3fdfc"
"local-artifacts\data\fund_accounting\.cache\pval\20260415.csv","11799","084fcf3193c8ccd863bf5fa376471a7e90ac42fdc7326f01fc5d898db54dc98c"
"local-artifacts\data\fund_accounting\.cache\pval\20260416.csv","11799","a0fc7b553ef271fa1fe7813c03f437243b2624c5bd56b9ce9436d938d47ebc8a"
"local-artifacts\data\fund_accounting\.cache\pval\20260417.csv","11805","908a158a340927404e86da94c624ccbb2a302d6a23b2c780cda7fa823860f964"
"local-artifacts\data\fund_accounting\.cache\pval\20260420.csv","11803","f113c1b330b624fdd982845965cef675814d6641cdc1795653fc5f760618113b"
"local-artifacts\data\fund_accounting\.cache\pval\20260421.csv","12024","b937418fbb0a46ee48e19de1d939933e28877ae086ceb3821aaad74c5210ddb7"
"local-artifacts\data\fund_accounting\.cache\pval\20260422.csv","11823","3b1c8201d5a740424279c2959e7db260c18676601ef10f016f642bf87923ba75"
"local-artifacts\data\fund_accounting\.cache\pval\20260423.csv","12042","fd14f2c85589e06d3b31b15255dc3862cf570347f9f0a3708d43ed61556ebee1"
"local-artifacts\data\fund_accounting\.cache\pval\20260424.csv","12080","a132317e74155470c169bb25d233d5b270ed1a81692853f40d8dc0a28398f432"
"local-artifacts\data\fund_accounting\.cache\pval\20260427.csv","11874","de79fded9d57d238dafcae42bc78c20d4a87f608da894b8f539793376bd0f872"
"local-artifacts\data\fund_accounting\.cache\pval\20260428.csv","12081","1eace7104add93cb171f0c6f5a728511a79aba2945edc4ed55538b4ca4882ac6"
"local-artifacts\data\fund_accounting\.cache\pval\20260429.csv","12109","9b946b50980c9d2bb4449fadb1e492cd8f6aa9adbd99d9777dc9418be4dde524"
"local-artifacts\data\fund_accounting\.cache\pval\20260430.csv","13995","ffbcd6f8535df15e42c3c1ed03a44de41452a1a278c891c76b3b4cbfaa92f631"
"local-artifacts\data\fund_accounting\.cache\pval\20260501.csv","16925","2d0f66a59a560e252d1bc5b064c3c8990aa8ae22bd05186d35e1608026b2a4aa"
"local-artifacts\data\fund_accounting\.cache\pval\20260504.csv","17833","f6b895c100500746f60f00e45a4381e642299e021d46c1eb9755e6fd05fd7b27"
"local-artifacts\data\fund_accounting\.cache\pval\20260505.csv","17242","4ea4fda0512f00b50fdf6d8543f6a6cd2b5c155d7b96b0cd713d6a3c90bc8e83"
"local-artifacts\data\fund_accounting\.cache\pval\20260506.csv","243315","57bb2a7ddaaad776a2ac77175bd41f5b615aeee35f17dfd4cd67f424b5f1f117"
"local-artifacts\data\fund_accounting\.cache\pval\20260507.csv","247867","aaa4bae58fea9bc11f1ee0cb16f8e4fb66484d15b6645682a3353e5b720a6cbd"
"local-artifacts\data\fund_accounting\.cache\pval\20260508.csv","244428","5b7dcf7eba08ddff145e69fb32543fc18b2aec4b6b743e4dcaf08705f20892bb"
"local-artifacts\data\fund_accounting\.cache\pval\20260511.csv","242811","35dc8d04573cf9cfac2f806dcab0876fa61c1026e47ad60f6daff4478a69f97b"
"local-artifacts\data\fund_accounting\.cache\pval\20260512.csv","243415","c38826094f00c1f14e7a42c9593956e78caf7f71e735b2f141dee605b69f592f"
"local-artifacts\data\fund_accounting\.cache\pval\20260513.csv","243842","433d0b757b1b499711df1b34fd29adcb725518a94c727df66e35074d932da933"
"local-artifacts\data\fund_accounting\.cache\pval\20260514.csv","243410","21c82e5efb400250c817c3fa4506d39f45de76bdf2d312414b6e361ec2a9d7e5"
"local-artifacts\data\fund_accounting\.cache\pval\20260515.csv","244194","82e52bbb60e6a971a66e57f6af6972f334f43f5972b1d642370ec52b30ebd059"
"local-artifacts\data\fund_accounting\.cache\pval\20260518.csv","244522","cccb381491a189fdf2e2b62114744e4769b12f3c2d5cf98a7f5cd00e18d49bd0"
"local-artifacts\data\fund_accounting\.cache\pval\20260519.csv","246219","c85e9ac12e72c0ff7c73212c8762cd890e455e94cbbb2b3fe0ef58ae9b0009d7"
"local-artifacts\data\fund_accounting\.cache\pval\20260520.csv","246279","ad9d23922cc8c732362813a5d6dcaadb0a8ba0903e141b73749302859f54a2ef"
"local-artifacts\data\fund_accounting\.cache\pval\20260521.csv","246002","6cdffb32166e184aae05cbf4fe292d35a4e81a0c88b8da3965421b7aa46d11cf"
"local-artifacts\data\fund_accounting\.cache\pval\20260522.csv","246473","0d93572e027285b52c8c91cbb9fc1120344bd6794a758a53d8f33018bca4fd35"
"local-artifacts\data\fund_accounting\.cache\pval\20260526.csv","246530","7ff6161ffbfeea0838395aadc41643105286c5cfe61e05d8533aec57c06b2640"
"local-artifacts\data\fund_accounting\.cache\pval\20260527.csv","246351","954d8633d5a62f1bb11d54eeacc7256df149a199b1a22b9a720f832012e788b0"
"local-artifacts\data\fund_accounting\.cache\pval\20260528.csv","246230","72e15b3d4871472060122088c2bf09a3cdb8caeefc26bdaa7bd0acddbb267620"
"local-artifacts\data\fund_accounting\.cache\pval\20260529.csv","246969","129324e408f311a75de978bd2ab05095d72755f4c4c8e4c4ca75d5d8a900a4d2"
"local-artifacts\data\fund_accounting\.cache\pval\20260601.csv","252009","51220725d9204de8e20238ef3bed9c7acd756c6be029bba520717a82f3d38f07"
"local-artifacts\data\fund_accounting\.cache\pval\20260602.csv","262443","768173fec6c01306679c5026a0babc61063cde85ef5b1da52b13efee68cabe53"
"local-artifacts\data\fund_accounting\.cache\pval\20260603.csv","326710","f0315b593832095446ec227743e0bdae5e17c4e3cf9054d49066aa9794adc6e8"
"local-artifacts\data\fund_accounting\.cache\pval\20260604.csv","408562","04d2a68e234a746698228a3e2c1a604f41d32ab5d56a7957578b4611e27bf24e"
"local-artifacts\data\fund_accounting\.cache\pval\20260605.csv","409238","80cf4f25607103b76b3cd39bb0bf311061fd018d1ce5df7bc2d6c56a54527781"
"local-artifacts\data\fund_accounting\.cache\pval\20260608.csv","409305","71086ffb0ecc9d1c95e57a5c2fb2bbe6a01f537a0256230765470a4374000236"
"local-artifacts\data\fund_accounting\.cache\pval\20260609.csv","372936","4fc2dbb20ae004e8564163d5d50a6edb26c0ccb539ee30fe4070d652a061aaaf"
"local-artifacts\data\fund_accounting\.cache\pval\20260610.csv","412582","5a6962b6e5b53320e7a722f0675d7f09faaad2189b5201d7d63a77e4298c9801"
"local-artifacts\data\fund_accounting\.cache\pval\20260611.csv","417238","2a0ffe7f091c0bf7b9bc234a0978c2c0859b537e57a97eba73385c79804a7972"
"local-artifacts\data\fund_accounting\.cache\pval\20260612.csv","417148","6f7c4c20c95805bf6278e5b07f60352bf50dc7d01527dc8fe089ed2c1754756c"
"local-artifacts\data\fund_accounting\.cache\pval\20260615.csv","443383","3008665fd3c33c3edfef281d0975ec1cd161e3197835f61da29a6b276e647324"
"local-artifacts\data\fund_accounting\.cache\pval\20260616.csv","443590","59b3072e0cc2cae80189619793b9ff5c82d2918b62658b0776028c34076d4dde"
"local-artifacts\data\fund_accounting\.cache\pval\20260617.csv","470640","36432702a754e4d2708e9affc9293adf3b21e7fa01dbe679bd976551adb0734e"
"local-artifacts\data\fund_accounting\.cache\pval\20260618.csv","476408","391698da6b78b0a6d68621f7243b9baf55b18bc81dec4d41cc396af77e1f9114"
"local-artifacts\data\fund_accounting\.cache\pval\20260622.csv","477182","208a7bfdc2c071c50f4eb68ff0e1f61ee059b459b3b97cf7ff3bbd9c35502f6b"
"local-artifacts\data\fund_accounting\.cache\pval\20260623.csv","478555","012cf38120083f4eb361f111973a0515b3f04e591479d8eae7f0c22140921ce4"
"local-artifacts\data\fund_accounting\.cache\pval\20260624.csv","493749","b51eee4853a3fa1cee9f2e9de2079e079c135292529e2f82522b8098032adb7b"
"local-artifacts\data\fund_accounting\.cache\tb\20251229.csv","1803","ee07ae69b69b6e779c2f440da2b5a408cbb919abe904b1b8f0e5add126e10022"
"local-artifacts\data\fund_accounting\.cache\tb\20251230.csv","2873","994c6f4f37745f8c9e77e3af13e4bae7c1aff1dde77d4f313d2312b134a0771b"
"local-artifacts\data\fund_accounting\.cache\tb\20260102.csv","4786","b370376b5361cb928d44fb8873029b060a367e8b3baa7add721a66f87ef0b26d"
"local-artifacts\data\fund_accounting\.cache\tb\20260105.csv","4505","466aed379044fa950d0472080be8b4b77be1e81917f40e5e61e08c555ffeda45"
"local-artifacts\data\fund_accounting\.cache\tb\20260106.csv","4177","609bd6cfa231a411b44e8a13932298d43ff6340b8c18461af4a8ec4f57ea610d"
"local-artifacts\data\fund_accounting\.cache\tb\20260107.csv","4766","958bfc8d76f31d13c2161b5c76e837c7fb8457394e1e33d6941d413aa9ec6d27"
"local-artifacts\data\fund_accounting\.cache\tb\20260108.csv","4638","115e4e139acf23da80dfe0bf9a32bb4cf68725f11399de334e49ec0978822e44"
"local-artifacts\data\fund_accounting\.cache\tb\20260109.csv","4591","8e837df2762d5eae926d6dc05ecbf2d7012cac9d3fa0b3e8acc0d5a446b2b2d6"
"local-artifacts\data\fund_accounting\.cache\tb\20260112.csv","4321","26d5455c41cab6932f5c9b68d2c76b11b4f037a3775350b57ecf5c30610edddb"
"local-artifacts\data\fund_accounting\.cache\tb\20260113.csv","4322","1352617e8c79ff60b78511b8bff210758bc6ed304894463c61ec9bfc5176cd43"
"local-artifacts\data\fund_accounting\.cache\tb\20260114.csv","4399","26176949b237fad721da167a12edb0e92a49bd479ab5ad3186d4cf249a7d6c7a"
"local-artifacts\data\fund_accounting\.cache\tb\20260115.csv","5518","79ccacf0b886303e135b998ec55f45dee310869a928aff371f306d2c752821f8"
"local-artifacts\data\fund_accounting\.cache\tb\20260116.csv","6984","97f434af659a61077b521bc8fb82e9b977218f6f9a5456efd0753813b3dd99db"
"local-artifacts\data\fund_accounting\.cache\tb\20260120.csv","6407","c137c67b7dbbb9b4b8923b85a6eb4a877ffcd5c689b858d424818a43883c5acc"
"local-artifacts\data\fund_accounting\.cache\tb\20260121.csv","6742","6d8bdcde3fed46394468d71f1af68d4a59738b5892aef3f33c5bbfd52b6439ca"
"local-artifacts\data\fund_accounting\.cache\tb\20260122.csv","8274","4ae652d6b8bdbabe49170b34c14ceab08cd9196e66494c55bf0cc12519c08145"
"local-artifacts\data\fund_accounting\.cache\tb\20260123.csv","7948","7c3a9ee0b072f4cfdfe3c28f85258830045284986831e5e7fa85b55d8fe03ed2"
"local-artifacts\data\fund_accounting\.cache\tb\20260126.csv","7559","ff8fa2a719ebe3db62bdc967d76885226478134418447ca51c57c33c083aef58"
"local-artifacts\data\fund_accounting\.cache\tb\20260127.csv","7120","4473be0f6460d12236f1b3fc5a450c348d8edb9f6d98d79b4ca35ef03fdc60b5"
"local-artifacts\data\fund_accounting\.cache\tb\20260128.csv","7126","18b7ffd9e12b9b0b4e3dce57c95410e6836191151829085a0e8b8bf88ec6f594"
"local-artifacts\data\fund_accounting\.cache\tb\20260129.csv","7133","3af701e263078607c2d1388aac8be12162cc68bd1c97bed5d1c5a6f04911cc89"
"local-artifacts\data\fund_accounting\.cache\tb\20260130.csv","7723","5abab2ddcb2a7de9772bc0b7c0eed5b4152abf6ed5b47397cf3f47da7e920000"
"local-artifacts\data\fund_accounting\.cache\tb\20260202.csv","7150","6f6e5b55edd511735a4f38a3844bbe5f772c0f0d54dd301874a602f8ba0bcd99"
"local-artifacts\data\fund_accounting\.cache\tb\20260203.csv","7360","8aabccaf74aee10c9fcb0f43eb3a1ebf1772327dff0292ed72232fdd9283096f"
"local-artifacts\data\fund_accounting\.cache\tb\20260204.csv","7843","0b0bde30e86a0ea979d45711c8744bfd832793d72157f0afb22a89bddf31c229"
"local-artifacts\data\fund_accounting\.cache\tb\20260205.csv","7694","a1a70057cabf14606abab1f5b0b8260b5f7db16baf631bdc70d0adf486c552b0"
"local-artifacts\data\fund_accounting\.cache\tb\20260206.csv","8372","310f9a5d2721cd44cd58ffcaa365594e91c77d7603247bebbf7ef0c307091834"
"local-artifacts\data\fund_accounting\.cache\tb\20260209.csv","8188","b23d12fe16bf0bf07c5f21678ae0a9d01bdfa75faa6df68dac8f87652aee0908"
"local-artifacts\data\fund_accounting\.cache\tb\20260210.csv","7493","166fc0318dbca3448d3cf7075fc106f02b3b94e812ca4fe90dd82e43a34cf5cb"
"local-artifacts\data\fund_accounting\.cache\tb\20260211.csv","7344","141777b954dacb18f19499c0ecd6d1a6cabda6c617e3e9a141c7590ba7ebc17e"
"local-artifacts\data\fund_accounting\.cache\tb\20260212.csv","8132","d59b30402bcbf4e45e8ae35726db7523a718f7669fd505cedabc74cea6eb2c1a"
"local-artifacts\data\fund_accounting\.cache\tb\20260213.csv","8115","b51bdd37e6cfbfc290354f090b80191b455736b0999cf0f1e5fd7bd3e8b42f36"
"local-artifacts\data\fund_accounting\.cache\tb\20260217.csv","7908","19f6fb117e2474609d029d63a80cc4d9edf541e8dca00d8a30f1ac60df4028b5"
"local-artifacts\data\fund_accounting\.cache\tb\20260218.csv","7420","3dca90e29586a1483512001de7d25234e0a3e496eb2c9186b962758aa141d7c1"
"local-artifacts\data\fund_accounting\.cache\tb\20260219.csv","7232","92163c05403c0ae903e9c22d3f57318fc37731b90d34ee7a55dc3493f67de855"
"local-artifacts\data\fund_accounting\.cache\tb\20260220.csv","7977","5f417a059bc4b04e4bd45fb541f0cbf8d6615b1affa13af9bc414399aa32d4a4"
"local-artifacts\data\fund_accounting\.cache\tb\20260223.csv","8224","ccaeb1b6ae631fad76947fd567a9cd33e7d4abf6b24583ae163a1cdf8c93956d"
"local-artifacts\data\fund_accounting\.cache\tb\20260224.csv","7664","407d0e5c0df3a7320f8357e92bd1fcec4521c3b591e2111477fc3ec5fce085ca"
"local-artifacts\data\fund_accounting\.cache\tb\20260225.csv","7961","77719ad2415069cf8ae0b9a4295c34394cf9b4bc7b8d46932b73403529d81813"
"local-artifacts\data\fund_accounting\.cache\tb\20260226.csv","7641","515bb9760d037f3d0ce304b27893b663d393b73aef74e05fba25393371aa121c"
"local-artifacts\data\fund_accounting\.cache\tb\20260227.csv","8226","3ab95a069e35d1e4e18da929b848a882658b39ff98e8996080a069e62cddb793"
"local-artifacts\data\fund_accounting\.cache\tb\20260302.csv","8239","f66d37cff28b3430e69b9b1d5ee8388e7a4f9548377d694cd936d6ec62a9c25a"
"local-artifacts\data\fund_accounting\.cache\tb\20260303.csv","11531","49d5787c9769ba724ada0ec3e68b9c8395d0f8f610349cb00e0dc2b01f7886fe"
"local-artifacts\data\fund_accounting\.cache\tb\20260304.csv","11136","34226e6800d59b21e8b32bdf400bc11cb45ea265b8f43087ec4fec62a7a76791"
"local-artifacts\data\fund_accounting\.cache\tb\20260305.csv","11215","34a95c4ada5bf5ca548fc33db83534a3ac279c77108172d2b3f9f3e42d89fd88"
"local-artifacts\data\fund_accounting\.cache\tb\20260306.csv","10861","99235eeb440ae3ad0b12f1da3e783d760cbedb89c0d197b2c748f356a510d8d5"
"local-artifacts\data\fund_accounting\.cache\tb\20260309.csv","11088","67d1f9711c1bfef164800e7f715c36563b96b65134fe3d28113d8814aa5c18f6"
"local-artifacts\data\fund_accounting\.cache\tb\20260310.csv","11318","8cfba84f24ee943a9ceb3497686c2f6f198569df67fe85927df3f4aeef981c33"
"local-artifacts\data\fund_accounting\.cache\tb\20260311.csv","10961","38459b0ce786d86347b15b13547779a5b47b275a025a955bc8d2fb487675ec41"
"local-artifacts\data\fund_accounting\.cache\tb\20260312.csv","11690","e8127484b58368e53a394f80e2da90556aa8d1fa2cbf341b7950d64ec97675ab"
"local-artifacts\data\fund_accounting\.cache\tb\20260313.csv","11022","e8fdaa27ebe1dac1bbc0b158d5f8fdac573d40429e2b6e3532536cb749ad4561"
"local-artifacts\data\fund_accounting\.cache\tb\20260316.csv","11279","76e44acf1774e8c14071e434d4a9ecbea82a7f71f4e7da1b1e1fa45ab2c1657c"
"local-artifacts\data\fund_accounting\.cache\tb\20260317.csv","10955","fb7a648aef0b2ca2ae767bca3b0454d3f99860cbc4c24a2d1e591f6dd1bbb161"
"local-artifacts\data\fund_accounting\.cache\tb\20260318.csv","12239","dffdde5f9d001adcaf3600fb5c00a676c84fa59061a4e2464f187c1c93902c8e"
"local-artifacts\data\fund_accounting\.cache\tb\20260319.csv","11438","19cb32dffeb98843cfd864379ca515c2802d5d9a5cfc19cfb46b5e9d79cd1c6a"
"local-artifacts\data\fund_accounting\.cache\tb\20260320.csv","11004","ce019cba1d653b3484bdd8a20a9ed63578f2382495868c8114f9a0b844220d08"
"local-artifacts\data\fund_accounting\.cache\tb\20260323.csv","11445","26770835cdd90303d724c6eaf26d3bb039f65d2846e96a2828a0427e6f516f35"
"local-artifacts\data\fund_accounting\.cache\tb\20260324.csv","11583","6ab7204c6277dcc5cd673919059a41c5c0cea3d1ace5eaca867d5edd294d55ec"
"local-artifacts\data\fund_accounting\.cache\tb\20260325.csv","11234","65265a5088b5f4bf4056615a05ab9a59aedf3d838372e7d24494e85d2f5bdd3c"
"local-artifacts\data\fund_accounting\.cache\tb\20260326.csv","11234","d23f03f825cb28ee651485143666d35f01155aaf585f5fd50ee24801ee1b743c"
"local-artifacts\data\fund_accounting\.cache\tb\20260327.csv","11335","d3ebe36d95d37e1cf637e842fccb05471182b89c0c06c3981980483505044a38"
"local-artifacts\data\fund_accounting\.cache\tb\20260330.csv","10831","9e21783a55ff843841293bd98b01be5d558da87a86ee9454a18ec703b4f00903"
"local-artifacts\data\fund_accounting\.cache\tb\20260331.csv","11268","78eebfa3129dd0b9974c72a1a5d7c9511c6c12b5dd6d679f9f3510a5653d3c27"
"local-artifacts\data\fund_accounting\.cache\tb\20260401.csv","10997","00530acfdffa76278af9fe7a0cd93a0dd1296a43e629f7896b6898d0825e2362"
"local-artifacts\data\fund_accounting\.cache\tb\20260402.csv","12003","094fcf7479e065d13078024bd7a65baefa6fe87115c3b48b423f3853cb7e07bc"
"local-artifacts\data\fund_accounting\.cache\tb\20260406.csv","11362","b90255abd5c6637ed758321e01817e7429e82d71685915f675d75a9a69d381b4"
"local-artifacts\data\fund_accounting\.cache\tb\20260407.csv","10936","adee95723314fa2377c7bb273bcd6eff9027209edf5a81ad21a09a7c2fa18f09"
"local-artifacts\data\fund_accounting\.cache\tb\20260408.csv","10971","23d1fe44715c74d7023220e8d68b75073eb752370d05b3f36847f04fba984f07"
"local-artifacts\data\fund_accounting\.cache\tb\20260409.csv","10989","c265c8b57ede7d7c42c1dd8cf5e47dc807ff0c1acf81edf880d9fed7ec1dfdf9"
"local-artifacts\data\fund_accounting\.cache\tb\20260410.csv","11222","bc754abc6a552f489f549dd4e2590608a1608f3e7a9682fd0d0811fc186641a9"
"local-artifacts\data\fund_accounting\.cache\tb\20260413.csv","10973","803dce1ebe2188435bf05827579653d1e6b3f0c894284c9f205375e39b0690de"
"local-artifacts\data\fund_accounting\.cache\tb\20260414.csv","10966","7d764f3872a53c6aaf48bb9ada5ca715a3a828749467e3981e4b6d037dbc2a31"
"local-artifacts\data\fund_accounting\.cache\tb\20260415.csv","11213","af6f4c34ada36b92ed11f7028f55e289b21c2fce35ea307f32ca4e5d9b52629e"
"local-artifacts\data\fund_accounting\.cache\tb\20260416.csv","10959","276545c25cbdd9f471bef17f69eaef95dc3abc4902aa58d4abae11a9b44d03a1"
"local-artifacts\data\fund_accounting\.cache\tb\20260417.csv","11032","bd30f41a9fd094248dbe1de8e2c80d368e84fa1c314b23553281a75447cc7b76"
"local-artifacts\data\fund_accounting\.cache\tb\20260420.csv","10946","cb6dd3a020491bd53f3d4314d79f21f0c2f59d29f24215873c7d4cc2fd885f11"
"local-artifacts\data\fund_accounting\.cache\tb\20260421.csv","34527","928a6c44552667e788cca9450c16850c6b22c8dcd4bfac31635be106df0416b7"
"local-artifacts\data\fund_accounting\.cache\tb\20260422.csv","33485","7f3a027161f59972eb284c181fde2b86f2eb0f1cf1df616e8cd3eb9af45814e6"
"local-artifacts\data\fund_accounting\.cache\tb\20260423.csv","36706","bab8531351091fc9f83e21c838cf4510d0d39eb60b7b0d03d606fc8f45560d9a"
"local-artifacts\data\fund_accounting\.cache\tb\20260424.csv","37059","2f800d4c2fb30b5a1276960e138f1b52623e39f825e491f48a86fde4902441d3"
"local-artifacts\data\fund_accounting\.cache\tb\20260427.csv","39250","c9a0aa75b5d6cfb37ad1b487326337b9ff3abe4c6f9017cea9f5baf7d68ffebd"
"local-artifacts\data\fund_accounting\.cache\tb\20260428.csv","41805","78242adc54c71c25ebdf22459a2074fed059bb4aa5ee8ad99f44aca15872b6b5"
"local-artifacts\data\fund_accounting\.cache\tb\20260429.csv","42379","b008ad5b4613bed2156307f4c154431a70f7d51d831c580106c6ecb82ad3a5e7"
"local-artifacts\data\fund_accounting\.cache\tb\20260430.csv","49481","7810e2cf9063b22c2a4fa05af43b555e6bf118fda5b72c6ae1afb96407fc9885"
"local-artifacts\data\fund_accounting\.cache\tb\20260501.csv","51721","6429bdddb36a7757c4ea8f4758324538ea185ec463a194d0e253e52592ffb71f"
"local-artifacts\data\fund_accounting\.cache\tb\20260504.csv","57641","ca3e089581f783fa7100d1d0cd9b1ec945473d32a31df3e703560955d28d504d"
"local-artifacts\data\fund_accounting\.cache\tb\20260505.csv","60780","98191c6fbc3d184e178720bad970b0c7cad31cf992d19fc9da87762c2d856fb6"
"local-artifacts\data\fund_accounting\.cache\tb\20260506.csv","123036","ef0966b73d7399643604a3a54ea27954a3d94bb528dcf21c0b84a6cd0d2d251c"
"local-artifacts\data\fund_accounting\.cache\tb\20260507.csv","150270","535e9fecffb1f1d05aebd4c92644de95630ddfcdf6e09155feaca625812783d3"
"local-artifacts\data\fund_accounting\.cache\tb\20260508.csv","150052","06fd7cedf5fb7e83f412b456a10d0643842b680d31fb23e8b73c4e2f6b9e0979"
"local-artifacts\data\fund_accounting\.cache\tb\20260511.csv","139417","0b6e8571e210d952e7e54bd02f153720c0fa751591489ae77f40a15570074f52"
"local-artifacts\data\fund_accounting\.cache\tb\20260512.csv","138886","1d313c4678631d06d9ae0669b36d47daecc6f5a097c296611150c787a0adf5c1"
"local-artifacts\data\fund_accounting\.cache\tb\20260513.csv","140052","2990ccb13d8980ab74fc88443c4643a54a1f3e23cbb96cca047154b2e79533f7"
"local-artifacts\data\fund_accounting\.cache\tb\20260514.csv","139762","5f2481d30406ef4923bbae43ffa6edcc2174fa3902836367dcae328e87d8480d"
"local-artifacts\data\fund_accounting\.cache\tb\20260515.csv","141639","1ac2b5eda5b53bb7192018413b6b64da5b6bfa718404e86da277ff9795a3aa56"
"local-artifacts\data\fund_accounting\.cache\tb\20260518.csv","143990","c3e28f51768bec7edcb420798967d80e44670e4d613efcd62f13228240970100"
"local-artifacts\data\fund_accounting\.cache\tb\20260519.csv","181103","674f5c5fc9114a165d65dc491c88a1bc6edc79e7683d3ba0204f42c58bcf320b"
"local-artifacts\data\fund_accounting\.cache\tb\20260520.csv","177927","f2a80d1ecdf26c92a003dfca3d0cbc345bcdd943ddc80a556cea5a46a9c0bd7f"
"local-artifacts\data\fund_accounting\.cache\tb\20260521.csv","180176","af5ae0a69dd99d166974d84e0614d911b3e97a98657ecdb25dab44d483044848"
"local-artifacts\data\fund_accounting\.cache\tb\20260522.csv","179938","b6781647195cdd1e12a275e216efb29917e4e80bb9a53b9713ecb7f6be3dae39"
"local-artifacts\data\fund_accounting\.cache\tb\20260526.csv","179972","30c5f04c0769b22b8d8e7ee54d7afb758321a6e61a59359d70cfd618b99e1d7e"
"local-artifacts\data\fund_accounting\.cache\tb\20260527.csv","181118","cdd6991ea1a292c33a2038e3c31b1a293c3b6c2643e4264f94fbe11a628c8da5"
"local-artifacts\data\fund_accounting\.cache\tb\20260528.csv","188489","1a41cafc9f482ba334801ebd7eab7ad51380e4842d02214c8fde5cdfd6a51b75"
"local-artifacts\data\fund_accounting\.cache\tb\20260529.csv","191239","9f49b482f044f839e613b083d62911396d5bf31db25ea4a4336f17f5421e894b"
"local-artifacts\data\fund_accounting\.cache\tb\20260601.csv","200687","29b94a56d0fee00e8edeb2e313751dc5b6590f2699426dc178e2a18422ac709d"
"local-artifacts\data\fund_accounting\.cache\tb\20260602.csv","221169","5134294b1a5d8cf15f2874c351dc99d56538645d1c51a02d1aae16f1e22e9b96"
"local-artifacts\data\fund_accounting\.cache\tb\20260603.csv","306668","13d86bb4348450b9e3f79cc9fd568962dd211cbaa7431e174927a20e6a5d4eda"
"local-artifacts\data\fund_accounting\.cache\tb\20260604.csv","336856","8f68341b53b277e043cf7bcfa650a5973a5c40a40b8b691dd96b2dd5fe66e4d2"
"local-artifacts\data\fund_accounting\.cache\tb\20260605.csv","334169","e1edcf2add77e3d07be10b38fa9bd5e675c9fa6a6bb7cb9aba07c50a57671c66"
"local-artifacts\data\fund_accounting\.cache\tb\20260608.csv","328551","9739f8a7de626a8cadbb540720390b91a2cf8161b00acfa37decd1e8c3838b25"
"local-artifacts\data\fund_accounting\.cache\tb\20260609.csv","344167","c9d1bbb2f5221e0df5b984a180546cede2949fa1056c1791d480a127050a864d"
"local-artifacts\data\fund_accounting\.cache\tb\20260610.csv","352288","b678cd571ad2a7eca80ba2ed19b875e97b7ff08ec118e1f8dc2a4a36d0782fbf"
"local-artifacts\data\fund_accounting\.cache\tb\20260611.csv","355668","01423f0a3821bb2a36222d4246ab4c039ffea7ce53fcdb561d653852ecc7649e"
"local-artifacts\data\fund_accounting\.cache\tb\20260612.csv","353518","2ac77ec58a8df4bffc89a64badad758127eb0c712f4377af57f5e8ba0c248959"
"local-artifacts\data\fund_accounting\.cache\tb\20260615.csv","355927","f5b30c24ad05b5396e0715f739b83a64046119763bee567367b17f5ce8352cd9"
"local-artifacts\data\fund_accounting\.cache\tb\20260616.csv","353360","ad82b53173794b996145b5f83c4d78b2f5d356418cb67aaab36e34c8abb2d48e"
"local-artifacts\data\fund_accounting\.cache\tb\20260617.csv","358984","42ff9420f9f1977ee24985a5b124f4a859e460b8a043c38cce42f69863ef25e8"
"local-artifacts\data\fund_accounting\.cache\tb\20260618.csv","358377","7c388e43d97a51deeb432135ba90ac49bf60705ded46596f5844e964a6d167ae"
"local-artifacts\data\fund_accounting\.cache\tb\20260622.csv","387793","8549803816cb4ff65bfe0a3c36c0156335506879ba6b28c59d89280d305ddf69"
"local-artifacts\data\fund_accounting\.cache\tb\20260623.csv","393466","2c0b5c35fc0cf5f81a88dea64acb11642a940773ec942f55d0c2fccd55302dac"
"local-artifacts\data\fund_accounting\.cache\tb\20260624.csv","424419","3fb8fa92f35c44493f13b4fabaea59eebf2496ba7c3bd2af46ddf2e0407ce28a"
"local-artifacts\data\fund_accounting\takeout-20260625T000453Z-3-001.zip","33730521","1a5ae77ab30ccd405640ca123c717855f105fb0831227a532dbe5f6e2f3de1e1"
"local-artifacts\dist\.gitignore","1","684888c0ebb17f374298b65ee2807526c066094c701bcc7ebbe1c1095f494fc1"
"local-artifacts\dist\nport-0.1.0.tar.gz","134085","94ef5f369370cd65d90aa061c170fc29d775f0d76b6e996ed838dbe09f4e4d93"
"local-artifacts\dist\nport-0.1.0-py3-none-any.whl","99862","8692b5ad69e31e567e4971ef711c849b58f29c75e6575bb8f6bb3937b958b92f"
"local-artifacts\docs\NYNY.xlsx","12458","c02d28929b5f0fc1d4fb5fb5e72249341ab0e5bd5a9756d6a2993e4ae7387bc1"
"local-artifacts\final-verification-cache\pytest-cache\.gitignore","39","e7c6bb30148cf667606dcd63e7ca77acaa3cfb0c8303bf09e6419e1e1669dc6d"
"local-artifacts\final-verification-cache\pytest-cache\CACHEDIR.TAG","191","37dc88ef9a0abeddbe81053a6dd8fdfb13afb613045ea1eb4a5c815a74a3bde4"
"local-artifacts\final-verification-cache\pytest-cache\README.md","310","420e808d79a6c25d3cda0af33bc4782314a14949866682c68ce8149e89b66b70"
"local-artifacts\final-verification-cache\pytest-cache\v\cache\nodeids","3423","6e5740b5be6c0f5c31177d290475265dba2de06b00b4612e9e5ed2b70e3b0522"
"local-artifacts\final-verification-cache\src-nport-pycache\__init__.cpython-312.pyc","149","4399386557cedfd62547f9c215688872fa47ff5b260fef65cf2d668451f2f8f9"
"local-artifacts\final-verification-cache\src-nport-pycache\config.cpython-312.pyc","20308","e260e9634127e1d27786089a15a198494d2c925edd599bbfe47c36c1e2b4b430"
"local-artifacts\final-verification-cache\src-nport-pycache\input_validation.cpython-312.pyc","48106","c10f7ffcbfbea8d02aa517dbfab88fd09330fed53299ff996c174146ca440ef3"
"local-artifacts\final-verification-cache\src-nport-pycache\models.cpython-312.pyc","8060","76d51ce4bd90bba816bb133c10216c06e428a7cc14e5a7a4f65959a8e5134b68"
"local-artifacts\final-verification-cache\src-nport-pycache\schema.cpython-312.pyc","15545","f908afb9cb4a15fa20ac68c3e8f1cd3fb66a2fbaf8214be0d451b439c3907f9f"
"local-artifacts\final-verification-cache\tests-pycache\__init__.cpython-312.pyc","145","7d6832ac9963bb15ad48bffe26bd7a1bfdedae9291f603317be0fc561deef1a5"
"local-artifacts\final-verification-cache\tests-pycache\conftest.cpython-312-pytest-9.0.3.pyc","10124","0337d44b590c4ce59052cc8f18fb6f1041835df22fb7860ddd522bf4e7b15076"
"local-artifacts\final-verification-cache\tests-pycache\test_fund_registry.cpython-312-pytest-9.0.3.pyc","7528","88b8afcc9c1961313c410bf30337eb97c60fe5dc0d3a64c2523acfb7bb3aa82e"
"local-artifacts\historical-workbooks\data\funds\aclz\filings\2026-06\filing_inputs.xlsx","20916","fb3bd51fcd6ad0180604cd1c3bf43a8bc89dcce524539b30bc7cf70df974db2c"
"local-artifacts\historical-workbooks\data\funds\acmm\filings\2026-06\filing_inputs.xlsx","20902","126709cf8e3a41ec90d61f61cb579845ac9fbe44110508bab1ada4b6661af3ff"
"local-artifacts\historical-workbooks\data\funds\av\filings\2026-06\filing_inputs.xlsx","28443","9cc208c764b98801ce308b809fb9f3ae2035ef2d4883c40c2b5021d13146d5a1"
"local-artifacts\historical-workbooks\data\funds\bay\filings\2026-06\filing_inputs.xlsx","32735","d7438d642c3a24c0389b54e9575c71b354996a01d710c11fe1e7443ffdd2e09c"
"local-artifacts\historical-workbooks\data\funds\blck\filings\2026-06\filing_inputs.xlsx","27197","5cde9938ae13628a053cac4ffd30f99334418251cc552750315cdaae8c32db04"
"local-artifacts\historical-workbooks\data\funds\brew\filings\2026-06\filing_inputs.xlsx","24061","ffd6d80d77089dc4302715d9d80c4c08017b60c7c12a24efa70b850bbb66be06"
"local-artifacts\historical-workbooks\data\funds\brzx\filings\2026-06\filing_inputs.xlsx","20926","7bbd09bf382ae3f1a931fae48d70699314299cb212276198e977b3f804ef62c4"
"local-artifacts\historical-workbooks\data\funds\bzz\filings\2026-06\filing_inputs.xlsx","25637","8f6746433ffa565a66644d875b5b38df3a0663d16c8265101fc5c7bd573cfdf8"
"local-artifacts\historical-workbooks\data\funds\camc\filings\2026-06\filing_inputs.xlsx","20902","8ac28a3285e1e09d9bc348a892bf5ae5614e66fa70a7476e66693e117efb8f6d"
"local-artifacts\historical-workbooks\data\funds\carx\filings\2026-06\filing_inputs.xlsx","20899","f400437a0217073cffa115e06c7bc6002ae52d1bc5163a7ddac71d7e4ef43d47"
"local-artifacts\historical-workbooks\data\funds\cbil\filings\2026-06\filing_inputs.xlsx","27563","391e546cfae06a5d9c56b1cb36d904d6b319d3354fb81d45718e8b94d2b38421"
"local-artifacts\historical-workbooks\data\funds\cbot\filings\2026-06\filing_inputs.xlsx","25162","cc74ea7aa667bd169ac57a558a5003bd87a2c4d1b4b464670cc6133e65cd9b3e"
"local-artifacts\historical-workbooks\data\funds\ccpx\filings\2026-06\filing_inputs.xlsx","20922","052ade68a1b52c63409bae3f9ab24e79f6e0b442f1b7d782efc95087af113ce2"
"local-artifacts\historical-workbooks\data\funds\cgov\filings\2026-06\filing_inputs.xlsx","26880","88ebc91b0edc94daec5416d8bb67564469a09068b096f80d1d7616c42143177a"
"local-artifacts\historical-workbooks\data\funds\chyg\filings\2026-06\filing_inputs.xlsx","128260","555505037ee7cc3449b8edaf2636c05699f9c0313ec26ffe5232bb8e7f482221"
"local-artifacts\historical-workbooks\data\funds\ciei\filings\2026-06\filing_inputs.xlsx","49935","78b16eb8fea235b7c7d993ea9b5e422ede98def65bedee5651bbc72e4ec760a3"
"local-artifacts\historical-workbooks\data\funds\civg\filings\2026-06\filing_inputs.xlsx","132931","6479f8a41d94472d01b918ed40ac480856ed421b6cdda9687754dc403375c384"
"local-artifacts\historical-workbooks\data\funds\cjun\filings\2026-06\filing_inputs.xlsx","22881","e1e6aa383977b0bd694ad545f42d043217bb20b18c16012aad60fa16da2dac07"
"local-artifacts\historical-workbooks\data\funds\cmag\filings\2026-06\filing_inputs.xlsx","27736","0917d24da2110d3dce5eda38e2f11c6143af8710a2387d0567d0000e82c6a909"
"local-artifacts\historical-workbooks\data\funds\cmay\filings\2026-06\filing_inputs.xlsx","22878","aa378dfc9b7cf5da25500ced5c4a63f7f789783e3330290e3c28a92cf556c731"
"local-artifacts\historical-workbooks\data\funds\cqtm\filings\2026-06\filing_inputs.xlsx","23841","6d74e582fa16e57b680ddfd5109b2cbff6f5477adc781cdbda6b813f9152e5a9"
"local-artifacts\historical-workbooks\data\funds\cruc\filings\2026-06\filing_inputs.xlsx","20901","e3c68c54363cb6e2143ec288c4f217ef81f3735c241d5d74b57fedde8384364b"
"local-artifacts\historical-workbooks\data\funds\ctjn\filings\2026-06\filing_inputs.xlsx","22875","c0f50b36b56715915c75773a56436b3e735f13c435d8350d96fddbd57aa72860"
"local-artifacts\historical-workbooks\data\funds\ctma\filings\2026-06\filing_inputs.xlsx","22875","d6c9acfbfa95f6b4217e898e2fadf197fe59663232d6ccc60849ca46edb631be"
"local-artifacts\historical-workbooks\data\funds\cust\filings\2026-06\filing_inputs.xlsx","50255","225787084ccc6f84ea66274cfcd7ae3226406b3043e5bb52941495ad0f27749b"
"local-artifacts\historical-workbooks\data\funds\dipr\filings\2026-06\filing_inputs.xlsx","26288","f4922a2b934d26c026a14b7fdf0f79c19d083c75ecf97672055bd79e8b0cfa2c"
"local-artifacts\historical-workbooks\data\funds\dock\filings\2026-06\filing_inputs.xlsx","29749","7ea5807b9efc2f8eac74f0d128676bf96edf80ce6a6140e880a1b0ba0e837662"
"local-artifacts\historical-workbooks\data\funds\emjn\filings\2026-06\filing_inputs.xlsx","22880","454c14b94fbd172a69fe1322082c81701d91fb6b8c72d000289b32d5ba244792"
"local-artifacts\historical-workbooks\data\funds\emmy\filings\2026-06\filing_inputs.xlsx","22880","3b865a8312a7a0ce39cad2c0efcecddb9c5de9a4bb0e992198bec7820055a02f"
"local-artifacts\historical-workbooks\data\funds\emxx\filings\2026-06\filing_inputs.xlsx","20930","83396b271e622c40a7e46ada39d0f85ec1ae4764e54e1a231581676addb7fd42"
"local-artifacts\historical-workbooks\data\funds\euv\filings\2026-06\filing_inputs.xlsx","28511","659a5c649cca63a27e5c0600dc25bdd1ecad556a80b9b11e04f55d4fff0a449b"
"local-artifacts\historical-workbooks\data\funds\euvx\filings\2026-06\filing_inputs.xlsx","20941","239cc912c81c4000237b822eccc6e5c7e9acf2b667ad016f67d0b8989966cebd"
"local-artifacts\historical-workbooks\data\funds\eyes\filings\2026-06\filing_inputs.xlsx","27382","dd1e963d1df27d78731d12b41c54cb5c3810e9d72f0a1fa46ee8683a2432fca3"
"local-artifacts\historical-workbooks\data\funds\fdrs\filings\2026-06\filing_inputs.xlsx","30849","58cc9d0c063609bd59269aed229685e0f3faafd3679617a7567da539ed6f9282"
"local-artifacts\historical-workbooks\data\funds\fdrx\filings\2026-06\filing_inputs.xlsx","20904","3159a201f392440db950b54aa361218cbbf2473aec805ec6b522b439ab918328"
"local-artifacts\historical-workbooks\data\funds\gasz\filings\2026-06\filing_inputs.xlsx","24693","f67b90187e7c50c073c64ba7efe7568ba925b40a9770ca5eec73c70d2c7df712"
"local-artifacts\historical-workbooks\data\funds\glam\filings\2026-06\filing_inputs.xlsx","25398","4a2be62916da126329a90ef5e2466ec8e30114ce33824c8dee2259b4ee5bfae1"
"local-artifacts\historical-workbooks\data\funds\gnmx\filings\2026-06\filing_inputs.xlsx","32574","59ed46b8e1c9dbaa85b7708ecb6a74a53e574236faf1c3df12d33809f319261a"
"local-artifacts\historical-workbooks\data\funds\hjun\filings\2026-06\filing_inputs.xlsx","22261","d881cdbbd6b7a4ae0f0168b1e07d8e17514286f3ddad5db695346ec70d851359"
"local-artifacts\historical-workbooks\data\funds\hmay\filings\2026-06\filing_inputs.xlsx","22265","3f53cb881174c6d8a6518834329166decf0e2b2f120ff0b3f6f158f410eb4a4e"
"local-artifacts\historical-workbooks\data\funds\hull\filings\2026-06\filing_inputs.xlsx","29135","192821b673fd2ed017ff13b388c61e0f1090230816f102bd5c9c061fe5b0131d"
"local-artifacts\historical-workbooks\data\funds\idjn\filings\2026-06\filing_inputs.xlsx","22884","eb9d0a220b3d3fafa63af7bd2997860d19b3f908b15d4477197f0c30ce7b0981"
"local-artifacts\historical-workbooks\data\funds\idmy\filings\2026-06\filing_inputs.xlsx","22883","5de8f6180844470e92615e43e7af67426284775c705a3c8f00e8613457091657"
"local-artifacts\historical-workbooks\data\funds\joul\filings\2026-06\filing_inputs.xlsx","24074","214c5cb5a3ab67b1b9bbf4eb47e376368b97008fba3c5e4f5979f8ebb4fd919f"
"local-artifacts\historical-workbooks\data\funds\junc\filings\2026-06\filing_inputs.xlsx","22879","cfb57c30c86affffacaa2c2f7b2ffed9b7626cde5ba509f97c813c90487c51cf"
"local-artifacts\historical-workbooks\data\funds\keyx\filings\2026-06\filing_inputs.xlsx","20914","b1dc2bf574286e30cd1c7437360f48e40f3449c113bb34e9d8f789788fc077e6"
"local-artifacts\historical-workbooks\data\funds\krwx\filings\2026-06\filing_inputs.xlsx","21853","fdd56e5a5b6f373d07cd91a903f76ac25849ef65e0a94f405a913502120ec6ff"
"local-artifacts\historical-workbooks\data\funds\kyc\filings\2026-06\filing_inputs.xlsx","32137","56dde9c4cc9d82f4454725b0a5295c38ea615c531e79f81b1f614b70caedb0df"
"local-artifacts\historical-workbooks\data\funds\lasc\filings\2026-06\filing_inputs.xlsx","20900","2e9c6317cfbda4a8544dc035cbfed0cea16f68a19726c8bdcb4b8d24936f7ef0"
"local-artifacts\historical-workbooks\data\funds\latr\filings\2026-06\filing_inputs.xlsx","24500","4b0841a8e04c102ab99482d35f06770bdceea4c22c9330eb880eb0c3ac090017"
"local-artifacts\historical-workbooks\data\funds\lrnx\filings\2026-06\filing_inputs.xlsx","20896","bb8043080cc3506f63c03d31decda21984f67d81a92fd5b1ceffb7919e32563f"
"local-artifacts\historical-workbooks\data\funds\mayc\filings\2026-06\filing_inputs.xlsx","22874","bf3b41f411c292ebbf68dd166755d2015933efe53856923d9fe70bdefe1545d6"
"local-artifacts\historical-workbooks\data\funds\mgkx\filings\2026-06\filing_inputs.xlsx","20952","add6587ac5658da02808b73b86bc49d5720a5a1c1c3f2efb6ad2aa1d01c034dc"
"local-artifacts\historical-workbooks\data\funds\mnsx\filings\2026-06\filing_inputs.xlsx","20913","c277098b5406581c29cf33bc97ce0a3f966865c3070360fc2bab52111a20bf4a"
"local-artifacts\historical-workbooks\data\funds\msix\filings\2026-06\filing_inputs.xlsx","20909","456e71cc4979cd83d6af2b578a9cd50fc9062e5d5b4d144e5fa3472b2d06a257"
"local-artifacts\historical-workbooks\data\funds\nyny\filings\2026-06\filing_inputs.xlsx","32291","1c41be972f236c68dd04569126c77a840aca1576d1e9510e8e8293b1ab145743"
"local-artifacts\historical-workbooks\data\funds\oddz\filings\2026-06\filing_inputs.xlsx","25182","f7fd0c9ccb40915792b24ae2ccd218850b4ebbd40a0e874ec3c3452f97109f22"
"local-artifacts\historical-workbooks\data\funds\ontx\filings\2026-06\filing_inputs.xlsx","20914","23441b392c9fad40705ec60b8176ef09e9ad3e2b5a475c705f004092ceec7348"
"local-artifacts\historical-workbooks\data\funds\own\filings\2026-06\filing_inputs.xlsx","41504","467933c21d68c1b215527a0c2e3335034695f1ada536ea7d004997b05fcccd61"
"local-artifacts\historical-workbooks\data\funds\ptnt\filings\2026-06\filing_inputs.xlsx","26504","366ec0f514fce41a41f669bab0e7c0a55d00c05b8402c4df8d5c32e1221926c7"
"local-artifacts\historical-workbooks\data\funds\qjn\filings\2026-06\filing_inputs.xlsx","22877","3d46b65179b6b10eb772c69631ec9674c5cd8f8bb120a787775549ba2da1ee89"
"local-artifacts\historical-workbooks\data\funds\qmy\filings\2026-06\filing_inputs.xlsx","22880","e85bf755c239061b7eec4e2d3e0c5f2633dd237fee83a7390ce0dc141c05459a"
"local-artifacts\historical-workbooks\data\funds\qqjn\filings\2026-06\filing_inputs.xlsx","22888","058f3a72874fdb56c9839b4af93beb14cbf54ccab2bcf1072c1df48c4a962099"
"local-artifacts\historical-workbooks\data\funds\qqmy\filings\2026-06\filing_inputs.xlsx","22892","f4771f45fd5e835ab4a39c73996d594b8328a428fba600717a2651b04cc5028e"
"local-artifacts\historical-workbooks\data\funds\rmbc\filings\2026-06\filing_inputs.xlsx","20891","c2b85a5f37ab42b8d8a987e1e30491b4318a4233b921f0079fabff226fc5d07e"
"local-artifacts\historical-workbooks\data\funds\scjn\filings\2026-06\filing_inputs.xlsx","22874","8ab0b5a4a4fd592f9aefb05ca2a2f6ad659bfcbf043ea38379227cec650ede78"
"local-artifacts\historical-workbooks\data\funds\scmy\filings\2026-06\filing_inputs.xlsx","22866","7e71bf0557a0833e22deb53703ad939897e40ff644b9f5f32a76e918deef59fc"
"local-artifacts\historical-workbooks\data\funds\simx\filings\2026-06\filing_inputs.xlsx","20926","ad844ae9e8233b1e839e799618be1f728b1b2fdd779ead866bbd91abcdc3991e"
"local-artifacts\historical-workbooks\data\funds\styl\filings\2026-06\filing_inputs.xlsx","30192","f86864bc61563ceaa35a6644753c06af6990d2b92e91d0a497cf36b63c332d29"
"local-artifacts\historical-workbooks\data\funds\tajx\filings\2026-06\filing_inputs.xlsx","20917","2b85b7f0cbd3cd5a1ea42011bad406da7bf5c786fe35bdae07ad68f83d04ee26"
"local-artifacts\historical-workbooks\data\funds\tplx\filings\2026-06\filing_inputs.xlsx","20916","657e654024ca6d1cb2428fda1d882f105cc24292110d244802b7f1f73a153b9f"
"local-artifacts\historical-workbooks\data\funds\umcx\filings\2026-06\filing_inputs.xlsx","20922","1ad74857c3b580a8fe4f248c9a68caf08a855ea55b30fffdfa70d759c1a03ec1"
"local-artifacts\historical-workbooks\data\funds\usx\filings\2026-06\filing_inputs.xlsx","20939","0e103731bf12d4db3230451ac33d92a6edaa4aca09c84e1568e56944d1ede0b5"
"local-artifacts\historical-workbooks\data\funds\vbx\filings\2026-06\filing_inputs.xlsx","20938","613737e324056d6971bde13ab5ffaaefb32957df8c1ceeefd07e859999d7cba5"
"local-artifacts\historical-workbooks\data\funds\voox\filings\2026-06\filing_inputs.xlsx","20920","b85c752cfc925831d70631e3a23e65cd4daf7926a27ca721d0dcbbe0c46f6844"
"local-artifacts\historical-workbooks\data\funds\wats\filings\2026-06\filing_inputs.xlsx","24945","97e0f173138be0a2b5c4559abce47e88b69b018dc7e036b7d6e487cdc8720035"
"local-artifacts\historical-workbooks\data\funds\webx\filings\2026-06\filing_inputs.xlsx","20932","00223c8ac3220adbb62568849df439bc267c104e774617b41f9d0b080ed24e73"
"local-artifacts\historical-workbooks\data\funds\wndr\filings\2026-06\filing_inputs.xlsx","32306","b511dd5ba1e12bfd5eff4a240fc008d6c57ef05fb0ccc711c3c4ad8c7502c113"
"local-artifacts\historical-workbooks\data\funds\wr\filings\2026-06\filing_inputs.xlsx","32094","449f0569630906f689b2302de3f26a7ab4c179524a287a86283899bef82ea2a0"
"local-artifacts\historical-workbooks\data\funds\wx\filings\2026-06\filing_inputs.xlsx","20934","2f8cd3fdfd75d6fc7163e57599265140a3f8f9e752c8eee7efbe5a179e691c3f"
"local-artifacts\historical-workbooks\data\funds\xa\filings\2026-06\filing_inputs.xlsx","25386","3b4c0e0c7af28ebc2b47009335f59a84b6ba4bd1c3e978c8db7d845f34b5ede7"
"local-artifacts\historical-workbooks\data\funds\xagi\filings\2026-06\filing_inputs.xlsx","20959","5fffd5925fe04161ceaf50716a34b8a2cc866b2c9884f42a17d8529369d08efa"
"local-artifacts\historical-workbooks\data\funds\xbix\filings\2026-06\filing_inputs.xlsx","20944","1000ac3b86c1aec12be623f8f62aa360884768c3679a888cb5f2d156a3f0a900"
"local-artifacts\historical-workbooks\data\funds\xcom\filings\2026-06\filing_inputs.xlsx","20950","64111c04a9bf4de73102bfbc0b13515faf70ec36e39f2d6dc3e40ebda0f1a125"
"local-artifacts\historical-workbooks\data\funds\xeur\filings\2026-06\filing_inputs.xlsx","20919","11f48e1b14b47b1d1a503cf3c22eeaff17d8785dd76682143599cd6fcffb425a"
"local-artifacts\historical-workbooks\data\funds\xhoa\filings\2026-06\filing_inputs.xlsx","20933","988d4ac6b6f9062b0c389549dc956647b9917a35c3a935c8769230e350778d8a"
"local-artifacts\historical-workbooks\data\funds\xiwc\filings\2026-06\filing_inputs.xlsx","20925","b7cc5f6f9c0e814b4424767dd40a17ca0b6319ba975ad487c5e6d16ed181a615"
"local-artifacts\historical-workbooks\data\funds\xkre\filings\2026-06\filing_inputs.xlsx","20946","3234b1812647e27fbcd315bf8e9e03ec4e5c7663436e0916e8bf66ff3dc22e09"
"local-artifacts\historical-workbooks\data\funds\xlbx\filings\2026-06\filing_inputs.xlsx","20937","7bf8c86f03e31cd0dbeb5c23a53c1efeb340e5dd83a4feb8a3607c525ff85212"
"local-artifacts\historical-workbooks\data\funds\xlex\filings\2026-06\filing_inputs.xlsx","20935","4af574bcb36cb0a4329b61c4738f31b93bf2e4aab73e01d4bc38ed087c7ec0e4"
"local-artifacts\historical-workbooks\data\funds\xlfx\filings\2026-06\filing_inputs.xlsx","20938","8e63b3e2c2a94e12f03021ac28c4ddbb683b354494cd345415c342edcb232f4e"
"local-artifacts\historical-workbooks\data\funds\xlix\filings\2026-06\filing_inputs.xlsx","20943","96be673207088e906e65ce4e0176463978c8709af6783dca4cbb0f3f585f9ae3"
"local-artifacts\historical-workbooks\data\funds\xlkx\filings\2026-06\filing_inputs.xlsx","20952","39a2356f38a5d7fae064245346d383085beda8d0408f979c02237434095461a4"
"local-artifacts\historical-workbooks\data\funds\xlpx\filings\2026-06\filing_inputs.xlsx","20945","02915717fe718f219e120a02a5f20045959c45d915b06577e25a79eb03c64902"
"local-artifacts\historical-workbooks\data\funds\xlux\filings\2026-06\filing_inputs.xlsx","20939","9558420c00ad6acb584eaf9dfc3fcd4b54712b2f8df1cecbfa060681e73c254e"
"local-artifacts\historical-workbooks\data\funds\xlvx\filings\2026-06\filing_inputs.xlsx","20944","6174a64023a7be304eb0d57635951df41fc7d9da4fd4358c705b9c80258df62b"
"local-artifacts\historical-workbooks\data\funds\xlyx\filings\2026-06\filing_inputs.xlsx","20960","52946828de5f5bd45f6bac4a2d9023ed5efb9d64244e2e1d2224a786c41e9f9d"
"local-artifacts\historical-workbooks\data\funds\xpav\filings\2026-06\filing_inputs.xlsx","20932","299242f57971c4704a37a93819d735fba8fb8c1575d71296ff5c0835a5b01164"
"local-artifacts\historical-workbooks\data\funds\xsem\filings\2026-06\filing_inputs.xlsx","20921","1bc5f73e03397cfba2030ce0e0fb6b6c600c2d292eb2b3337f467951bf2d77d5"
"local-artifacts\historical-workbooks\data\funds\xtai\filings\2026-06\filing_inputs.xlsx","20910","cd4a3f9bc1d40b72326a58f05f0f0978478ff777b46692a18cb309234284add1"
"local-artifacts\historical-workbooks\data\funds\xvo\filings\2026-06\filing_inputs.xlsx","20927","31eea2e61a8f39bee90225afbe571a9899731b664424772f250f32ca4e041ac9"
"local-artifacts\historical-workbooks\data\funds\xvug\filings\2026-06\filing_inputs.xlsx","20941","c67b2064ad49a40b9ddc7cde30760757b8ec27e0d7247028a513c870ec7b8e2a"
"local-artifacts\historical-workbooks\data\funds\xw\filings\2026-06\filing_inputs.xlsx","20940","26468145e8485f7931992e45854795cd147864959bea8918e1e9274d4fd51e0c"
"local-artifacts\historical-workbooks\data\funds\yung\filings\2026-06\filing_inputs.xlsx","30171","61cbfeabb708d73f6155b5fd6004ba6a6eb9efe905a4e5ea3825a0305a2b8755"
"local-artifacts\inventory.csv","132289","deae6b094bbf69b1b984bdbb71cd6016f08c9cdf7d82fabe86303df13780c2c9"
"local-artifacts\legacy-output\retired-output-v1_20260904.zip","307695","4ea5b302db4c8c7c8b37ca977c96346bca00014f3e3b9918834a45ec32d7c7fa"
"local-artifacts\nport-inputs-v2_2026-07_2026-08_nport-v1.13_locked-copy.xlsx","84709","caad3f9138cf380c6600e971b9dea24daf4b07dad185bd573bbabd1b0165f97c"
"local-artifacts\output (2).zip","350109","1f45acc5f4898245354f900404d5a62aaf736163b67349e31e92f7c3447dec6d"
"local-artifacts\output\delta_pipeline_2026-06_20260811\audit_test_na_20260811\audit_funds\aclz\filings\2026-06\derivatives.csv","612","bf9dc225583fe20ba0c2870c6d75032bb20571ea746aa6a014ba918461c021b0"
"local-artifacts\output\delta_pipeline_2026-06_20260811\audit_test_na_20260811\audit_funds\aclz\filings\2026-06\filing_data.txt","1244","553bfd2f823bbbd069241d353737f81c2a1dac2d8a32328481a81e5778b286a7"
"local-artifacts\output\delta_pipeline_2026-06_20260811\audit_test_na_20260811\audit_funds\aclz\filings\2026-06\holdings.csv","634","da1d5addca831beb397f2faa7b76b2fb952402a59fdd3ed4297f68146273251e"
"local-artifacts\output\delta_pipeline_2026-06_20260811\audit_test_na_20260811\audit_funds\aclz\fund_config.txt","953","57c3cbb5aa2f282e90a567c2137d5c53e2445bda688c4f3c9b4807876603dba1"
"local-artifacts\output\delta_pipeline_2026-06_20260811\audit_test_na_20260811\xml\ACLZ_2026-06.manifest.json","1279","9eb9f8240ac20ff0a905d520324dd4234393f4e9a68c7118125ef1900271b1ef"
"local-artifacts\output\delta_pipeline_2026-06_20260811\audit_test_na_20260811\xml\ACLZ_2026-06.xml","6712","c57457bd60df3dba1945e05e50e0648a4133f4a37ae09318d2349148ab2491b3"
"local-artifacts\output\delta_pipeline_2026-06_20260811\audit_test_na_20260811_v2\audit_build_results_pass1.json","69314","ecd59c2576d0d7bacc7a4e8c18ad8196e790fa52b421455f49d16a9db9d0d0a6"
"local-artifacts\output\delta_pipeline_2026-06_20260811\audit_test_na_20260811_v2\audit_funds\aclz\filings\2026-06\derivatives.csv","612","bf9dc225583fe20ba0c2870c6d75032bb20571ea746aa6a014ba918461c021b0"
"local-artifacts\output\delta_pipeline_2026-06_20260811\audit_test_na_20260811_v2\audit_funds\aclz\filings\2026-06\filing_data.txt","1244","553bfd2f823bbbd069241d353737f81c2a1dac2d8a32328481a81e5778b286a7"
"local-artifacts\output\delta_pipeline_2026-06_20260811\audit_test_na_20260811_v2\audit_funds\aclz\filings\2026-06\holdings.csv","634","da1d5addca831beb397f2faa7b76b2fb952402a59fdd3ed4297f68146273251e"
"local-artifacts\output\delta_pipeline_2026-06_20260811\audit_test_na_20260811_v2\audit_funds\aclz\fund_config.txt","953","9575965c5245f51051d28abae5b9263db11d5aadeefec60c9529f4dd2268e160"
"local-artifacts\output\delta_pipeline_2026-06_20260811\audit_test_na_20260811_v2\audit_funds\acmm\filings\2026-06\derivatives.csv","591","9850ab730d136f30d53f55de1aeb2d27417274fc0870b8b87b594dc2353d15ea"
"local-artifacts\output\delta_pipeline_2026-06_20260811\audit_test_na_20260811_v2\audit_funds\acmm\filings\2026-06\filing_data.txt","1246","57cf4003a94e4657975d1825eaee7f80cc48878f84dbe4670d01eee05d37ef30"
"local-artifacts\output\delta_pipeline_2026-06_20260811\audit_test_na_20260811_v2\audit_funds\acmm\filings\2026-06\holdings.csv","627","899932bf8b7dac76657c8fa343d71a941f8009177c8f42e5171be3d7732d4101"
"local-artifacts\output\delta_pipeline_2026-06_20260811\audit_test_na_20260811_v2\audit_funds\acmm\fund_config.txt","953","cf674d2fea1ae5b5ebb0d1d8459107c01c19735c029dc68cded55537393634f3"
"local-artifacts\output\delta_pipeline_2026-06_20260811\audit_test_na_20260811_v2\audit_funds\av\filings\2026-06\filing_data.txt","1256","d69f7f5488b4783872da2f5dd092bcac4503b4c749c6540d68c320b6df4df4d0"
"local-artifacts\output\delta_pipeline_2026-06_20260811\audit_test_na_20260811_v2\audit_funds\av\filings\2026-06\holdings.csv","5518","7f85118e460d01da14a15ac1ce9d5776de5bb3571022dcfff9b66a153cf71761"
"local-artifacts\output\delta_pipeline_2026-06_20260811\audit_test_na_20260811_v2\audit_funds\av\fund_config.txt","1020","fa1b1e4cb4c0822b0da55809c82a45e8fcd5153fde92cd1950705ec1d545d551"
"local-artifacts\output\delta_pipeline_2026-06_20260811\audit_test_na_20260811_v2\audit_funds\bay\filings\2026-06\filing_data.txt","1259","8d3ee94c6de91a9b4ad148c46b0b989734072f1dfade14a10d16c93c5c9b24f5"
"local-artifacts\output\delta_pipeline_2026-06_20260811\audit_test_na_20260811_v2\audit_funds\bay\filings\2026-06\holdings.csv","7968","cd1acfe23795b0eda0fdc3a2215c78bc75864f3f1e4a802fc61e090c2169104e"
"local-artifacts\output\delta_pipeline_2026-06_20260811\audit_test_na_20260811_v2\audit_funds\bay\fund_config.txt","1004","5ded8c6385dcaf04a75d74a0ed4633f4c4d97638e5896609ad13cd03bbf77961"
"local-artifacts\output\delta_pipeline_2026-06_20260811\audit_test_na_20260811_v2\audit_funds\blck\filings\2026-06\filing_data.txt","1260","1d836f7c120faba6abb29b07dae18a4d97f921a331c42e306bdddd96ac8c7251"
"local-artifacts\output\delta_pipeline_2026-06_20260811\audit_test_na_20260811_v2\audit_funds\blck\filings\2026-06\holdings.csv","4744","e1d07d9a90d56859828b2ca81cd9171bae0fb7a0cd734aa3950c925a0a68e88c"
"local-artifacts\output\delta_pipeline_2026-06_20260811\audit_test_na_20260811_v2\audit_funds\blck\fund_config.txt","1012","876077af0c4ae0d9984f790fd467c54937d046e693b05517245e984fde277790"
"local-artifacts\output\delta_pipeline_2026-06_20260811\audit_test_na_20260811_v2\audit_funds\brew\filings\2026-06\filing_data.txt","1258","387b9ffb019c495bf23ef566364685de79a96566e59117fd55c1f0cb756c16bc"
"local-artifacts\output\delta_pipeline_2026-06_20260811\audit_test_na_20260811_v2\audit_funds\brew\filings\2026-06\holdings.csv","2537","21e33d9524b3c2515d406ee7414e354464a13a2d955eb039ce2e6a16a81b5e27"
"local-artifacts\output\delta_pipeline_2026-06_20260811\audit_test_na_20260811_v2\audit_funds\brew\fund_config.txt","1013","a9817a56ec63b6d8216a7aa2a93e3abaae2030a9f1ac5acc1e2d845d3d1144c4"
"local-artifacts\output\delta_pipeline_2026-06_20260811\audit_test_na_20260811_v2\audit_funds\brzx\filings\2026-06\derivatives.csv","602","58b50622dac2284a62969948f1cb3a4ea8a07f93cc1b8fe114f662a82474d18f"
"local-artifacts\output\delta_pipeline_2026-06_20260811\audit_test_na_20260811_v2\audit_funds\brzx\filings\2026-06\filing_data.txt","1261","222597893a999902cbc5894e1cae635b393542314390024e378c1ab085e1460b"
"local-artifacts\output\delta_pipeline_2026-06_20260811\audit_test_na_20260811_v2\audit_funds\brzx\filings\2026-06\holdings.csv","629","83e93875d9c881b6769582c90a0e90f0b1e30b7b83cb0746b86b37d64088f429"
"local-artifacts\output\delta_pipeline_2026-06_20260811\audit_test_na_20260811_v2\audit_funds\brzx\fund_config.txt","1006","d3da1c1fe2d0723cdac2382c54e868b601216334fad7f058d8592f6395208f60"
"local-artifacts\output\delta_pipeline_2026-06_20260811\audit_test_na_20260811_v2\audit_funds\bzz\filings\2026-06\filing_data.txt","1266","38c008a7e0e2ff4413848c8ee1d39e8750d0c15811bfcc532823db404b518061"
"local-artifacts\output\delta_pipeline_2026-06_20260811\audit_test_na_20260811_v2\audit_funds\bzz\filings\2026-06\holdings.csv","3883","91ea989289f39f2a684a1fd765c541ce210080a8cb352189d9f14e2467d0143f"
"local-artifacts\output\delta_pipeline_2026-06_20260811\audit_test_na_20260811_v2\audit_funds\bzz\fund_config.txt","1017","017b1c49667bed754cee1f693ad8845a73c546138a5d1c48fcf25d170a90bc4c"
"local-artifacts\output\delta_pipeline_2026-06_20260811\audit_test_na_20260811_v2\audit_funds\camc\filings\2026-06\derivatives.csv","571","9855433ce90830b22c4be42cb19ea5f25f504958f6c33eb152098c7d2cdce9eb"
"local-artifacts\output\delta_pipeline_2026-06_20260811\audit_test_na_20260811_v2\audit_funds\camc\filings\2026-06\filing_data.txt","1244","8e83cd961f45975c65912d524e12bab4bd35512a4811b1721c98baf251818ecd"
"local-artifacts\output\delta_pipeline_2026-06_20260811\audit_test_na_20260811_v2\audit_funds\camc\filings\2026-06\holdings.csv","617","e490e9758a5f4c845b89e4e553cb7d24416337bf9d8ce42bb7bf42ce73a5f0f7"
"local-artifacts\output\delta_pipeline_2026-06_20260811\audit_test_na_20260811_v2\audit_funds\camc\fund_config.txt","953","05512142329f5e73e21914d5ce9c520838ed4e8e934cb76a1c5376502f2c3b4b"
"local-artifacts\output\delta_pipeline_2026-06_20260811\audit_test_na_20260811_v2\audit_funds\carx\filings\2026-06\derivatives.csv","572","f16dde734680504b7cb4c508c8b1f7942a768acece45fd4a076ece0271f62aeb"
"local-artifacts\output\delta_pipeline_2026-06_20260811\audit_test_na_20260811_v2\audit_funds\carx\filings\2026-06\filing_data.txt","1243","9ba599df8e1b91ebd8ddaf4ce7b1671c39be4d0fe9236d8eb0ec290c77852295"
"local-artifacts\output\delta_pipeline_2026-06_20260811\audit_test_na_20260811_v2\audit_funds\carx\filings\2026-06\holdings.csv","617","e75c1ceb16798f6371ba7248e1ee8d6da2d1b2e37d0e677f435b4184c01422ed"
"local-artifacts\output\delta_pipeline_2026-06_20260811\audit_test_na_20260811_v2\audit_funds\carx\fund_config.txt","953","6893faea9129c0620e52b4cfa8df0f5fac4444852e033f1d4097676bde6b084f"
"local-artifacts\output\delta_pipeline_2026-06_20260811\audit_test_na_20260811_v2\audit_funds\cbil\filings\2026-06\debt_securities.csv","893","e0460e87097f99a618a6fdcae527a5e433580394ac3dfe9391f8386cb21adf82"
"local-artifacts\output\delta_pipeline_2026-06_20260811\audit_test_na_20260811_v2\audit_funds\cbil\filings\2026-06\filing_data.txt","1867","b786c7d0b274a1fdcf27c7614c26c8cd902cec3c76e1cf02349ef6474b8132fe"
"local-artifacts\output\delta_pipeline_2026-06_20260811\audit_test_na_20260811_v2\audit_funds\cbil\filings\2026-06\holdings.csv","4726","5ae5594a75e0605c059011f4f5df59ec82db0acd58792cabb272685bae37edfe"
"local-artifacts\output\delta_pipeline_2026-06_20260811\audit_test_na_20260811_v2\audit_funds\cbil\fund_config.txt","1008","cf51f70e3dafd422c75235ff465366fe29631b700d6a8686f58121a9673d511e"
"local-artifacts\output\delta_pipeline_2026-06_20260811\audit_test_na_20260811_v2\audit_funds\cbot\filings\2026-06\filing_data.txt","1266","3bb6e7db02be6c29cbe4c7f6c795de06dd289c16631718e4566ea41f6edaf116"
"local-artifacts\output\delta_pipeline_2026-06_20260811\audit_test_na_20260811_v2\audit_funds\cbot\filings\2026-06\holdings.csv","3496","0bcd8d2af6a597f8aadb73e70a23c284cc090619a8dffd5a4f97ab7bd1712974"
"local-artifacts\output\delta_pipeline_2026-06_20260811\audit_test_na_20260811_v2\audit_funds\cbot\fund_config.txt","1009","9e275857d940f25c81af2ebd2a6516f6547770f05e2b7fbe7309e1f5702b5d6e"
"local-artifacts\output\delta_pipeline_2026-06_20260811\audit_test_na_20260811_v2\audit_funds\ccpx\filings\2026-06\derivatives.csv","617","74bddd56b3095a7dfbf7e914ff0f630b6f73cd6cb6844fa18fd57f5454df152b"
"local-artifacts\output\delta_pipeline_2026-06_20260811\audit_test_na_20260811_v2\audit_funds\ccpx\filings\2026-06\filing_data.txt","1268","215470306bd707661a6abc3f4cf5fa1b9ac0405137378138873f4f9ac4544f36"
"local-artifacts\output\delta_pipeline_2026-06_20260811\audit_test_na_20260811_v2\audit_funds\ccpx\filings\2026-06\holdings.csv","637","5863300ca42ae2e8027eecdc871a19711f2662ebd063cd216730f169ddf014fb"
"local-artifacts\output\delta_pipeline_2026-06_20260811\audit_test_na_20260811_v2\audit_funds\ccpx\fund_config.txt","1005","b4cc0e22925fff2b952d56c4139c057091c9730485c06be047d54b5be2c539f4"
"local-artifacts\output\delta_pipeline_2026-06_20260811\audit_test_na_20260811_v2\audit_funds\cgov\filings\2026-06\debt_securities.csv","858","7bb7de60ce13af7fe867cd3df3db123298f8572487872cfa94b87b8d4f24810e"
"local-artifacts\output\delta_pipeline_2026-06_20260811\audit_test_na_20260811_v2\audit_funds\cgov\filings\2026-06\filing_data.txt","1848","63b79665756eb359dbbf654bf27a088926893f7676b546f5c53a8b595931c81b"
"local-artifacts\output\delta_pipeline_2026-06_20260811\audit_test_na_20260811_v2\audit_funds\cgov\filings\2026-06\holdings.csv","4542","e582fd455b0ac330152224c64e540e1c4531588b400b8726c3fce41e4b3f0b57"
"local-artifacts\output\delta_pipeline_2026-06_20260811\audit_test_na_20260811_v2\audit_funds\cgov\fund_config.txt","1007","f460b93a9b3467bb2cb06beb219d781526022d41c91f5ccd03f4ce780b270eb6"
"local-artifacts\output\delta_pipeline_2026-06_20260811\audit_test_na_20260811_v2\audit_funds\chyg\filings\2026-06\debt_securities.csv","7562","22715eba26801180ba33a0cd0b543ecad812903654d494c1bcbdda17eb36918d"
"local-artifacts\output\delta_pipeline_2026-06_20260811\audit_test_na_20260811_v2\audit_funds\chyg\filings\2026-06\filing_data.txt","1885","8a85c980d2ec5d425eeeafdf179e6cb0851c20090ccae1e7b5ff50bf76e49fe9"
"local-artifacts\output\delta_pipeline_2026-06_20260811\audit_test_na_20260811_v2\audit_funds\chyg\filings\2026-06\holdings.csv","33909","192523b663b58817a71d4a668c6ab9bcaddfcc54d15f37d221cbb6cec883cc1c"
"local-artifacts\output\delta_pipeline_2026-06_20260811\audit_test_na_20260811_v2\audit_funds\chyg\fund_config.txt","1025","1ed7e3f8005627e29a59e519d43d1e87f88e2cd137ae6ca7962604e8ed67c864"
"local-artifacts\output\delta_pipeline_2026-06_20260811\audit_test_na_20260811_v2\audit_funds\ciei\filings\2026-06\debt_securities.csv","3567","dfc571336b4f16d02566fea5e5adeb2a16771ee68c814bba87536f588bc7a28c"
"local-artifacts\output\delta_pipeline_2026-06_20260811\audit_test_na_20260811_v2\audit_funds\ciei\filings\2026-06\filing_data.txt","1846","3327c028a4fa15a9dba139d7ba6076d15fa441ae1fc9c159f4a1e320447e89fb"
"local-artifacts\output\delta_pipeline_2026-06_20260811\audit_test_na_20260811_v2\audit_funds\ciei\filings\2026-06\holdings.csv","17999","1765a3883b8880ea83a6dae216089f1b691802eb35d163c26a5b7db5b3997c85"
"local-artifacts\output\delta_pipeline_2026-06_20260811\audit_test_na_20260811_v2\audit_funds\ciei\fund_config.txt","1013","5f18b3657bbf63b5a6c65e238233607aafc42268e9067ebd315b36d775d2e1b0"
"local-artifacts\output\delta_pipeline_2026-06_20260811\audit_test_na_20260811_v2\audit_funds\civg\filings\2026-06\debt_securities.csv","8030","fa051ebd33e54a5475c11780ad58157b999d4cfb1e395081af87fd959cce3e1d"
"local-artifacts\output\delta_pipeline_2026-06_20260811\audit_test_na_20260811_v2\audit_funds\civg\filings\2026-06\filing_data.txt","1886","2a287023c803d680605c08385d527f82573503adabecfe16f79bec6ee2b35c38"
"local-artifacts\output\delta_pipeline_2026-06_20260811\audit_test_na_20260811_v2\audit_funds\civg\filings\2026-06\holdings.csv","34399","d62a9b8b3ec49245ccb772f868d8b7757e508bf03dacc52dadd6b2e27458e690"
"local-artifacts\output\delta_pipeline_2026-06_20260811\audit_test_na_20260811_v2\audit_funds\civg\fund_config.txt","1031","bfeb9804faf743d6806bb75e56fb651e91a851bbca02eda287617b41f69a23b9"
"local-artifacts\output\delta_pipeline_2026-06_20260811\audit_test_na_20260811_v2\audit_funds\cjun\filings\2026-06\debt_securities.csv","126","f8c62af2c8d10c184a45a5c654c8c1edca52523cb9ad0184bb5d675c2e2c8458"
"local-artifacts\output\delta_pipeline_2026-06_20260811\audit_test_na_20260811_v2\audit_funds\cjun\filings\2026-06\derivatives.csv","836","d0e014137b7dcdb0727b597c47b8e826b5a4d1e4cd170938479673d2075b4d8f"
"local-artifacts\output\delta_pipeline_2026-06_20260811\audit_test_na_20260811_v2\audit_funds\cjun\filings\2026-06\filing_data.txt","1824","3b9ea8a3c82965022e118e41ea7512a6882debfb6ecb7cfcdffc3856c919b980"
"local-artifacts\output\delta_pipeline_2026-06_20260811\audit_test_na_20260811_v2\audit_funds\cjun\filings\2026-06\holdings.csv","1344","da39b8a7193ba64c7a0de1a3b4a2c5c523badc247190281bb52e52805f079363"
"local-artifacts\output\delta_pipeline_2026-06_20260811\audit_test_na_20260811_v2\audit_funds\cjun\fund_config.txt","1040","44ffe9b76e6d0f41d5039eecabb256bbf53cafc909f6fb215e315ef0ec90d96f"
"local-artifacts\output\delta_pipeline_2026-06_20260811\audit_test_na_20260811_v2\audit_funds\cmag\filings\2026-06\derivatives.csv","2133","ea5ccee85876f4c898171896994c020fb4eb4bf237e9e924a66b2f0bc992cc0a"
"local-artifacts\output\delta_pipeline_2026-06_20260811\audit_test_na_20260811_v2\audit_funds\cmag\filings\2026-06\filing_data.txt","1275","8e44261ed3da922ae19dd187f1278e5a5da6f87ae1e05ff9128236b3d61ee21c"
"local-artifacts\output\delta_pipeline_2026-06_20260811\audit_test_na_20260811_v2\audit_funds\cmag\filings\2026-06\holdings.csv","2739","0bdcc005b9129c8c2987d8ba4829aad7c639e95150e3e60aa83bfc80dc6d30c2"
"local-artifacts\output\delta_pipeline_2026-06_20260811\audit_test_na_20260811_v2\audit_funds\cmag\fund_config.txt","996","ea49f71d652a33ede1018540d8846247cd376dc004131f79f3295ea678e0d9cc"
"local-artifacts\output\delta_pipeline_2026-06_20260811\audit_test_na_20260811_v2\audit_funds\cmay\filings\2026-06\debt_securities.csv","126","5cfbbeb3020fc11bb99fd1bcf9f0776fc88002b13e5777125341196795abb219"
"local-artifacts\output\delta_pipeline_2026-06_20260811\audit_test_na_20260811_v2\audit_funds\cmay\filings\2026-06\derivatives.csv","839","24c2be40e2b3ad9b2944ff7f603a271a863ea24e4409b06492a5849b4c7d3e53"
"local-artifacts\output\delta_pipeline_2026-06_20260811\audit_test_na_20260811_v2\audit_funds\cmay\filings\2026-06\filing_data.txt","1853","54b018061f7e936b2dab0820a7241f44be12c1c3f87fe6f4d7898b9c202076be"
"local-artifacts\output\delta_pipeline_2026-06_20260811\audit_test_na_20260811_v2\audit_funds\cmay\filings\2026-06\holdings.csv","1353","b1ac7d784db2bbcef4624fe54ace7061adee08981eb826fc35e20857166d4645"
"local-artifacts\output\delta_pipeline_2026-06_20260811\audit_test_na_20260811_v2\audit_funds\cmay\fund_config.txt","1039","a5109ad01832aeeec9b880355c5b320a7e0b2ca4abcc2ad9a3de538806cbc3c6"
"local-artifacts\output\delta_pipeline_2026-06_20260811\audit_test_na_20260811_v2\audit_funds\cqtm\filings\2026-06\filing_data.txt","1276","5e84256e0de0d2e82e867d2d45b9fcd1ae3ea871b93bd2af33a79f5b377b0cb2"
"local-artifacts\output\delta_pipeline_2026-06_20260811\audit_test_na_20260811_v2\audit_funds\cqtm\filings\2026-06\holdings.csv","2748","278362761f6848dc2914e58183fcab7c7ae31e07015b8768eab8cfafea057b1f"
"local-artifacts\output\delta_pipeline_2026-06_20260811\audit_test_na_20260811_v2\audit_funds\cqtm\fund_config.txt","1008","2b93f4a317c1d720808526c37cf919adc9a66cc866d83cda7b61b74aeea8106f"
"local-artifacts\output\delta_pipeline_2026-06_20260811\audit_test_na_20260811_v2\audit_funds\cruc\filings\2026-06\derivatives.csv","587","6ea552a183a4b62cc80602b62d0c65f03bdea446582d0c064eb860852981685e"
"local-artifacts\output\delta_pipeline_2026-06_20260811\audit_test_na_20260811_v2\audit_funds\cruc\filings\2026-06\filing_data.txt","1243","127a1d4c87098403d8088b112786361613d675091b99944ad71f046a534703c0"
"local-artifacts\output\delta_pipeline_2026-06_20260811\audit_test_na_20260811_v2\audit_funds\cruc\filings\2026-06\holdings.csv","624","e000022b64156e4e6259dc75de6b8a412a844e26e25ccdf7dec374b2e55e7e1f"
"local-artifacts\output\delta_pipeline_2026-06_20260811\audit_test_na_20260811_v2\audit_funds\cruc\fund_config.txt","953","d204d26a38726f922f9d307304aaf35c1d7055a0731db2bf7c699a936159c57a"
"local-artifacts\output\delta_pipeline_2026-06_20260811\audit_test_na_20260811_v2\audit_funds\ctjn\filings\2026-06\debt_securities.csv","126","f8c62af2c8d10c184a45a5c654c8c1edca52523cb9ad0184bb5d675c2e2c8458"
"local-artifacts\output\delta_pipeline_2026-06_20260811\audit_test_na_20260811_v2\audit_funds\ctjn\filings\2026-06\derivatives.csv","837","1cd90981f1c57c48529711b62be3035fe385bf222a1d45d2b2bf1a85d2e5df8e"
"local-artifacts\output\delta_pipeline_2026-06_20260811\audit_test_na_20260811_v2\audit_funds\ctjn\filings\2026-06\filing_data.txt","1821","3260a88fe6d1b8fc5f8fab01ab4d055f3293411c0a7e7b9acf236f7b07c2bf48"
"local-artifacts\output\delta_pipeline_2026-06_20260811\audit_test_na_20260811_v2\audit_funds\ctjn\filings\2026-06\holdings.csv","1347","5be9e51f3b9ca34ed899188b5de303276f60cb138d38e51fcc516c633426198b"
"local-artifacts\output\delta_pipeline_2026-06_20260811\audit_test_na_20260811_v2\audit_funds\ctjn\fund_config.txt","1040","ff52b399fa240b3baa68d3241a92eff7af24c7140234050659e98d41e2cb0129"
"local-artifacts\output\delta_pipeline_2026-06_20260811\audit_test_na_20260811_v2\audit_funds\ctma\filings\2026-06\debt_securities.csv","127","992a538c03ceb25a687fa39ba6abf204feb7aad961b3673ca1426bf1992822f1"
"local-artifacts\output\delta_pipeline_2026-06_20260811\audit_test_na_20260811_v2\audit_funds\ctma\filings\2026-06\derivatives.csv","838","5f5634096a19259a1ddfd32fa7c0cfc2c7cd1c73e19928536b3f1791a1a7798d"
"local-artifacts\output\delta_pipeline_2026-06_20260811\audit_test_na_20260811_v2\audit_funds\ctma\filings\2026-06\filing_data.txt","1829","d0ad9d00573577b6488ed22c8fb071e58f4ddee8cd067171ce4485a29075d216"
"local-artifacts\output\delta_pipeline_2026-06_20260811\audit_test_na_20260811_v2\audit_funds\ctma\filings\2026-06\holdings.csv","1352","884abc1269d252e6f7634e396dc8795394ec101e7b6de8bbe3037128291c0bd3"
"local-artifacts\output\delta_pipeline_2026-06_20260811\audit_test_na_20260811_v2\audit_funds\ctma\fund_config.txt","1039","d2ee7b0fb9cc02bbe04b0d0fc70c48252763aedb7aadcea31fabf9b2144d6365"
"local-artifacts\output\delta_pipeline_2026-06_20260811\audit_test_na_20260811_v2\audit_funds\cust\filings\2026-06\debt_securities.csv","3736","e27e5496c893fe6299165ca9fe36957935ce292cbbb083447770a9dcf4fdd060"
"local-artifacts\output\delta_pipeline_2026-06_20260811\audit_test_na_20260811_v2\audit_funds\cust\filings\2026-06\filing_data.txt","1857","5fc6582294db25c381bd6793b17a4f31e5ae5647c2388dab01f9059253baf923"
"local-artifacts\output\delta_pipeline_2026-06_20260811\audit_test_na_20260811_v2\audit_funds\cust\filings\2026-06\holdings.csv","18827","68db8ffcff81ba67019659001875264051fc55366ffd02178054209da7863880"
"local-artifacts\output\delta_pipeline_2026-06_20260811\audit_test_na_20260811_v2\audit_funds\cust\fund_config.txt","1013","0af4a51b1604e8ff372c785a37a449790d48899bfb4e2eba117f8218265f7dd4"
"local-artifacts\output\delta_pipeline_2026-06_20260811\audit_test_na_20260811_v2\audit_funds\dipr\filings\2026-06\filing_data.txt","1268","2a175d00b3260750835cf4b465860f717490604c0c64ab534efffeef5139d11a"
"local-artifacts\output\delta_pipeline_2026-06_20260811\audit_test_na_20260811_v2\audit_funds\dipr\filings\2026-06\holdings.csv","4327","457f94d827a147eea41f8fa0a57442f7a387a4f747ca9438bece46bcfe1becf2"
"local-artifacts\output\delta_pipeline_2026-06_20260811\audit_test_na_20260811_v2\audit_funds\dipr\fund_config.txt","1023","85ec6e98a64070d9b0f45995307e4fc412545fc9bad82df09b5fc0e759b38c9a"
"local-artifacts\output\delta_pipeline_2026-06_20260811\audit_test_na_20260811_v2\audit_funds\dock\filings\2026-06\filing_data.txt","1247","1583cee8976d5780b455c0e2d4f125d3775f07c3daf10376b8b9db1468be4859"
"local-artifacts\output\delta_pipeline_2026-06_20260811\audit_test_na_20260811_v2\audit_funds\dock\filings\2026-06\holdings.csv","6516","9cbe78e04583b094fc0062473e032b897ab76ec95f32c6c3c173092fcfff900d"
"local-artifacts\output\delta_pipeline_2026-06_20260811\audit_test_na_20260811_v2\audit_funds\dock\fund_config.txt","1012","536e09615c36d58e259be17c158fdccd1dad948de2728ebd762a390fdc3339ca"
"local-artifacts\output\delta_pipeline_2026-06_20260811\audit_test_na_20260811_v2\audit_funds\emjn\filings\2026-06\debt_securities.csv","126","f8c62af2c8d10c184a45a5c654c8c1edca52523cb9ad0184bb5d675c2e2c8458"
"local-artifacts\output\delta_pipeline_2026-06_20260811\audit_test_na_20260811_v2\audit_funds\emjn\filings\2026-06\derivatives.csv","888","d48194672af7ae3f4ff86d77d533d8e6c4689265cbad5afd6e5e19674b4f814d"
"local-artifacts\output\delta_pipeline_2026-06_20260811\audit_test_na_20260811_v2\audit_funds\emjn\filings\2026-06\filing_data.txt","1839","d060d93ba5550afaefa2a7415b920429e6a76944669b55af266c44614e6a87da"
"local-artifacts\output\delta_pipeline_2026-06_20260811\audit_test_na_20260811_v2\audit_funds\emjn\filings\2026-06\holdings.csv","1335","b0f8ce562dd7c62b12aef2ececc75b3b1c9161068ed66e8c938eb1f8ec7b9ecf"
"local-artifacts\output\delta_pipeline_2026-06_20260811\audit_test_na_20260811_v2\audit_funds\emjn\fund_config.txt","1052","ae590887c9d9b5f19ea75fb70a6714ba5052fe80fbbb9ce619cfed8d7dc989ad"
"local-artifacts\output\delta_pipeline_2026-06_20260811\audit_test_na_20260811_v2\audit_funds\emmy\filings\2026-06\debt_securities.csv","127","992a538c03ceb25a687fa39ba6abf204feb7aad961b3673ca1426bf1992822f1"
"local-artifacts\output\delta_pipeline_2026-06_20260811\audit_test_na_20260811_v2\audit_funds\emmy\filings\2026-06\derivatives.csv","890","6f92b23deef51985b23c299ed8b1534c085dee76671a64918f2b0a9a2c192d99"
"local-artifacts\output\delta_pipeline_2026-06_20260811\audit_test_na_20260811_v2\audit_funds\emmy\filings\2026-06\filing_data.txt","1869","cb3d2b75a32c102327152e4546e8ebd904d4b819843e99a263c043994c62f218"
"local-artifacts\output\delta_pipeline_2026-06_20260811\audit_test_na_20260811_v2\audit_funds\emmy\filings\2026-06\holdings.csv","1329","6f2b2a82e4d016b2ae8c0d81c8f34e9861c35b93bd95197a2fbacaedf5750f6d"
"local-artifacts\output\delta_pipeline_2026-06_20260811\audit_test_na_20260811_v2\audit_funds\emmy\fund_config.txt","1051","ae38a867510608581ffa7d69086e51bd5cf3b216248c3ca8a27450de9c0419d9"
"local-artifacts\output\delta_pipeline_2026-06_20260811\audit_test_na_20260811_v2\audit_funds\emxx\filings\2026-06\derivatives.csv","640","2b758e6997877810796157272e624ddbdc07bc6e8be38734bdc734b7674c1d39"
"local-artifacts\output\delta_pipeline_2026-06_20260811\audit_test_na_20260811_v2\audit_funds\emxx\filings\2026-06\filing_data.txt","1261","8c32750f2f709d0567542ea3549af11813131aed04fa862b2f2a0b595b64a81b"
"local-artifacts\output\delta_pipeline_2026-06_20260811\audit_test_na_20260811_v2\audit_funds\emxx\filings\2026-06\holdings.csv","651","d95ed83f0b95705a2597df0a487a378dcd178ebe365ee7939fdff5bb7bb98dea"
"local-artifacts\output\delta_pipeline_2026-06_20260811\audit_test_na_20260811_v2\audit_funds\emxx\fund_config.txt","1016","298a3b63102b27a769ef078f6908ac63a355ffcc4ea732801d209ee831b488f4"
"local-artifacts\output\delta_pipeline_2026-06_20260811\audit_test_na_20260811_v2\audit_funds\euv\filings\2026-06\filing_data.txt","1310","260faa0e237078d7ea1cc311e6ec1c669d686635319c8d23a5e5b07597baa1bf"
"local-artifacts\output\delta_pipeline_2026-06_20260811\audit_test_na_20260811_v2\audit_funds\euv\filings\2026-06\holdings.csv","5726","2b97fc7fc3d01637bcbf7d876b669c0a3711702fd1dfb238180ed9a96475cee5"
"local-artifacts\output\delta_pipeline_2026-06_20260811\audit_test_na_20260811_v2\audit_funds\euv\fund_config.txt","1027","e68bb1f396456746aabaaef55152df5525ea705bae7dfe3b0b066bbebe36f90c"
"local-artifacts\output\delta_pipeline_2026-06_20260811\audit_test_na_20260811_v2\audit_funds\euvx\filings\2026-06\derivatives.csv","621","d0f9972b577a65162af79a5b96c806ca09b348d75bdba4ce796ed4589ed2092c"
"local-artifacts\output\delta_pipeline_2026-06_20260811\audit_test_na_20260811_v2\audit_funds\euvx\filings\2026-06\filing_data.txt","1262","7926993f1b0465b60e97a999b45d8fdf0c4f61dbb012da88d53e3a91bf23ebe2"
"local-artifacts\output\delta_pipeline_2026-06_20260811\audit_test_na_20260811_v2\audit_funds\euvx\filings\2026-06\holdings.csv","639","ab2ce9eaa0c75393bc35d514f794db529227bfbc9fe2578036b8a276335d2e08"
"local-artifacts\output\delta_pipeline_2026-06_20260811\audit_test_na_20260811_v2\audit_funds\euvx\fund_config.txt","1037","b503bc8b4c1fc426e48105c18dc0bc74407ab7b6c3a72b1a64c0746eb0d92e44"
"local-artifacts\output\delta_pipeline_2026-06_20260811\audit_test_na_20260811_v2\audit_funds\eyes\filings\2026-06\filing_data.txt","1267","0fd7ab7b4e3cd840d71a06f318f95573ccc0e548999929e9618c1fa1cb67b0da"
"local-artifacts\output\delta_pipeline_2026-06_20260811\audit_test_na_20260811_v2\audit_funds\eyes\filings\2026-06\holdings.csv","4924","a8383867dfb91bd8a36afbcf82abeb0b57f689dc7744cd709858edc470e51219"
"local-artifacts\output\delta_pipeline_2026-06_20260811\audit_test_na_20260811_v2\audit_funds\eyes\fund_config.txt","1010","21bcc1572c75839c792d3723dbcf93f9e6da05356a684017f51ddd2d2a4a5e6e"
"local-artifacts\output\delta_pipeline_2026-06_20260811\audit_test_na_20260811_v2\audit_funds\fdrs\filings\2026-06\filing_data.txt","1335","f35a4d1eb1b3e4f76258da292d0bbc93c7bbe2096b1e07e9b7606fe1ec9fc8de"
"local-artifacts\output\delta_pipeline_2026-06_20260811\audit_test_na_20260811_v2\audit_funds\fdrs\filings\2026-06\holdings.csv","7161","7c2b2f37fb6b89de614dee12aaa21cdd3d15716b34c4e241abaf1773f1fe5715"
"local-artifacts\output\delta_pipeline_2026-06_20260811\audit_test_na_20260811_v2\audit_funds\fdrs\fund_config.txt","908","28125f322117dfcae4ad3cd63bf8a35f7d0b957744f511a7204bdcc440352004"
"local-artifacts\output\delta_pipeline_2026-06_20260811\audit_test_na_20260811_v2\audit_funds\fdrx\filings\2026-06\derivatives.csv","571","26dc3378b5450254ce829482131362eb343f1c71819a7e89ce1feab89cb96982"
"local-artifacts\output\delta_pipeline_2026-06_20260811\audit_test_na_20260811_v2\audit_funds\fdrx\filings\2026-06\filing_data.txt","1297","abf7e78b5b3559550c4058eeb5871210fdae98c8cc99d2345863f0db6f6027ca"
"local-artifacts\output\delta_pipeline_2026-06_20260811\audit_test_na_20260811_v2\audit_funds\fdrx\filings\2026-06\holdings.csv","604","179251b1dd62242a4a62b5893abfe7dec398590560d4da96bdde86e71ce61d4c"
"local-artifacts\output\delta_pipeline_2026-06_20260811\audit_test_na_20260811_v2\audit_funds\fdrx\fund_config.txt","1005","544e5037cc69489c373281a7b41c0865d2cda7b699a0238a942eef141d9a1de3"
"local-artifacts\output\delta_pipeline_2026-06_20260811\audit_test_na_20260811_v2\audit_funds\gasz\filings\2026-06\filing_data.txt","1275","899329272a29069e0cc2d0d12ecac6da9a6c9ac7e43ec1491c63e8f8c4a36d91"
"local-artifacts\output\delta_pipeline_2026-06_20260811\audit_test_na_20260811_v2\audit_funds\gasz\filings\2026-06\holdings.csv","3274","8e72c31ad9d51bf2b64dc5fa6c633076c235a42096b19c66edadd34d10793fbe"
"local-artifacts\output\delta_pipeline_2026-06_20260811\audit_test_na_20260811_v2\audit_funds\gasz\fund_config.txt","1019","32076deb5831a174432160f3ad790c5a53f26cd887c4cf40ac54f7c462cc079d"
"local-artifacts\output\delta_pipeline_2026-06_20260811\audit_test_na_20260811_v2\audit_funds\glam\filings\2026-06\filing_data.txt","1260","18702996edcdd096dcbacabd60bb1cb8a2be01f61e6d2bf05fadbe5afb3c2032"
"local-artifacts\output\delta_pipeline_2026-06_20260811\audit_test_na_20260811_v2\audit_funds\glam\filings\2026-06\holdings.csv","3769","e6ad7e16b7cbad75fa7f697254439490b9308dce9382c01e511ef9bdbfce39ef"
"local-artifacts\output\delta_pipeline_2026-06_20260811\audit_test_na_20260811_v2\audit_funds\glam\fund_config.txt","1020","991d873548e01c0fdd7a1e06674ec94d8de0e144e17c24096af02abb8da70105"
"local-artifacts\output\delta_pipeline_2026-06_20260811\audit_test_na_20260811_v2\audit_funds\gnmx\filings\2026-06\filing_data.txt","1259","3ef19117ed8bf29afb178bdc3340ea16b11d9ee6d3dc1190a8775ec67f045396"
"local-artifacts\output\delta_pipeline_2026-06_20260811\audit_test_na_20260811_v2\audit_funds\gnmx\filings\2026-06\holdings.csv","8411","8dff1a9d80c1a2cc666768398df14289119ecd7eeb6c843359b6b4506819a460"
"local-artifacts\output\delta_pipeline_2026-06_20260811\audit_test_na_20260811_v2\audit_funds\gnmx\fund_config.txt","1020","4a61956f3d5b27b45e006f0f4e6139560471e7b4c166db85ebee52eafd469d5c"
"local-artifacts\output\delta_pipeline_2026-06_20260811\audit_test_na_20260811_v2\audit_funds\hjun\filings\2026-06\debt_securities.csv","126","f8c62af2c8d10c184a45a5c654c8c1edca52523cb9ad0184bb5d675c2e2c8458"
"local-artifacts\output\delta_pipeline_2026-06_20260811\audit_test_na_20260811_v2\audit_funds\hjun\filings\2026-06\derivatives.csv","677","38e456ac94cb15c377e869772f35a674b82924931b0ac327c3846fa34056afa7"
"local-artifacts\output\delta_pipeline_2026-06_20260811\audit_test_na_20260811_v2\audit_funds\hjun\filings\2026-06\filing_data.txt","1823","cbf55a3c2d44089e8d0acbef6e1743c561b1dfa8b0f3a16ee9de2a88648e56a3"
"local-artifacts\output\delta_pipeline_2026-06_20260811\audit_test_na_20260811_v2\audit_funds\hjun\filings\2026-06\holdings.csv","1161","7966c9dfafc67ac52a3bd12aad211c9842902662afa49d9b8f026bea6a2a4f3d"
"local-artifacts\output\delta_pipeline_2026-06_20260811\audit_test_na_20260811_v2\audit_funds\hjun\fund_config.txt","1041","860240ddb81b6cabcbc60ae0727e1a8f93820ae62ee663249f1e86f5d510a036"
"local-artifacts\output\delta_pipeline_2026-06_20260811\audit_test_na_20260811_v2\audit_funds\hmay\filings\2026-06\debt_securities.csv","127","992a538c03ceb25a687fa39ba6abf204feb7aad961b3673ca1426bf1992822f1"
"local-artifacts\output\delta_pipeline_2026-06_20260811\audit_test_na_20260811_v2\audit_funds\hmay\filings\2026-06\derivatives.csv","678","5ba03faa6ad4d70ef8cc34f740976b113de90feb0a16085a7df52016a14f7948"
"local-artifacts\output\delta_pipeline_2026-06_20260811\audit_test_na_20260811_v2\audit_funds\hmay\filings\2026-06\filing_data.txt","1834","adf3fb4f413797967a359660f105a3632afecbf99ad9ffd2df36d3ddd748b0e9"
"local-artifacts\output\delta_pipeline_2026-06_20260811\audit_test_na_20260811_v2\audit_funds\hmay\filings\2026-06\holdings.csv","1166","7921b10d5170c99ae9b4a08497cdaaa85c70bc57bced301ef69e98d4d7cbfe30"
"local-artifacts\output\delta_pipeline_2026-06_20260811\audit_test_na_20260811_v2\audit_funds\hmay\fund_config.txt","1040","8138dd1f86298658c009e0344a8f2d48b6d83a1f198c4657134a1477d8287171"
"local-artifacts\output\delta_pipeline_2026-06_20260811\audit_test_na_20260811_v2\audit_funds\hull\filings\2026-06\filing_data.txt","1260","d5f0df8560b1f564268d9ea7222cc808c5c5048403cc961b6c985c74afbf0ce8"
"local-artifacts\output\delta_pipeline_2026-06_20260811\audit_test_na_20260811_v2\audit_funds\hull\filings\2026-06\holdings.csv","6013","9298838b04d6f2ed586973ff8bad11b6b4d847fc85cf9dfc55b0e57eb27ecbf8"
"local-artifacts\output\delta_pipeline_2026-06_20260811\audit_test_na_20260811_v2\audit_funds\hull\fund_config.txt","1018","99ac8a3f04970c0ce1dde26da311e9efcdc5c6dde9c24dcb8eac129248c24cdf"
"local-artifacts\output\delta_pipeline_2026-06_20260811\audit_test_na_20260811_v2\audit_funds\idjn\filings\2026-06\debt_securities.csv","126","f8c62af2c8d10c184a45a5c654c8c1edca52523cb9ad0184bb5d675c2e2c8458"
"local-artifacts\output\delta_pipeline_2026-06_20260811\audit_test_na_20260811_v2\audit_funds\idjn\filings\2026-06\derivatives.csv","845","3e6832a2cf7d9d78bb1a620464b0c33347a18b0a806f07108f570157077b5a12"
"local-artifacts\output\delta_pipeline_2026-06_20260811\audit_test_na_20260811_v2\audit_funds\idjn\filings\2026-06\filing_data.txt","1830","7a7f606e8fbdfd9ec566266224232bd23e0ab502b2adc14f2a7ff6bebeff39a1"
"local-artifacts\output\delta_pipeline_2026-06_20260811\audit_test_na_20260811_v2\audit_funds\idjn\filings\2026-06\holdings.csv","1336","4bae6498b866176fb023d30bc276a89b21f9694c0de74ac61f944704cad28aac"
"local-artifacts\output\delta_pipeline_2026-06_20260811\audit_test_na_20260811_v2\audit_funds\idjn\fund_config.txt","1059","8ab520efa37c26a0809c36a6be075c54b33520a97f44d96f9e8a57517444c01b"
"local-artifacts\output\delta_pipeline_2026-06_20260811\audit_test_na_20260811_v2\audit_funds\idmy\filings\2026-06\debt_securities.csv","127","992a538c03ceb25a687fa39ba6abf204feb7aad961b3673ca1426bf1992822f1"
"local-artifacts\output\delta_pipeline_2026-06_20260811\audit_test_na_20260811_v2\audit_funds\idmy\filings\2026-06\derivatives.csv","848","56b8946f0f1712e615a1420d31b3688ac1ff1f52b371ee36ad532abcfbb76421"
"local-artifacts\output\delta_pipeline_2026-06_20260811\audit_test_na_20260811_v2\audit_funds\idmy\filings\2026-06\filing_data.txt","1838","3e9b28a70c13af8ee9968170381b4e85948cb1c4fda0df2b6e174183bb4af21d"
"local-artifacts\output\delta_pipeline_2026-06_20260811\audit_test_na_20260811_v2\audit_funds\idmy\filings\2026-06\holdings.csv","1347","197f97b4bcebfaca096271f726b1b7a39352c6c6f2c2d7d6861f5045b5cca5b9"
"local-artifacts\output\delta_pipeline_2026-06_20260811\audit_test_na_20260811_v2\audit_funds\idmy\fund_config.txt","1058","d74eefbbf22a981d09e5f1027ab203f2b56dc8e0bbe55f37bb07e78bd1d2cfa5"
"local-artifacts\output\delta_pipeline_2026-06_20260811\audit_test_na_20260811_v2\audit_funds\joul\filings\2026-06\filing_data.txt","1271","5311e9b6ee2dc62571ee8c32d8ff6c71bd6ccdd5afa59c46537f95068bf6269a"
"local-artifacts\output\delta_pipeline_2026-06_20260811\audit_test_na_20260811_v2\audit_funds\joul\filings\2026-06\holdings.csv","2954","680eb6f70600f9075e684faba121b823b9ca13fa07b42a7f4cc1fabc4ab09fa7"
"local-artifacts\output\delta_pipeline_2026-06_20260811\audit_test_na_20260811_v2\audit_funds\joul\fund_config.txt","1018","2898b2317f009c605f4b3284002cffa420954a7cda031b1e6a2f624d291511c3"
"local-artifacts\output\delta_pipeline_2026-06_20260811\audit_test_na_20260811_v2\audit_funds\junc\filings\2026-06\debt_securities.csv","126","f8c62af2c8d10c184a45a5c654c8c1edca52523cb9ad0184bb5d675c2e2c8458"
"local-artifacts\output\delta_pipeline_2026-06_20260811\audit_test_na_20260811_v2\audit_funds\junc\filings\2026-06\derivatives.csv","837","13378cfe84e3630fa7f837fd67c2e2fcf6e0e720f23134fde6c0d237b0b82966"
"local-artifacts\output\delta_pipeline_2026-06_20260811\audit_test_na_20260811_v2\audit_funds\junc\filings\2026-06\filing_data.txt","1823","1183eebd151324be3281fab623bed24abd3241c918142d14e3c647ff979bfb66"
"local-artifacts\output\delta_pipeline_2026-06_20260811\audit_test_na_20260811_v2\audit_funds\junc\filings\2026-06\holdings.csv","1347","4294a80cb8cc61839f37a9b39e2d6dd0ae927799dc60b8fa0212f5708559336e"
"local-artifacts\output\delta_pipeline_2026-06_20260811\audit_test_na_20260811_v2\audit_funds\junc\fund_config.txt","1040","a3e389a05e37a99a20213d6f197780e1e7b8c30436b307b28f891752b86221d3"
"local-artifacts\output\delta_pipeline_2026-06_20260811\audit_test_na_20260811_v2\audit_funds\keyx\filings\2026-06\derivatives.csv","615","212fc0c154dbf6d2b535f133bb963e51b21514ea9e6986e80bc13bf56fc0ca3a"
"local-artifacts\output\delta_pipeline_2026-06_20260811\audit_test_na_20260811_v2\audit_funds\keyx\filings\2026-06\filing_data.txt","1244","fb0e02066366526029476dfa849bf393b4fb461e5ac7e54f79c8a70015d31d8a"
"local-artifacts\output\delta_pipeline_2026-06_20260811\audit_test_na_20260811_v2\audit_funds\keyx\filings\2026-06\holdings.csv","635","3fd829e6b79d09bdef4317620545a85698dfeaab3e27975ff1351b61cc4a2ee4"
"local-artifacts\output\delta_pipeline_2026-06_20260811\audit_test_na_20260811_v2\audit_funds\keyx\fund_config.txt","953","38a9bf1dd79eb8f65e76a091af4bb58180245ec4f51eafd7bb32044a0a4eed4d"
"local-artifacts\output\delta_pipeline_2026-06_20260811\audit_test_na_20260811_v2\audit_funds\krwx\filings\2026-06\derivatives.csv","908","dc4e119966434a024c620979b3f8bb4462551ff78c284092de02ab4eab171256"
"local-artifacts\output\delta_pipeline_2026-06_20260811\audit_test_na_20260811_v2\audit_funds\krwx\filings\2026-06\filing_data.txt","1271","17bfa06b48acb86d6b6f727cc813fbca9a4209c570d65ded99e4ecff9d8ca9d7"
"local-artifacts\output\delta_pipeline_2026-06_20260811\audit_test_na_20260811_v2\audit_funds\krwx\filings\2026-06\holdings.csv","847","917a6b6a26a24ba9ad2c95a4dbc03a58d0ef30cc84c3e3511eeec9821c2a9a9c"
"local-artifacts\output\delta_pipeline_2026-06_20260811\audit_test_na_20260811_v2\audit_funds\krwx\fund_config.txt","1011","c14356bfb0937e4cddd8fc21789b25c1012da86237de9c9c9a60e12adaf7265c"
"local-artifacts\output\delta_pipeline_2026-06_20260811\audit_test_na_20260811_v2\audit_funds\kyc\filings\2026-06\filing_data.txt","1257","eff8e582da975750fd71b65a4c931685b09e9273a9c7bcd72025c9c82c354496"
"local-artifacts\output\delta_pipeline_2026-06_20260811\audit_test_na_20260811_v2\audit_funds\kyc\filings\2026-06\holdings.csv","7666","aee5cb4ce39249be3f3da47af00f419e1c7464c2faccf14cb15a3df400b6107b"
"local-artifacts\output\delta_pipeline_2026-06_20260811\audit_test_na_20260811_v2\audit_funds\kyc\fund_config.txt","1030","34085754adacda3ce4d276e943ea8b0a4759b9c76e4553a676fe85bd2be7a477"
"local-artifacts\output\delta_pipeline_2026-06_20260811\audit_test_na_20260811_v2\audit_funds\lasc\filings\2026-06\derivatives.csv","571","fd4407bb724a75701a0c8c11216a28f7293aa16a202f6f61a98c3fcf1306b5c2"
"local-artifacts\output\delta_pipeline_2026-06_20260811\audit_test_na_20260811_v2\audit_funds\lasc\filings\2026-06\filing_data.txt","1245","998e7a00c8838abfb72e7811119aef2fe1c360e243550cccd51f9b07646718a5"
"local-artifacts\output\delta_pipeline_2026-06_20260811\audit_test_na_20260811_v2\audit_funds\lasc\filings\2026-06\holdings.csv","621","ad4988f2af50a4931c7df78420ec3b280276cc38e60c8b72e9b120471006fb0d"
"local-artifacts\output\delta_pipeline_2026-06_20260811\audit_test_na_20260811_v2\audit_funds\lasc\fund_config.txt","953","bb79dc8b11f25d464a2ffb9c7ba4df0150f53740eeceb09173953b6c29d5c963"
"local-artifacts\output\delta_pipeline_2026-06_20260811\audit_test_na_20260811_v2\audit_funds\latr\filings\2026-06\filing_data.txt","1258","de1f7ce92bd7d6a7a041e6f1a399a0e91745544404b9848bc1c6e729bfd82784"
"local-artifacts\output\delta_pipeline_2026-06_20260811\audit_test_na_20260811_v2\audit_funds\latr\filings\2026-06\holdings.csv","3091","41903f3dcce2c6435f44ead8b96dff83594f95f3e481346268d46f7d475d0c2c"
"local-artifacts\output\delta_pipeline_2026-06_20260811\audit_test_na_20260811_v2\audit_funds\latr\fund_config.txt","1008","c0a64fcf79296b661c57d0b8b09ff7519187d326f4bec244b551dcd2aa8a5f7a"
"local-artifacts\output\delta_pipeline_2026-06_20260811\audit_test_na_20260811_v2\audit_funds\lrnx\filings\2026-06\derivatives.csv","570","bc7be3560fb22299816260d1347a9ddae032f9a17ca1e5e184d5cd3640124809"
"local-artifacts\output\delta_pipeline_2026-06_20260811\audit_test_na_20260811_v2\audit_funds\lrnx\filings\2026-06\filing_data.txt","1244","af071061c4182ecdbbd4e5a51ebe627a8838fae2b0b3e540eb95452b17987caf"
"local-artifacts\output\delta_pipeline_2026-06_20260811\audit_test_na_20260811_v2\audit_funds\lrnx\filings\2026-06\holdings.csv","618","3bf38530e1f81390c728e97e6e6eed250f078e94457eb519ef4ee8fa62fdcdf0"
"local-artifacts\output\delta_pipeline_2026-06_20260811\audit_test_na_20260811_v2\audit_funds\lrnx\fund_config.txt","951","c45b77155e0f5b69074b80f93f4353058b1d7fdc82f85b624c7daf53304570c7"
"local-artifacts\output\delta_pipeline_2026-06_20260811\audit_test_na_20260811_v2\audit_funds\mayc\filings\2026-06\debt_securities.csv","126","5cfbbeb3020fc11bb99fd1bcf9f0776fc88002b13e5777125341196795abb219"
"local-artifacts\output\delta_pipeline_2026-06_20260811\audit_test_na_20260811_v2\audit_funds\mayc\filings\2026-06\derivatives.csv","839","48b1f6becb6eded9d93c2be70f0881bde8d1f028197e0f6533d4ce6770508826"
"local-artifacts\output\delta_pipeline_2026-06_20260811\audit_test_na_20260811_v2\audit_funds\mayc\filings\2026-06\filing_data.txt","1846","c86d7607a4b682c25801094816d42edd40ca9ed491af425f8581327a52d7e459"
"local-artifacts\output\delta_pipeline_2026-06_20260811\audit_test_na_20260811_v2\audit_funds\mayc\filings\2026-06\holdings.csv","1352","5a78190b1e9b6afb73dca9bbc4c5ca68f55eda8fdb70a090018cacb50ea8aa5c"
"local-artifacts\output\delta_pipeline_2026-06_20260811\audit_test_na_20260811_v2\audit_funds\mayc\fund_config.txt","1039","ecd3e2867d391cb9b45ef7bd005517cfe326abef7c7475ea5a138044de9f1469"
"local-artifacts\output\delta_pipeline_2026-06_20260811\audit_test_na_20260811_v2\audit_funds\mgkx\filings\2026-06\derivatives.csv","634","860a6de2c5ab6ae54b49666713d76f6d0d66f46a420c18e2bcff024f136b82b8"
"local-artifacts\output\delta_pipeline_2026-06_20260811\audit_test_na_20260811_v2\audit_funds\mgkx\filings\2026-06\filing_data.txt","1248","e8fa9ecfca348e203ac7b82c9b3d8890dd3dc2fd7a239bd5e8f814f9375dd293"
"local-artifacts\output\delta_pipeline_2026-06_20260811\audit_test_na_20260811_v2\audit_funds\mgkx\filings\2026-06\holdings.csv","644","4304b870bbc004ddc9d91f040b05358adbfb99fe8f29911c3a831b425f843a5b"
"local-artifacts\output\delta_pipeline_2026-06_20260811\audit_test_na_20260811_v2\audit_funds\mgkx\fund_config.txt","1020","46b13c30a067c38e096bc72fd113a5efbfcd55351ca02eb7710de75d7c00293b"
"local-artifacts\output\delta_pipeline_2026-06_20260811\audit_test_na_20260811_v2\audit_funds\mnsx\filings\2026-06\derivatives.csv","608","200dab60bf10479a7784ff5829d6b7197bf10662616a93d234d39eb7be0b674a"
"local-artifacts\output\delta_pipeline_2026-06_20260811\audit_test_na_20260811_v2\audit_funds\mnsx\filings\2026-06\filing_data.txt","1243","61f8318b5ebdd8b38c534fc5b52690a82d9ea4af55e8850ee28aeb5b745d3db6"
"local-artifacts\output\delta_pipeline_2026-06_20260811\audit_test_na_20260811_v2\audit_funds\mnsx\filings\2026-06\holdings.csv","631","5c5eeeb2874252306c2ac2c50e27c128543148918606d067af6f75fa30d43a03"
"local-artifacts\output\delta_pipeline_2026-06_20260811\audit_test_na_20260811_v2\audit_funds\mnsx\fund_config.txt","953","3a201119a5a8c457cf7aa7541942896f4dfbb0325905b01002bd73126c513855"
"local-artifacts\output\delta_pipeline_2026-06_20260811\audit_test_na_20260811_v2\audit_funds\msix\filings\2026-06\derivatives.csv","606","60b3e380855b6788a367d6d331c2f5954c4d2edb6079b7f5302eb23c7f2679b0"
"local-artifacts\output\delta_pipeline_2026-06_20260811\audit_test_na_20260811_v2\audit_funds\msix\filings\2026-06\filing_data.txt","1244","4efe43b749e465a769791f9c14a68996fd1c1dcbc192620152a5e70af1d2b376"
"local-artifacts\output\delta_pipeline_2026-06_20260811\audit_test_na_20260811_v2\audit_funds\msix\filings\2026-06\holdings.csv","630","91809284f09b7ee5b585e014841f73c6d23510a329cf5a0deefae3a09d9ff019"
"local-artifacts\output\delta_pipeline_2026-06_20260811\audit_test_na_20260811_v2\audit_funds\msix\fund_config.txt","951","d315999abebd33512f8a12d06542c6ffbd34a6928505f613969c6b9fea44f3a3"
"local-artifacts\output\delta_pipeline_2026-06_20260811\audit_test_na_20260811_v2\audit_funds\nyny\filings\2026-06\filing_data.txt","1258","294b98debd4019f99187af9667caebe36a3964746775357c55e33745968c4fc8"
"local-artifacts\output\delta_pipeline_2026-06_20260811\audit_test_na_20260811_v2\audit_funds\nyny\filings\2026-06\holdings.csv","7906","f2929c86b92cb384d6fa2926f94339e6a8a1520348c845f61a8d1d6ad50916bc"
"local-artifacts\output\delta_pipeline_2026-06_20260811\audit_test_na_20260811_v2\audit_funds\nyny\fund_config.txt","1000","881f33385a3510f8d016edcf2a9d49177b4761ec40257b39f0fd5aa46af2d35f"
"local-artifacts\output\delta_pipeline_2026-06_20260811\audit_test_na_20260811_v2\audit_funds\oddz\filings\2026-06\filing_data.txt","1266","e0c122141b18dcbc6eb1c320c6ac957fc2b6ce2c9c22d2ca9149fe27bc7cf99e"
"local-artifacts\output\delta_pipeline_2026-06_20260811\audit_test_na_20260811_v2\audit_funds\oddz\filings\2026-06\holdings.csv","3714","00fcccafe789efa3a4d1ee22aefbe707d0deeda3d15131cd857d89b6859ebee5"
"local-artifacts\output\delta_pipeline_2026-06_20260811\audit_test_na_20260811_v2\audit_funds\oddz\fund_config.txt","1016","059f780b1de071867d8ef4e7600092403a2b68e3892a6e5a99afbabfc3f378e7"
"local-artifacts\output\delta_pipeline_2026-06_20260811\audit_test_na_20260811_v2\audit_funds\ontx\filings\2026-06\derivatives.csv","590","6b1618a81e588ea42c4e303e744fea9c283c13a720ec0c12d2499b621cbd4e71"
"local-artifacts\output\delta_pipeline_2026-06_20260811\audit_test_na_20260811_v2\audit_funds\ontx\filings\2026-06\filing_data.txt","1243","898e4493b191f20e10e16a8210564d5bdacaeabea53c08a0971238658c5439fe"
"local-artifacts\output\delta_pipeline_2026-06_20260811\audit_test_na_20260811_v2\audit_funds\ontx\filings\2026-06\holdings.csv","623","738bc39f919609a342796f6291081f4a864262527b9914911586291db98a3bfa"
"local-artifacts\output\delta_pipeline_2026-06_20260811\audit_test_na_20260811_v2\audit_funds\ontx\fund_config.txt","953","616ea335e60f4e45331a2fccad1cfee535e9c301bf8d8735dd3688ac519178f8"
"local-artifacts\output\delta_pipeline_2026-06_20260811\audit_test_na_20260811_v2\audit_funds\own\filings\2026-06\filing_data.txt","1257","6efcee5338c5d02d824687e81913116f9d85c8db1e3401ba16c84268f65884c8"
"local-artifacts\output\delta_pipeline_2026-06_20260811\audit_test_na_20260811_v2\audit_funds\own\filings\2026-06\holdings.csv","13512","d939f0f50567389c3e930b6978a3086fd3811d309597045c8d2818a7a33186a0"
"local-artifacts\output\delta_pipeline_2026-06_20260811\audit_test_na_20260811_v2\audit_funds\own\fund_config.txt","1004","2c92aa06dce31c9f48091cefb990efb377996a9221fdc3910879f5cf40ed4782"
"local-artifacts\output\delta_pipeline_2026-06_20260811\audit_test_na_20260811_v2\audit_funds\ptnt\filings\2026-06\filing_data.txt","1262","5287b6538d99e8dcde6cb4e1d25a40d2fd6d6c32e724359ba80986422a3aaaf6"
"local-artifacts\output\delta_pipeline_2026-06_20260811\audit_test_na_20260811_v2\audit_funds\ptnt\filings\2026-06\holdings.csv","4348","cf869af2bde07830ab5fa9a19099577aac08ee9a67c9dd01832ed4d07e2ac180"
"local-artifacts\output\delta_pipeline_2026-06_20260811\audit_test_na_20260811_v2\audit_funds\ptnt\fund_config.txt","1015","1c5a412262290048331bb307c44054ff92f74638c6878ddc34bb0b39c210b392"
"local-artifacts\output\delta_pipeline_2026-06_20260811\audit_test_na_20260811_v2\audit_funds\qjn\filings\2026-06\debt_securities.csv","126","f8c62af2c8d10c184a45a5c654c8c1edca52523cb9ad0184bb5d675c2e2c8458"
"local-artifacts\output\delta_pipeline_2026-06_20260811\audit_test_na_20260811_v2\audit_funds\qjn\filings\2026-06\derivatives.csv","849","735b406991fcf0111d315983b8ffd83eb133c6acd79bead068862149f2b791a6"
"local-artifacts\output\delta_pipeline_2026-06_20260811\audit_test_na_20260811_v2\audit_funds\qjn\filings\2026-06\filing_data.txt","1823","0aa60f689208062cfdaf12f11d66a29adaa4e1cfd632cbade767c37440643608"
"local-artifacts\output\delta_pipeline_2026-06_20260811\audit_test_na_20260811_v2\audit_funds\qjn\filings\2026-06\holdings.csv","1343","e6a0c0ccb94db857ba0a92494c25015cd99b27a086f3fcc06f5c45b4c21dd666"
"local-artifacts\output\delta_pipeline_2026-06_20260811\audit_test_na_20260811_v2\audit_funds\qjn\fund_config.txt","1045","004575aac95fbbe87a23becfa5c16d8e5e8d647de5178035cd75a1d8a97bc845"
"local-artifacts\output\delta_pipeline_2026-06_20260811\audit_test_na_20260811_v2\audit_funds\qmy\filings\2026-06\debt_securities.csv","127","992a538c03ceb25a687fa39ba6abf204feb7aad961b3673ca1426bf1992822f1"
"local-artifacts\output\delta_pipeline_2026-06_20260811\audit_test_na_20260811_v2\audit_funds\qmy\filings\2026-06\derivatives.csv","846","39a9d298cd11fcf4982100a5de40465dc3ae28ec33403de40159a04c5ac16573"
"local-artifacts\output\delta_pipeline_2026-06_20260811\audit_test_na_20260811_v2\audit_funds\qmy\filings\2026-06\filing_data.txt","1842","e2621c94ae7de822425d4d7438a7bed4093e7855db4f61da83094dcfffd698d2"
"local-artifacts\output\delta_pipeline_2026-06_20260811\audit_test_na_20260811_v2\audit_funds\qmy\filings\2026-06\holdings.csv","1343","53444ed159040006420bfb41f1fb975648d5de8ed1d205eeb21354707cd7a389"
"local-artifacts\output\delta_pipeline_2026-06_20260811\audit_test_na_20260811_v2\audit_funds\qmy\fund_config.txt","1044","037f9d995b14e476f74efe7a718d6aeb79f3f80a5708ce736ae163144813bbb3"
"local-artifacts\output\delta_pipeline_2026-06_20260811\audit_test_na_20260811_v2\audit_funds\qqjn\filings\2026-06\debt_securities.csv","126","f8c62af2c8d10c184a45a5c654c8c1edca52523cb9ad0184bb5d675c2e2c8458"
"local-artifacts\output\delta_pipeline_2026-06_20260811\audit_test_na_20260811_v2\audit_funds\qqjn\filings\2026-06\derivatives.csv","851","24badf0ae91bafcfe31bbc702fe489ee98e8f108a80f8f013c9168980c0677b2"
"local-artifacts\output\delta_pipeline_2026-06_20260811\audit_test_na_20260811_v2\audit_funds\qqjn\filings\2026-06\filing_data.txt","1826","38746c53dda0fdf5eb4c3ac36708d19a838fa3e5e55f74c742a90e9c4b6456e2"
"local-artifacts\output\delta_pipeline_2026-06_20260811\audit_test_na_20260811_v2\audit_funds\qqjn\filings\2026-06\holdings.csv","1351","f685e0cc8c71e0236ec5d479358a1ff86b583fa90e9004b1b0ca13852cd0a2d3"
"local-artifacts\output\delta_pipeline_2026-06_20260811\audit_test_na_20260811_v2\audit_funds\qqjn\fund_config.txt","1046","b3522692f0c9b0a268ebcb0ca8233472214ae256a7327779119e1225939d9688"
"local-artifacts\output\delta_pipeline_2026-06_20260811\audit_test_na_20260811_v2\audit_funds\qqmy\filings\2026-06\debt_securities.csv","126","5cfbbeb3020fc11bb99fd1bcf9f0776fc88002b13e5777125341196795abb219"
"local-artifacts\output\delta_pipeline_2026-06_20260811\audit_test_na_20260811_v2\audit_funds\qqmy\filings\2026-06\derivatives.csv","852","a85f620dfdd6f1cef156a6769c12c4348c578833a84c316e756869abeed01a0a"
"local-artifacts\output\delta_pipeline_2026-06_20260811\audit_test_na_20260811_v2\audit_funds\qqmy\filings\2026-06\filing_data.txt","1840","8f49a47176b3eaee6e513f00791162b604cc2c885ee9afd9c4fa91bd489e27ae"
"local-artifacts\output\delta_pipeline_2026-06_20260811\audit_test_na_20260811_v2\audit_funds\qqmy\filings\2026-06\holdings.csv","1349","e3b695b7bb2617ce388df57f59d050007cd17d35c0e847d4caf06db0a836e19d"
"local-artifacts\output\delta_pipeline_2026-06_20260811\audit_test_na_20260811_v2\audit_funds\qqmy\fund_config.txt","1045","a38d9ca68cfc40c609ff19a0a6bbee0727a746422f3039cb8a962a6803411855"
"local-artifacts\output\delta_pipeline_2026-06_20260811\audit_test_na_20260811_v2\audit_funds\rmbc\filings\2026-06\derivatives.csv","565","72ee793d1443f7630f689af277710d60f2fb6255df149db3ade6633a45b77481"
"local-artifacts\output\delta_pipeline_2026-06_20260811\audit_test_na_20260811_v2\audit_funds\rmbc\filings\2026-06\filing_data.txt","1235","af8e2e65900a4b141879eb40bd46476680b857b019a7395fb1e5d228f512374d"
"local-artifacts\output\delta_pipeline_2026-06_20260811\audit_test_na_20260811_v2\audit_funds\rmbc\filings\2026-06\holdings.csv","618","1dc520c52bb2925107c683b6c1fd23fa4f561f8f7e04e6a9899c9fa14ead1310"
"local-artifacts\output\delta_pipeline_2026-06_20260811\audit_test_na_20260811_v2\audit_funds\rmbc\fund_config.txt","953","493f70f0b6079cf4d07e7fcd5d8531bc3c7f9de9ed03781e9f24e95f633d1219"
"local-artifacts\output\delta_pipeline_2026-06_20260811\audit_test_na_20260811_v2\audit_funds\scjn\filings\2026-06\debt_securities.csv","126","f8c62af2c8d10c184a45a5c654c8c1edca52523cb9ad0184bb5d675c2e2c8458"
"local-artifacts\output\delta_pipeline_2026-06_20260811\audit_test_na_20260811_v2\audit_funds\scjn\filings\2026-06\derivatives.csv","856","f23197ce9289694a662337194e465397c15278ae2de813dd8e19f7050dbfd093"
"local-artifacts\output\delta_pipeline_2026-06_20260811\audit_test_na_20260811_v2\audit_funds\scjn\filings\2026-06\filing_data.txt","1827","2b7b473469231572c04eed75c212de657e3d827ba2eefc06da25d7d8cf2d29b0"
"local-artifacts\output\delta_pipeline_2026-06_20260811\audit_test_na_20260811_v2\audit_funds\scjn\filings\2026-06\holdings.csv","1343","e83a136af7652b3ceedee5ad2607695861297315cae284ff563a32b5f3162b4a"
"local-artifacts\output\delta_pipeline_2026-06_20260811\audit_test_na_20260811_v2\audit_funds\scjn\fund_config.txt","1041","ee3aaa1947526747d58d778efdae87dd51d8fbf7d684a10f1a6b943c638d2734"
"local-artifacts\output\delta_pipeline_2026-06_20260811\audit_test_na_20260811_v2\audit_funds\scmy\filings\2026-06\debt_securities.csv","127","992a538c03ceb25a687fa39ba6abf204feb7aad961b3673ca1426bf1992822f1"
"local-artifacts\output\delta_pipeline_2026-06_20260811\audit_test_na_20260811_v2\audit_funds\scmy\filings\2026-06\derivatives.csv","857","28c1b149a6c433483c0c9fbbe7d64cea4569e13a578af7295bf19a21207015f4"
"local-artifacts\output\delta_pipeline_2026-06_20260811\audit_test_na_20260811_v2\audit_funds\scmy\filings\2026-06\filing_data.txt","1837","d9e8a1deb8f8b9d6a07b561045d23880ef41c601731fb6fbcc4fb2d08f192535"
"local-artifacts\output\delta_pipeline_2026-06_20260811\audit_test_na_20260811_v2\audit_funds\scmy\filings\2026-06\holdings.csv","1347","49aeb93fde8603639ca240d07a5ee5fad1566863cd3410411ed2f11a58a60ae8"
"local-artifacts\output\delta_pipeline_2026-06_20260811\audit_test_na_20260811_v2\audit_funds\scmy\fund_config.txt","1040","67f473f4c5cbbf4c0b09842308b02399f134aeaf65860e46bb9bc9ae6da4ee0c"
"local-artifacts\output\delta_pipeline_2026-06_20260811\audit_test_na_20260811_v2\audit_funds\simx\filings\2026-06\derivatives.csv","635","1198f12200871893168524fe3ce81a726a637b3f06729257cb4f06196f3e2bfe"
"local-artifacts\output\delta_pipeline_2026-06_20260811\audit_test_na_20260811_v2\audit_funds\simx\filings\2026-06\filing_data.txt","1243","1523a56bf60355a805d64d1dbe703acab40520777e5902cf2be0176966dca12c"
"local-artifacts\output\delta_pipeline_2026-06_20260811\audit_test_na_20260811_v2\audit_funds\simx\filings\2026-06\holdings.csv","640","a9cb467b77ad52b8c6bec527b499d989641061920eb99205ad274d84e1e02276"
"local-artifacts\output\delta_pipeline_2026-06_20260811\audit_test_na_20260811_v2\audit_funds\simx\fund_config.txt","953","9da037e3a9c8395dd2d54b7e1678fb7a55926908bb6a13193c52fc7f7bd267ce"
"local-artifacts\output\delta_pipeline_2026-06_20260811\audit_test_na_20260811_v2\audit_funds\styl\filings\2026-06\filing_data.txt","1260","c05f9835b9f9350365db6ccce910de47c5082940e96132cf9fe775e26378bc16"
"local-artifacts\output\delta_pipeline_2026-06_20260811\audit_test_na_20260811_v2\audit_funds\styl\filings\2026-06\holdings.csv","6480","55a326ba1fe84a1cb801853c7e767df36070252061ccda4a86e75d125c91ed96"
"local-artifacts\output\delta_pipeline_2026-06_20260811\audit_test_na_20260811_v2\audit_funds\styl\fund_config.txt","1007","78eb8cda718d244e62dfb3ad579e764e1d21d9339d55d31975ade1e9f601d6e4"
"local-artifacts\output\delta_pipeline_2026-06_20260811\audit_test_na_20260811_v2\audit_funds\tajx\filings\2026-06\derivatives.csv","603","deeab1dae6ace0ab5ab22fef7f6b4061238f00e97d6afbb5bd4b166a3ad6f9d1"
"local-artifacts\output\delta_pipeline_2026-06_20260811\audit_test_na_20260811_v2\audit_funds\tajx\filings\2026-06\filing_data.txt","1259","55812c745cc0fc88c3d05e59f91ef5f5290eb5d55975e14d97b2208d45cfee53"
"local-artifacts\output\delta_pipeline_2026-06_20260811\audit_test_na_20260811_v2\audit_funds\tajx\filings\2026-06\holdings.csv","629","14c5c374755e2564ee97e2dd3118898578afe428d3278a7c24dde63ea1b90d98"
"local-artifacts\output\delta_pipeline_2026-06_20260811\audit_test_na_20260811_v2\audit_funds\tajx\fund_config.txt","1005","f0f857c6dc2b08ef96575cccc72cfcb13e6207db9e3335c9c6011c905670ab8f"
"local-artifacts\output\delta_pipeline_2026-06_20260811\audit_test_na_20260811_v2\audit_funds\tplx\filings\2026-06\derivatives.csv","615","83c6b35521b0b305129bf0fa40b682265825dbad99d86dd60951cba603a0e65d"
"local-artifacts\output\delta_pipeline_2026-06_20260811\audit_test_na_20260811_v2\audit_funds\tplx\filings\2026-06\filing_data.txt","1244","be6403cc245ce09233727e37498b2f57d666580621b5d65b0b4c98f5569e0b15"
"local-artifacts\output\delta_pipeline_2026-06_20260811\audit_test_na_20260811_v2\audit_funds\tplx\filings\2026-06\holdings.csv","634","3e44a80afcbada9ee44f86a2fe8b4ef9d25d7cbba714cf61c1afd5a219633893"
"local-artifacts\output\delta_pipeline_2026-06_20260811\audit_test_na_20260811_v2\audit_funds\tplx\fund_config.txt","951","3dadb25f109ce84381c5a5b0c41f6b9d227891f17624351dc2d7eaa9a5de019c"
"local-artifacts\output\delta_pipeline_2026-06_20260811\audit_test_na_20260811_v2\audit_funds\umcx\filings\2026-06\derivatives.csv","630","7956bc04a6c1e049ca04833b755f8405511470c20509e24b7a142db23d3ac2f7"
"local-artifacts\output\delta_pipeline_2026-06_20260811\audit_test_na_20260811_v2\audit_funds\umcx\filings\2026-06\filing_data.txt","1244","5f9a9ddce3da14753782738fef02ceb82058e779321ad1ee53db99325f4c75d9"
"local-artifacts\output\delta_pipeline_2026-06_20260811\audit_test_na_20260811_v2\audit_funds\umcx\filings\2026-06\holdings.csv","640","424f4ee74b11de61a1aed3b2f686e5389d26775a09652756c8724cf6eb8b3c93"
"local-artifacts\output\delta_pipeline_2026-06_20260811\audit_test_na_20260811_v2\audit_funds\umcx\fund_config.txt","951","ae3f487cc6702f8fdf3ac76722c8a8d3ea900184061971710c3832734f31a09f"
"local-artifacts\output\delta_pipeline_2026-06_20260811\audit_test_na_20260811_v2\audit_funds\usx\filings\2026-06\derivatives.csv","654","4c853e83f1fc7726367b6bca77e4ee0c3d252cf6e7356634c80c67d6aca38af4"
"local-artifacts\output\delta_pipeline_2026-06_20260811\audit_test_na_20260811_v2\audit_funds\usx\filings\2026-06\filing_data.txt","1257","9601ab15f42950be993740bf8fa2913e331601795034737e85b0c06f42fc77cb"
"local-artifacts\output\delta_pipeline_2026-06_20260811\audit_test_na_20260811_v2\audit_funds\usx\filings\2026-06\holdings.csv","658","10dbc2b5b2a71e52eb03d02ffdede9138f1fbc469eb3c0e22c7dd48492c2e656"
"local-artifacts\output\delta_pipeline_2026-06_20260811\audit_test_na_20260811_v2\audit_funds\usx\fund_config.txt","1016","d712749fe0a51fac6547bb1364f963fa8f1dd6f9614c9ab8365cc09d54e84bbb"
"local-artifacts\output\delta_pipeline_2026-06_20260811\audit_test_na_20260811_v2\audit_funds\vbx\filings\2026-06\derivatives.csv","638","632ec7699c818d6da17790882e899e8ae58b905bf76f7f6053775eecdcba31ae"
"local-artifacts\output\delta_pipeline_2026-06_20260811\audit_test_na_20260811_v2\audit_funds\vbx\filings\2026-06\filing_data.txt","1254","9c4b4702526760366e5be8e1fbfc5fdf28841714d5289730e9dc54bcbc19ef3a"
"local-artifacts\output\delta_pipeline_2026-06_20260811\audit_test_na_20260811_v2\audit_funds\vbx\filings\2026-06\holdings.csv","646","d80ff2908c1ad3656db91e3adc26dd0f109efc82927d04241140c9cdfc96fa94"
"local-artifacts\output\delta_pipeline_2026-06_20260811\audit_test_na_20260811_v2\audit_funds\vbx\fund_config.txt","1013","fcf1cd8f29785e7ff9f91afaa3b4f324f8a9c83c61e2a7b34768f12d05571cb3"
"local-artifacts\output\delta_pipeline_2026-06_20260811\audit_test_na_20260811_v2\audit_funds\voox\filings\2026-06\derivatives.csv","588","481c11dd13aae288d281b797f740581c4bfaadabef1970bc85370b3d79140060"
"local-artifacts\output\delta_pipeline_2026-06_20260811\audit_test_na_20260811_v2\audit_funds\voox\filings\2026-06\filing_data.txt","1258","356eb88277f0765187e6ef168b1d691be0d8963d6cafd9990f38cfea77d004fe"
"local-artifacts\output\delta_pipeline_2026-06_20260811\audit_test_na_20260811_v2\audit_funds\voox\filings\2026-06\holdings.csv","629","fbeda122865748054573114383a1f3e1a4320b9dff00272d6ae2704912ca1b7d"
"local-artifacts\output\delta_pipeline_2026-06_20260811\audit_test_na_20260811_v2\audit_funds\voox\fund_config.txt","1014","ef07aec1fd066761a3f9650d4d3241ab10d3994ecddb329d6b65ba800338ebfe"
"local-artifacts\output\delta_pipeline_2026-06_20260811\audit_test_na_20260811_v2\audit_funds\wats\filings\2026-06\filing_data.txt","1266","d55fd3b4378ecf47110ec3767083b61fe5dea80cec5e3b155995869c571dd99b"
"local-artifacts\output\delta_pipeline_2026-06_20260811\audit_test_na_20260811_v2\audit_funds\wats\filings\2026-06\holdings.csv","3478","b05322419dfd9a0e475c15c7d2190e3fc5cecb97ca0a957651b788ecdd31451c"
"local-artifacts\output\delta_pipeline_2026-06_20260811\audit_test_na_20260811_v2\audit_funds\wats\fund_config.txt","1021","9b3cc282cd174086918edad6959bcc24e842e7df1d1f920a36792b4d048ebaa1"
"local-artifacts\output\delta_pipeline_2026-06_20260811\audit_test_na_20260811_v2\audit_funds\webx\filings\2026-06\derivatives.csv","631","378e32bda600666ff008d22c1655741f63ccac1e1c3e637b2e9fbfeb9efb9375"
"local-artifacts\output\delta_pipeline_2026-06_20260811\audit_test_na_20260811_v2\audit_funds\webx\filings\2026-06\filing_data.txt","1265","b325655bef925cafc96b18fd4858c7fc6f2f347d7cfba250938a67dcb7a7383c"
"local-artifacts\output\delta_pipeline_2026-06_20260811\audit_test_na_20260811_v2\audit_funds\webx\filings\2026-06\holdings.csv","641","ff9f52e42d0e18c26f4999c15f92755c396d7d79f8e9a807b32894dc7c6381dd"
"local-artifacts\output\delta_pipeline_2026-06_20260811\audit_test_na_20260811_v2\audit_funds\webx\fund_config.txt","1016","2369975c739857cdea44ad19572e1f913a31c1b556706f2b6c40341cc411d52e"
"local-artifacts\output\delta_pipeline_2026-06_20260811\audit_test_na_20260811_v2\audit_funds\wndr\filings\2026-06\filing_data.txt","1258","f1a20f2526aab110c400b4be157faa37a523c39f83015e9926ed2b9a64249ee9"
"local-artifacts\output\delta_pipeline_2026-06_20260811\audit_test_na_20260811_v2\audit_funds\wndr\filings\2026-06\holdings.csv","8458","25a3de7299bdae7d5cd070b4ec912c6ed0b866ca92a9405a86a7f95c01800f79"
"local-artifacts\output\delta_pipeline_2026-06_20260811\audit_test_na_20260811_v2\audit_funds\wndr\fund_config.txt","1007","b50f75c8b0f1ef90b89f945ad004f42d3b4c5f44616d9202f88ddac148a69261"
"local-artifacts\output\delta_pipeline_2026-06_20260811\audit_test_na_20260811_v2\audit_funds\wr\filings\2026-06\filing_data.txt","1258","acbabd757a710177368f9fd8944400459ac2ef3e2f50ae1a0af2acc7d5a6357e"
"local-artifacts\output\delta_pipeline_2026-06_20260811\audit_test_na_20260811_v2\audit_funds\wr\filings\2026-06\holdings.csv","7915","2aada9baa5912affad69fe97460a34700005dfd061710579e6cad2c679c92e0d"
"local-artifacts\output\delta_pipeline_2026-06_20260811\audit_test_na_20260811_v2\audit_funds\wr\fund_config.txt","1005","69f0fd453867bec86425870df7742b407c510ad7fd9e8bff63e97d4df87b1652"
"local-artifacts\output\delta_pipeline_2026-06_20260811\audit_test_na_20260811_v2\audit_funds\wx\filings\2026-06\derivatives.csv","652","27a40fdfb2fe62c6a9e05026dd822886b442e8b8771868facb68371c0445d298"
"local-artifacts\output\delta_pipeline_2026-06_20260811\audit_test_na_20260811_v2\audit_funds\wx\filings\2026-06\filing_data.txt","1259","7b29cba8a6f3bef76df17d2dd931f700d6527f2cf4684f10a88bb7e332244821"
"local-artifacts\output\delta_pipeline_2026-06_20260811\audit_test_na_20260811_v2\audit_funds\wx\filings\2026-06\holdings.csv","657","858cc27d6930e7fb6e11fae471323f9d2310d0865d2ccb97ed26674cdfbc7538"
"local-artifacts\output\delta_pipeline_2026-06_20260811\audit_test_na_20260811_v2\audit_funds\wx\fund_config.txt","1007","9c194f70ade5b8f21d5b96a97387ecddd1e1a2e03ca90d8fb744b883b36dbf37"
"local-artifacts\output\delta_pipeline_2026-06_20260811\audit_test_na_20260811_v2\audit_funds\xa\filings\2026-06\filing_data.txt","1259","4a57284d0eb0e8ea8d3fb44591ccce2c103c4ae9447ad030021b0e385488bfd5"
"local-artifacts\output\delta_pipeline_2026-06_20260811\audit_test_na_20260811_v2\audit_funds\xa\filings\2026-06\holdings.csv","3584","4674b7f9fa1b68518ec3902f3e5f0d8c814265b78f96b0bc3677cd9143c4772e"
"local-artifacts\output\delta_pipeline_2026-06_20260811\audit_test_na_20260811_v2\audit_funds\xa\fund_config.txt","1005","645208838662f19e2d0c7bdb606c493e50157201347c876cd17c99ab370fe017"
"local-artifacts\output\delta_pipeline_2026-06_20260811\audit_test_na_20260811_v2\audit_funds\xagi\filings\2026-06\derivatives.csv","711","cc3a937667c6adbe00a65c88156d7abb661abcba0266de38232f49671bfc0e6c"
"local-artifacts\output\delta_pipeline_2026-06_20260811\audit_test_na_20260811_v2\audit_funds\xagi\filings\2026-06\filing_data.txt","1261","77cfd6dd84ca9c917f900db5e8fc43ea118a5ac43d04127680b68465bb7bfcff"
"local-artifacts\output\delta_pipeline_2026-06_20260811\audit_test_na_20260811_v2\audit_funds\xagi\filings\2026-06\holdings.csv","682","ef572723325b071c11f188120244b8a07f0a6e5a64364a5d51475c9ed04d6c12"
"local-artifacts\output\delta_pipeline_2026-06_20260811\audit_test_na_20260811_v2\audit_funds\xagi\fund_config.txt","1004","6ebbfa3423d28230c5675761c49e280973a0ccc773ef6b6cc5665a2c832a78ef"
"local-artifacts\output\delta_pipeline_2026-06_20260811\audit_test_na_20260811_v2\audit_funds\xbix\filings\2026-06\derivatives.csv","630","9f391c0e4e205ea30103300fe44452acff9aca0827fd470ab3018634aead14f3"
"local-artifacts\output\delta_pipeline_2026-06_20260811\audit_test_na_20260811_v2\audit_funds\xbix\filings\2026-06\filing_data.txt","1258","bd09f9b73e6a3acf677374e35a67625709f73087797de73a0d509b1370066664"
"local-artifacts\output\delta_pipeline_2026-06_20260811\audit_test_na_20260811_v2\audit_funds\xbix\filings\2026-06\holdings.csv","639","9733af42dd0f664813a38f25f60b0ef036a772262eb5615448df29a0dbadb5ab"
"local-artifacts\output\delta_pipeline_2026-06_20260811\audit_test_na_20260811_v2\audit_funds\xbix\fund_config.txt","1012","f825be5f357a01c0b8f9af1657b056ba1a76b4b198cc607a5080786ead0f3331"
"local-artifacts\output\delta_pipeline_2026-06_20260811\audit_test_na_20260811_v2\audit_funds\xcom\filings\2026-06\derivatives.csv","693","4f384f1dbf5e0a51761ceb0b0ecd5b3dd34e133efd8d636eeecdc85777c808af"
"local-artifacts\output\delta_pipeline_2026-06_20260811\audit_test_na_20260811_v2\audit_funds\xcom\filings\2026-06\filing_data.txt","1261","c30d30f82c019d0d91a37baeff5a7efff8214484dd5c2532e18fc0c0d297c69d"
"local-artifacts\output\delta_pipeline_2026-06_20260811\audit_test_na_20260811_v2\audit_funds\xcom\filings\2026-06\holdings.csv","674","ce9e2c2af9718400e37920178ea469f3c9a2f39ef655ef7ac5cfcff4d209f941"
"local-artifacts\output\delta_pipeline_2026-06_20260811\audit_test_na_20260811_v2\audit_funds\xcom\fund_config.txt","1015","f59a9a660b5e8bbb9995b24bf2ad0e9ee7884c20964d05724135f1829b2b683b"
"local-artifacts\output\delta_pipeline_2026-06_20260811\audit_test_na_20260811_v2\audit_funds\xeur\filings\2026-06\derivatives.csv","608","f723b40f6ae35216510b2b4ff6ef7602fe3423f7508b4b515763230bf6de57c9"
"local-artifacts\output\delta_pipeline_2026-06_20260811\audit_test_na_20260811_v2\audit_funds\xeur\filings\2026-06\filing_data.txt","1247","5e74f9c1d5b5e2025ba7d15d81bdda6246ba2a3772837a05c61d8ad2fb039b39"
"local-artifacts\output\delta_pipeline_2026-06_20260811\audit_test_na_20260811_v2\audit_funds\xeur\filings\2026-06\holdings.csv","633","30881cae270f6a3f406ea769be0377767f615cb076505057d0b582328e0cadc0"
"local-artifacts\output\delta_pipeline_2026-06_20260811\audit_test_na_20260811_v2\audit_funds\xeur\fund_config.txt","1015","9c1c61da7b17a7bf5e8bc1a6b483c57733f614ffae458593d2d0f5638fae8b33"
"local-artifacts\output\delta_pipeline_2026-06_20260811\audit_test_na_20260811_v2\audit_funds\xhoa\filings\2026-06\derivatives.csv","659","a90f82d76b73d07275b86011d0de1a0ed0144e771657355c73f93f0911982d05"
"local-artifacts\output\delta_pipeline_2026-06_20260811\audit_test_na_20260811_v2\audit_funds\xhoa\filings\2026-06\filing_data.txt","1251","bb25c6b0b5be2f7367e7c8925fd506d74f3eccebb6433513c0d00d2abf5e71d6"
"local-artifacts\output\delta_pipeline_2026-06_20260811\audit_test_na_20260811_v2\audit_funds\xhoa\filings\2026-06\holdings.csv","652","4da12a68b1a498272193306297995845a70bcb2775ddd55155a4a589417028a2"
"local-artifacts\output\delta_pipeline_2026-06_20260811\audit_test_na_20260811_v2\audit_funds\xhoa\fund_config.txt","1016","699735b177cfec233db715f651c948c089d570a074e1820751e63d493292689a"
"local-artifacts\output\delta_pipeline_2026-06_20260811\audit_test_na_20260811_v2\audit_funds\xiwc\filings\2026-06\derivatives.csv","598","126ecb5ecdc5b61a2b795b5a0aa0ebd214c6631adb1bc55dded60878484634f5"
"local-artifacts\output\delta_pipeline_2026-06_20260811\audit_test_na_20260811_v2\audit_funds\xiwc\filings\2026-06\filing_data.txt","1257","e5b521ad3f4b22ccc13b8c8f2ff82429b571ec2351d715d3aa141fb184bce06e"
"local-artifacts\output\delta_pipeline_2026-06_20260811\audit_test_na_20260811_v2\audit_funds\xiwc\filings\2026-06\holdings.csv","628","b1d0733de79d7bdbf2a4216b359352db6d72082c0056a39de3cff88877805626"
"local-artifacts\output\delta_pipeline_2026-06_20260811\audit_test_na_20260811_v2\audit_funds\xiwc\fund_config.txt","1014","e38c26e3d3ae24df33976dedd2078f929a706e02c302c36f5b7d1bf6579467d1"
"local-artifacts\output\delta_pipeline_2026-06_20260811\audit_test_na_20260811_v2\audit_funds\xkre\filings\2026-06\derivatives.csv","646","c2d72b3fc42b943b9148e54af3779a3ef04cc32d4f2f1f638fec8d3392121e03"
"local-artifacts\output\delta_pipeline_2026-06_20260811\audit_test_na_20260811_v2\audit_funds\xkre\filings\2026-06\filing_data.txt","1256","4d96d943b9f18b3dcc394ccac0d6696a934755752066e522c992a10a24c40319"
"local-artifacts\output\delta_pipeline_2026-06_20260811\audit_test_na_20260811_v2\audit_funds\xkre\filings\2026-06\holdings.csv","647","5f4292e65ce7b8b1f0575d37ba16594569822e21dd2c6cb2cbbd26ff88203399"
"local-artifacts\output\delta_pipeline_2026-06_20260811\audit_test_na_20260811_v2\audit_funds\xkre\fund_config.txt","1019","547e41d3d5b6090e80ef696ec5b08002087a2e5286058a06a2948bda3b19d49c"
"local-artifacts\output\delta_pipeline_2026-06_20260811\audit_test_na_20260811_v2\audit_funds\xlbx\filings\2026-06\derivatives.csv","652","bd92bcbb276556b191bfdae1c042f65b374566b324acb23f5d78d34e639de56c"
"local-artifacts\output\delta_pipeline_2026-06_20260811\audit_test_na_20260811_v2\audit_funds\xlbx\filings\2026-06\filing_data.txt","1256","790c4d5d8ffec5e4517f29f39c6373f98a1c68186cbcd90946a4494fc106dfe3"
"local-artifacts\output\delta_pipeline_2026-06_20260811\audit_test_na_20260811_v2\audit_funds\xlbx\filings\2026-06\holdings.csv","648","d5ce27ff69b62cbf39a3c8c2be960b92d85c24c2251c4141aa150d94ac26c398"
"local-artifacts\output\delta_pipeline_2026-06_20260811\audit_test_na_20260811_v2\audit_funds\xlbx\fund_config.txt","1014","c42530e9168f0983d090fef47e4182f87584347e72375cfdb68a5016653ed6f3"
"local-artifacts\output\delta_pipeline_2026-06_20260811\audit_test_na_20260811_v2\audit_funds\xlex\filings\2026-06\derivatives.csv","647","ea37372ec59f0c68df667429b89df1f0e6b9ecad32969da0319c27ed957da2f5"
"local-artifacts\output\delta_pipeline_2026-06_20260811\audit_test_na_20260811_v2\audit_funds\xlex\filings\2026-06\filing_data.txt","1258","7ab9ceb375478913c12d479191b2730c9bacbf22facffa850968acbfc7fc6898"
"local-artifacts\output\delta_pipeline_2026-06_20260811\audit_test_na_20260811_v2\audit_funds\xlex\filings\2026-06\holdings.csv","649","dc7743636b8008b24c1c86c977d0520801d010e37edf96a67bf8f42df0f7aee8"
"local-artifacts\output\delta_pipeline_2026-06_20260811\audit_test_na_20260811_v2\audit_funds\xlex\fund_config.txt","1011","a75697c3ac5e401842f80b686d74fadc4883f47144e970306f99917f3fc487a4"
"local-artifacts\output\delta_pipeline_2026-06_20260811\audit_test_na_20260811_v2\audit_funds\xlfx\filings\2026-06\derivatives.csv","653","1e6af708c7813e55570dbc008c42535db713436f44dc237544dc2a2232d4bfc2"
"local-artifacts\output\delta_pipeline_2026-06_20260811\audit_test_na_20260811_v2\audit_funds\xlfx\filings\2026-06\filing_data.txt","1256","87b73560920f3108bc0cf4cf6007f98fb11c6fc4c8a5da5217523b447f9bab17"
"local-artifacts\output\delta_pipeline_2026-06_20260811\audit_test_na_20260811_v2\audit_funds\xlfx\filings\2026-06\holdings.csv","649","ffe6fdd6fd4ddcb278901f0431a302a3e91176d1a61e01691baff6b7ed44ae7a"
"local-artifacts\output\delta_pipeline_2026-06_20260811\audit_test_na_20260811_v2\audit_funds\xlfx\fund_config.txt","1015","b31d81271ef02ef147a73f688dbe294d6cf720ac9049a77044c9db19e7346f77"
"local-artifacts\output\delta_pipeline_2026-06_20260811\audit_test_na_20260811_v2\audit_funds\xlix\filings\2026-06\derivatives.csv","654","b3b321e9cb8f944712d605cf11a3a686fc2d3a457645e43b1cb1f9dc4618adaa"
"local-artifacts\output\delta_pipeline_2026-06_20260811\audit_test_na_20260811_v2\audit_funds\xlix\filings\2026-06\filing_data.txt","1246","a45bb61ac342150bad958b33ff49c1a500698f9a6d9c215daf33c51d10a8d286"
"local-artifacts\output\delta_pipeline_2026-06_20260811\audit_test_na_20260811_v2\audit_funds\xlix\filings\2026-06\holdings.csv","650","148cee116f5b91b7fd56d3ca5816ef3a81b1380c98feb916920d45db0838109c"
"local-artifacts\output\delta_pipeline_2026-06_20260811\audit_test_na_20260811_v2\audit_funds\xlix\fund_config.txt","1016","6a11004816e49a896cc942615db51cda663b3c05a2a046edfa06627c42cd46da"
"local-artifacts\output\delta_pipeline_2026-06_20260811\audit_test_na_20260811_v2\audit_funds\xlkx\filings\2026-06\derivatives.csv","650","8b76744bea6281184810714bd61178ebb6d2867048f843b14de239aafd115a6a"
"local-artifacts\output\delta_pipeline_2026-06_20260811\audit_test_na_20260811_v2\audit_funds\xlkx\filings\2026-06\filing_data.txt","1261","92daedee7f43caf2d0bd21b4744169f4326a25ab57d60e87ce1d873eae3261bd"
"local-artifacts\output\delta_pipeline_2026-06_20260811\audit_test_na_20260811_v2\audit_funds\xlkx\filings\2026-06\holdings.csv","655","b2a2197ac7fcbbe6e208e28ad5cece1fa44c2bb320639b152755a4588f7aa3de"
"local-artifacts\output\delta_pipeline_2026-06_20260811\audit_test_na_20260811_v2\audit_funds\xlkx\fund_config.txt","1015","0baf3756d7b6268325ab697b25ae64777e801d22c7ac3868195472ef10d48221"
"local-artifacts\output\delta_pipeline_2026-06_20260811\audit_test_na_20260811_v2\audit_funds\xlpx\filings\2026-06\derivatives.csv","659","b882eab78fa155ce1390adb4f47dd71e48a0177a8a63bb6edfc45fd7c97dfa12"
"local-artifacts\output\delta_pipeline_2026-06_20260811\audit_test_na_20260811_v2\audit_funds\xlpx\filings\2026-06\filing_data.txt","1257","3ebd0972c05531e888964ff3eaba4e7c1b775e738155157eb73ee92b2ecde26d"
"local-artifacts\output\delta_pipeline_2026-06_20260811\audit_test_na_20260811_v2\audit_funds\xlpx\filings\2026-06\holdings.csv","658","02b0eac6a65b7c165b9555627c190921db9accf236ff71ca220a24f62372a82b"
"local-artifacts\output\delta_pipeline_2026-06_20260811\audit_test_na_20260811_v2\audit_funds\xlpx\fund_config.txt","1021","c637df54942e4796872771fcc585fc1c05cf192bd5499fd504db19b8960f00c2"
"local-artifacts\output\delta_pipeline_2026-06_20260811\audit_test_na_20260811_v2\audit_funds\xlux\filings\2026-06\derivatives.csv","646","f8a79119a7d7790e9b78842a07cd55650e11c28780e5b4b7cd5583ec94f42ae4"
"local-artifacts\output\delta_pipeline_2026-06_20260811\audit_test_na_20260811_v2\audit_funds\xlux\filings\2026-06\filing_data.txt","1256","56400485601977d309efa71d0f84b0557370c919c86a53b0bc9ba9c97b06063c"
"local-artifacts\output\delta_pipeline_2026-06_20260811\audit_test_na_20260811_v2\audit_funds\xlux\filings\2026-06\holdings.csv","652","17df9c3edd7205b6ad965d69df0a5bdc9d411645e407e16f72dbe36e60ca4fac"
"local-artifacts\output\delta_pipeline_2026-06_20260811\audit_test_na_20260811_v2\audit_funds\xlux\fund_config.txt","1014","f8e4d29900f5a1dc9c1d1b1e0f1b13a12e14c6f07dc6daed8c3fdd1c53d01c19"
"local-artifacts\output\delta_pipeline_2026-06_20260811\audit_test_na_20260811_v2\audit_funds\xlvx\filings\2026-06\derivatives.csv","651","ebb43fa7525e9c74e086dc11420c59b41825d2db6ae9af99d7ca315f843cda93"
"local-artifacts\output\delta_pipeline_2026-06_20260811\audit_test_na_20260811_v2\audit_funds\xlvx\filings\2026-06\filing_data.txt","1257","47f951444a161f2688d1cfdc3a50871ef1489b4d1c9ca07108e818c7e95b600d"
"local-artifacts\output\delta_pipeline_2026-06_20260811\audit_test_na_20260811_v2\audit_funds\xlvx\filings\2026-06\holdings.csv","654","dfaa47da0655d7d43fb9197141a7f3b166d808d53b57473b2eaa5abbd5d3a5eb"
"local-artifacts\output\delta_pipeline_2026-06_20260811\audit_test_na_20260811_v2\audit_funds\xlvx\fund_config.txt","1015","c4e33b9c13b22121514d68dd6f9af229169bd0daa08c34529c11f2080609bb5f"
"local-artifacts\output\delta_pipeline_2026-06_20260811\audit_test_na_20260811_v2\audit_funds\xlyx\filings\2026-06\derivatives.csv","672","ce13b4131c061cfc6158c03f94a53fdc26f146d4390ba3d88e58c78c883530a9"
"local-artifacts\output\delta_pipeline_2026-06_20260811\audit_test_na_20260811_v2\audit_funds\xlyx\filings\2026-06\filing_data.txt","1253","821eb14d5b4c7031019fd54db7e5a32f4425250d794c2159bef101e076a6bfb7"
"local-artifacts\output\delta_pipeline_2026-06_20260811\audit_test_na_20260811_v2\audit_funds\xlyx\filings\2026-06\holdings.csv","667","0a2ebb017e841f127fed55fb05db83a724d6a5c73a344af80185f13de32b285d"
"local-artifacts\output\delta_pipeline_2026-06_20260811\audit_test_na_20260811_v2\audit_funds\xlyx\fund_config.txt","1027","5dddd245eb3598d472770d9907f39d601630821623e8156cc159a3ce80b1581e"
"local-artifacts\output\delta_pipeline_2026-06_20260811\audit_test_na_20260811_v2\audit_funds\xpav\filings\2026-06\derivatives.csv","643","25d45aefd21b02d5511a4b82101b2f981002ded3fad41ac1a8862fa69ae599b5"
"local-artifacts\output\delta_pipeline_2026-06_20260811\audit_test_na_20260811_v2\audit_funds\xpav\filings\2026-06\filing_data.txt","1251","46a476534161cdcbb8bbdc2c796bc7f29b6d1cc189a55f648d03d7a01a4fa7c5"
"local-artifacts\output\delta_pipeline_2026-06_20260811\audit_test_na_20260811_v2\audit_funds\xpav\filings\2026-06\holdings.csv","649","527f4691a9fa88c120c486622d71885bc3d9d38f6d68c42c26dc9648180ff9e3"
"local-artifacts\output\delta_pipeline_2026-06_20260811\audit_test_na_20260811_v2\audit_funds\xpav\fund_config.txt","1012","e43362b15fc9912fbf560981ee059a338ecf85e3daf671cd89556d089117725d"
"local-artifacts\output\delta_pipeline_2026-06_20260811\audit_test_na_20260811_v2\audit_funds\xsem\filings\2026-06\derivatives.csv","598","054d55f64bf4a818136ce9ba69e1a4dc4e3778c68cd268cbfa81c94a97e5660b"
"local-artifacts\output\delta_pipeline_2026-06_20260811\audit_test_na_20260811_v2\audit_funds\xsem\filings\2026-06\filing_data.txt","1258","8dde0fe3fb7ff9525aa558d1053515ee05b081f2af841efc058730cdbc821724"
"local-artifacts\output\delta_pipeline_2026-06_20260811\audit_test_na_20260811_v2\audit_funds\xsem\filings\2026-06\holdings.csv","630","e658fb94afeabdeb00c36435e6983628888d209264994d0a9f4fe3f9da1f4cfe"
"local-artifacts\output\delta_pipeline_2026-06_20260811\audit_test_na_20260811_v2\audit_funds\xsem\fund_config.txt","1019","4202d0223a244b623ce5af986d7f9be0edd5d14786d2f4e73b7aa3d5286facf4"
"local-artifacts\output\delta_pipeline_2026-06_20260811\audit_test_na_20260811_v2\audit_funds\xtai\filings\2026-06\derivatives.csv","606","08be33a745c22cee7a1f6246860bfbf600bea7558c614e69eed65a79173a3913"
"local-artifacts\output\delta_pipeline_2026-06_20260811\audit_test_na_20260811_v2\audit_funds\xtai\filings\2026-06\filing_data.txt","1262","284213c21560fc6cc7c26e1962f243ebddd3f935f331aac814e3e72673c4a16e"
"local-artifacts\output\delta_pipeline_2026-06_20260811\audit_test_na_20260811_v2\audit_funds\xtai\filings\2026-06\holdings.csv","630","315d9810ee40e548b9b321e5241d0e6fe8333e50501a87dbe04560240a210a69"
"local-artifacts\output\delta_pipeline_2026-06_20260811\audit_test_na_20260811_v2\audit_funds\xtai\fund_config.txt","1006","7474138e140bd42b2096c813988e610f76b6832642ad6d2aefac8374875fa06b"
"local-artifacts\output\delta_pipeline_2026-06_20260811\audit_test_na_20260811_v2\audit_funds\xvo\filings\2026-06\derivatives.csv","620","0f8785026026c2e6532910676f27b264633cf50bcb0b839e18e25630f2ec1d83"
"local-artifacts\output\delta_pipeline_2026-06_20260811\audit_test_na_20260811_v2\audit_funds\xvo\filings\2026-06\filing_data.txt","1254","238a1f83b360371fefb8f70dce52da0f125264fcc770d4448cf3a8f5b6398d74"
"local-artifacts\output\delta_pipeline_2026-06_20260811\audit_test_na_20260811_v2\audit_funds\xvo\filings\2026-06\holdings.csv","644","98f2f9206ce293498fd48105d25a54c6b4c06d2394023fa48412eebd0ca2b9d5"
"local-artifacts\output\delta_pipeline_2026-06_20260811\audit_test_na_20260811_v2\audit_funds\xvo\fund_config.txt","1011","8338abbd8e9480f3b1ec371b73aac0f7456718750404075a288245ccc226054c"
"local-artifacts\output\delta_pipeline_2026-06_20260811\audit_test_na_20260811_v2\audit_funds\xvug\filings\2026-06\derivatives.csv","619","8d0c89869e94ff1d131771e78ee20b291527a473c0ba88b3664b75e3dd5d4007"
"local-artifacts\output\delta_pipeline_2026-06_20260811\audit_test_na_20260811_v2\audit_funds\xvug\filings\2026-06\filing_data.txt","1258","edc52ce1b94110150312399b151fc134affe144d42e3ecdf70560ba0ee3650df"
"local-artifacts\output\delta_pipeline_2026-06_20260811\audit_test_na_20260811_v2\audit_funds\xvug\filings\2026-06\holdings.csv","646","f37b830b802081b1ad214add66cdd6d3faabbaf2033fcecc04061c2d764ff983"
"local-artifacts\output\delta_pipeline_2026-06_20260811\audit_test_na_20260811_v2\audit_funds\xvug\fund_config.txt","1011","35267b45b107ebd6181345f6b0badd4d4c4a023f1f2a80b3ff58fc3dc1bf0e5b"
"local-artifacts\output\delta_pipeline_2026-06_20260811\audit_test_na_20260811_v2\audit_funds\xw\filings\2026-06\derivatives.csv","678","382fab5ad7a2eacb4f6f82c9edd12772635bdba2265eac30921826b5a953d955"
"local-artifacts\output\delta_pipeline_2026-06_20260811\audit_test_na_20260811_v2\audit_funds\xw\filings\2026-06\filing_data.txt","1254","feced28b02e592d0efcfe0eeacf742c624671ba31aceb591b9f8cdae3de253ae"
"local-artifacts\output\delta_pipeline_2026-06_20260811\audit_test_na_20260811_v2\audit_funds\xw\filings\2026-06\holdings.csv","663","cd5ec8c998f41934efa980a8c6cc910f63987b0a2ea68d2f5df5e81b5ede74fb"
"local-artifacts\output\delta_pipeline_2026-06_20260811\audit_test_na_20260811_v2\audit_funds\xw\fund_config.txt","1014","c0c5ff4300ed18bdfeba80238f6b204d0cecf17df0100beaaa72a9040c5519ea"
"local-artifacts\output\delta_pipeline_2026-06_20260811\audit_test_na_20260811_v2\audit_funds\yung\filings\2026-06\filing_data.txt","1259","6f1d2ab987038f7ce5b295989d0be638a6518e829dffd76472fd5b085f538311"
"local-artifacts\output\delta_pipeline_2026-06_20260811\audit_test_na_20260811_v2\audit_funds\yung\filings\2026-06\holdings.csv","6963","031a1bdd5c06c2244af5a479e02db800612ad1a7c29d641124b94a62781897b3"
"local-artifacts\output\delta_pipeline_2026-06_20260811\audit_test_na_20260811_v2\audit_funds\yung\fund_config.txt","1009","7c71fad4407a1826a1e14e50c2f7a39cf3662c6b5f6484544db609cb145c43ba"
"local-artifacts\output\delta_pipeline_2026-06_20260811\audit_test_na_20260811_v2\audit_review_workbooks\aclz\filing_inputs_audit_na.xlsx","21259","96155788229e0114b466908b6aa0ab3602d0bc24cbc00f7eb98f14db258100e9"
"local-artifacts\output\delta_pipeline_2026-06_20260811\audit_test_na_20260811_v2\audit_review_workbooks\acmm\filing_inputs_audit_na.xlsx","21247","f0f85bc3b4b9cd5a2728ca56c765369de87ce408ef7a4bc839e50bb0d8e8b9e4"
"local-artifacts\output\delta_pipeline_2026-06_20260811\audit_test_na_20260811_v2\audit_review_workbooks\av\filing_inputs_audit_na.xlsx","28098","121a10761a2fe02abda591f3e25556e616be329b29cd16591dfdc670a0d5739c"
"local-artifacts\output\delta_pipeline_2026-06_20260811\audit_test_na_20260811_v2\audit_review_workbooks\bay\filing_inputs_audit_na.xlsx","32028","8e279a1eb0accc832e99f55bd3c03ec5c45f010642787c45cc2081961e303ffd"
"local-artifacts\output\delta_pipeline_2026-06_20260811\audit_test_na_20260811_v2\audit_review_workbooks\blck\filing_inputs_audit_na.xlsx","26973","052e1da32c93004ef0d75f383d14824be720db712f83ca0dfad627259be806ba"
"local-artifacts\output\delta_pipeline_2026-06_20260811\audit_test_na_20260811_v2\audit_review_workbooks\brew\filing_inputs_audit_na.xlsx","24120","8436f457a6af3780e1a7e902ee4f504e75e2ebc0c6b465d7625d0e1bb92cded7"
"local-artifacts\output\delta_pipeline_2026-06_20260811\audit_test_na_20260811_v2\audit_review_workbooks\brzx\filing_inputs_audit_na.xlsx","21272","5fc20a415f3f6b3d94ce44dfdc004823d57e9ad46c93ac1b9c72dead132272d3"
"local-artifacts\output\delta_pipeline_2026-06_20260811\audit_test_na_20260811_v2\audit_review_workbooks\bzz\filing_inputs_audit_na.xlsx","25570","59bad44e3f19e7f1b892a3bb95534f723ec486d5b6c3a685ff0721217bc5d821"
"local-artifacts\output\delta_pipeline_2026-06_20260811\audit_test_na_20260811_v2\audit_review_workbooks\camc\filing_inputs_audit_na.xlsx","21232","976a1b5d204cbdec7696a20f8a999a40fcab6f4b4c33c15f0eef8421b95cb153"
"local-artifacts\output\delta_pipeline_2026-06_20260811\audit_test_na_20260811_v2\audit_review_workbooks\carx\filing_inputs_audit_na.xlsx","21241","617ec269e6cefddf9ec7f42878fce6cc5e3548ce88a42bf9cbc118b4fe126c6f"
"local-artifacts\output\delta_pipeline_2026-06_20260811\audit_test_na_20260811_v2\audit_review_workbooks\cbil\filing_inputs_audit_na.xlsx","27692","5afc3d66abedcfdc0b96517e19f435f309cdc003ada01a937e00962b0159fab7"
"local-artifacts\output\delta_pipeline_2026-06_20260811\audit_test_na_20260811_v2\audit_review_workbooks\cbot\filing_inputs_audit_na.xlsx","25131","7b99f849c841aebe3715d59799cbdad5889f4603b6e9e10175583ad87033a8c1"
"local-artifacts\output\delta_pipeline_2026-06_20260811\audit_test_na_20260811_v2\audit_review_workbooks\ccpx\filing_inputs_audit_na.xlsx","21266","6237f24aa1841cc224990282f3110a71f49c889abe9bfa63c8a12ea4b9deb333"
"local-artifacts\output\delta_pipeline_2026-06_20260811\audit_test_na_20260811_v2\audit_review_workbooks\cgov\filing_inputs_audit_na.xlsx","27016","0f084742d88e4ffd16bbec3892e0e7f1e62634cf131c03b6047adaa3ca66e863"
"local-artifacts\output\delta_pipeline_2026-06_20260811\audit_test_na_20260811_v2\audit_review_workbooks\chyg\filing_inputs_audit_na.xlsx","119558","fc183d8d6127f32a5dab10a8939dbf7e5a01dd80e5772275dc76d988ef0f49d2"
"local-artifacts\output\delta_pipeline_2026-06_20260811\audit_test_na_20260811_v2\audit_review_workbooks\ciei\filing_inputs_audit_na.xlsx","49495","77a5f6c886194224658fb474560b8cfb6981ec2d8f03dc64349c31fdc7d4b74f"
"local-artifacts\output\delta_pipeline_2026-06_20260811\audit_test_na_20260811_v2\audit_review_workbooks\civg\filing_inputs_audit_na.xlsx","123832","87c1527c8540a4b2e873746542b0fb8fdd14bc26fe9e2a928db77e37492b84ba"
"local-artifacts\output\delta_pipeline_2026-06_20260811\audit_test_na_20260811_v2\audit_review_workbooks\cjun\filing_inputs_audit_na.xlsx","23208","6708fddbdda6ed6694c19f9c2a5465a4b1d87331b09ff02b5160aa683be0b6be"
"local-artifacts\output\delta_pipeline_2026-06_20260811\audit_test_na_20260811_v2\audit_review_workbooks\cmag\filing_inputs_audit_na.xlsx","27702","54bb260fe40f078161c972db1028621ab1352f56555921630af3d4a96bf52601"
"local-artifacts\output\delta_pipeline_2026-06_20260811\audit_test_na_20260811_v2\audit_review_workbooks\cmay\filing_inputs_audit_na.xlsx","23202","7182cebe4795599e689b7f599d7725b2aa44119022447be652939fafa7d20223"
"local-artifacts\output\delta_pipeline_2026-06_20260811\audit_test_na_20260811_v2\audit_review_workbooks\cqtm\filing_inputs_audit_na.xlsx","23917","5134561c9d3991033efb4e4d3404d8bfb248b68ce80bbb7c5d490a789011eda2"
"local-artifacts\output\delta_pipeline_2026-06_20260811\audit_test_na_20260811_v2\audit_review_workbooks\cruc\filing_inputs_audit_na.xlsx","21246","f50c9e8c6412b12217a9da72d1a9f108f52277af9bb375d22e0d9da1f1551792"
"local-artifacts\output\delta_pipeline_2026-06_20260811\audit_test_na_20260811_v2\audit_review_workbooks\ctjn\filing_inputs_audit_na.xlsx","23202","cf377cda82ead7580c4c6dcb6c492200881fc0c9d858f1fe851f59e0462f4ee5"
"local-artifacts\output\delta_pipeline_2026-06_20260811\audit_test_na_20260811_v2\audit_review_workbooks\ctma\filing_inputs_audit_na.xlsx","23200","384c6476fcdd15926145eb82180b550730f27cfb9a5ad1eeec7a78c4a94859d0"
"local-artifacts\output\delta_pipeline_2026-06_20260811\audit_test_na_20260811_v2\audit_review_workbooks\cust\filing_inputs_audit_na.xlsx","49836","274b89e728dcf26259366d5368c7236d2a376374cfbe51d9f216f6fa66cf03c8"
"local-artifacts\output\delta_pipeline_2026-06_20260811\audit_test_na_20260811_v2\audit_review_workbooks\dipr\filing_inputs_audit_na.xlsx","26154","04453ed4542f18d9b2602ef9e9b1416bcdc8751c5c8e90a2461c67bdfaf0b57c"
"local-artifacts\output\delta_pipeline_2026-06_20260811\audit_test_na_20260811_v2\audit_review_workbooks\dock\filing_inputs_audit_na.xlsx","29292","490df1648d6627e85a48704afe1336c57d40e060c55794cb305427a1338f6982"
"local-artifacts\output\delta_pipeline_2026-06_20260811\audit_test_na_20260811_v2\audit_review_workbooks\emjn\filing_inputs_audit_na.xlsx","23204","fc65ca129e19e9e83aba44722aa3ef8c96f478f8b1400b1e09aeb8cc0b63e7e8"
"local-artifacts\output\delta_pipeline_2026-06_20260811\audit_test_na_20260811_v2\audit_review_workbooks\emmy\filing_inputs_audit_na.xlsx","23201","980f5cc40d00a6b731a2b7c115206d729b5e88d56b69b8053d24aed61d2c4153"
"local-artifacts\output\delta_pipeline_2026-06_20260811\audit_test_na_20260811_v2\audit_review_workbooks\emxx\filing_inputs_audit_na.xlsx","21273","03bab4031d630ab1a53b77eb38d8e0ddec5e6d4c1a4ac536b5a9483dc287796d"
"local-artifacts\output\delta_pipeline_2026-06_20260811\audit_test_na_20260811_v2\audit_review_workbooks\euv\filing_inputs_audit_na.xlsx","28194","104faba97c27176375f9ec587e80b987fb385a6cad74a78bceed5f0c8f5db535"
"local-artifacts\output\delta_pipeline_2026-06_20260811\audit_test_na_20260811_v2\audit_review_workbooks\euvx\filing_inputs_audit_na.xlsx","21285","a01e366dbcf0557ff4bb870118c4bcca353867f4b5f93fd770300cc9644de903"
"local-artifacts\output\delta_pipeline_2026-06_20260811\audit_test_na_20260811_v2\audit_review_workbooks\eyes\filing_inputs_audit_na.xlsx","27127","f70b92d0c890df79c928c821d296ad534dc4841be08f8e69060734d1bbc64198"
"local-artifacts\output\delta_pipeline_2026-06_20260811\audit_test_na_20260811_v2\audit_review_workbooks\fdrs\filing_inputs_audit_na.xlsx","30301","da8985f16b7be8dc4ddec701df922bb5cb8376d5d378e393f5433831ea27be56"
"local-artifacts\output\delta_pipeline_2026-06_20260811\audit_test_na_20260811_v2\audit_review_workbooks\fdrx\filing_inputs_audit_na.xlsx","21252","b2a6f4e158fd22f65338c526e4d0d1db33f862c178e99b0cac3dbd2a763859f1"
"local-artifacts\output\delta_pipeline_2026-06_20260811\audit_test_na_20260811_v2\audit_review_workbooks\gasz\filing_inputs_audit_na.xlsx","24710","5a003a8fa52b893c6efc62e062ed3ce4e4b84fa0b44fa305403aa2195208986c"
"local-artifacts\output\delta_pipeline_2026-06_20260811\audit_test_na_20260811_v2\audit_review_workbooks\glam\filing_inputs_audit_na.xlsx","25349","07c5cab94d22d6ae27f7c86b4adecf02660b3f96d86583c6995310d718ad6528"
"local-artifacts\output\delta_pipeline_2026-06_20260811\audit_test_na_20260811_v2\audit_review_workbooks\gnmx\filing_inputs_audit_na.xlsx","31897","7b48be0c980b857fe620f8d2f10250468bbd2c83aa71fb48f472454f2b70d5b1"
"local-artifacts\output\delta_pipeline_2026-06_20260811\audit_test_na_20260811_v2\audit_review_workbooks\hjun\filing_inputs_audit_na.xlsx","22606","e659bb7e572b7d99a83f7ac0ab9f2661494570adfba98b7299c3b91925e55941"
"local-artifacts\output\delta_pipeline_2026-06_20260811\audit_test_na_20260811_v2\audit_review_workbooks\hmay\filing_inputs_audit_na.xlsx","22607","895554ea02efd75df3aabe9fed40cd16ed76801df0c7750814013a14fda34e0a"
"local-artifacts\output\delta_pipeline_2026-06_20260811\audit_test_na_20260811_v2\audit_review_workbooks\hull\filing_inputs_audit_na.xlsx","28741","24b7457d04562a912d1859bc45f37a01195033332661f589e3924221603380d2"
"local-artifacts\output\delta_pipeline_2026-06_20260811\audit_test_na_20260811_v2\audit_review_workbooks\idjn\filing_inputs_audit_na.xlsx","23210","ecff7558055ec5f3f5e96dde14735b0113ef1ca2fc85c8016021b40f75220fbf"
"local-artifacts\output\delta_pipeline_2026-06_20260811\audit_test_na_20260811_v2\audit_review_workbooks\idmy\filing_inputs_audit_na.xlsx","23206","aa7e96af4b299d36c457130d1781d77f03a8ef3d43d942bc56d8778038d3cff8"
"local-artifacts\output\delta_pipeline_2026-06_20260811\audit_test_na_20260811_v2\audit_review_workbooks\joul\filing_inputs_audit_na.xlsx","24141","6df92e969263df8663ea211bba2741650ba33ced25782cd59074983baeee8448"
"local-artifacts\output\delta_pipeline_2026-06_20260811\audit_test_na_20260811_v2\audit_review_workbooks\junc\filing_inputs_audit_na.xlsx","23206","7dbeb5d0a4152220adc5bee6a75f61af6b34ea871f556e58d2da714d502d7730"
"local-artifacts\output\delta_pipeline_2026-06_20260811\audit_test_na_20260811_v2\audit_review_workbooks\keyx\filing_inputs_audit_na.xlsx","21258","ee77d900f9c39b0190bc135e69e0e2e9f6be352bf5156e75124579cfcfed587c"
"local-artifacts\output\delta_pipeline_2026-06_20260811\audit_test_na_20260811_v2\audit_review_workbooks\krwx\filing_inputs_audit_na.xlsx","22150","9079ed0d323d042e36d7c42501d7fc4bec4e1a28788933b177aaa1db4c9f98dc"
"local-artifacts\output\delta_pipeline_2026-06_20260811\audit_test_na_20260811_v2\audit_review_workbooks\kyc\filing_inputs_audit_na.xlsx","31486","f0151372c60b758dd062ecdd4cd94f336b6e63ecf73fb19cfc186836bfed0562"
"local-artifacts\output\delta_pipeline_2026-06_20260811\audit_test_na_20260811_v2\audit_review_workbooks\lasc\filing_inputs_audit_na.xlsx","21242","0be313aa98b28331b5b184e1d8a8b09df98017ded1ef2b0dcaf62b566b27338d"
"local-artifacts\output\delta_pipeline_2026-06_20260811\audit_test_na_20260811_v2\audit_review_workbooks\latr\filing_inputs_audit_na.xlsx","24526","cc6f1bb676fd00d25f070f2e4219210983ace824d7b695c97709f8bd1cb9c473"
"local-artifacts\output\delta_pipeline_2026-06_20260811\audit_test_na_20260811_v2\audit_review_workbooks\lrnx\filing_inputs_audit_na.xlsx","21241","b97782cfadd28f42b2365003bddb0d9b9a18acc64cb45b9b1ce817ec6d02a46d"
"local-artifacts\output\delta_pipeline_2026-06_20260811\audit_test_na_20260811_v2\audit_review_workbooks\mayc\filing_inputs_audit_na.xlsx","23201","1d19228044ac7a8f788b1434c821f016635e47ba1fb7e27a3c864686f30c7102"
"local-artifacts\output\delta_pipeline_2026-06_20260811\audit_test_na_20260811_v2\audit_review_workbooks\mgkx\filing_inputs_audit_na.xlsx","21294","01f7f657d7cf1cd6f8beb4ce181fdca73f0e565a033100c95051e55eddd7f7ba"
"local-artifacts\output\delta_pipeline_2026-06_20260811\audit_test_na_20260811_v2\audit_review_workbooks\mnsx\filing_inputs_audit_na.xlsx","21252","712b7d1be81746d0a19a2c01628d8e38d8113901a7b5a772151a3179ddfc0e25"
"local-artifacts\output\delta_pipeline_2026-06_20260811\audit_test_na_20260811_v2\audit_review_workbooks\msix\filing_inputs_audit_na.xlsx","21251","f5133f58ea9ef680f7751a4f6ba50ae62d165aa06c4eb49c806c8c3742e67670"
"local-artifacts\output\delta_pipeline_2026-06_20260811\audit_test_na_20260811_v2\audit_review_workbooks\nyny\filing_inputs_audit_na.xlsx","31579","cb99a890e3fbf809d8768f617cee03363c7003509072a87ebd1960383a6baa66"
"local-artifacts\output\delta_pipeline_2026-06_20260811\audit_test_na_20260811_v2\audit_review_workbooks\oddz\filing_inputs_audit_na.xlsx","25141","cb8ec9b8b6c2038510bb71aca5bc02d965c08905393303604886134a0cdda3bf"
"local-artifacts\output\delta_pipeline_2026-06_20260811\audit_test_na_20260811_v2\audit_review_workbooks\ontx\filing_inputs_audit_na.xlsx","21253","75b30e7d77ebbf9993166328a0e896123cf5b03cc21edac286bfc42f29527b0b"
"local-artifacts\output\delta_pipeline_2026-06_20260811\audit_test_na_20260811_v2\audit_review_workbooks\own\filing_inputs_audit_na.xlsx","39967","c5d31f80f6184896d89fe7c5cd4108628c7f0bb313dc720a0c17454cc290c99c"
"local-artifacts\output\delta_pipeline_2026-06_20260811\audit_test_na_20260811_v2\audit_review_workbooks\ptnt\filing_inputs_audit_na.xlsx","26356","80a9c1da0c78d2d60738b452249b793c76bf411a66a7e34f7e70ee7a2627ef70"
"local-artifacts\output\delta_pipeline_2026-06_20260811\audit_test_na_20260811_v2\audit_review_workbooks\qjn\filing_inputs_audit_na.xlsx","23202","077f94b88c0f575f0384dfc78cfcd9fe6cf2cce05a5bbfa7982394335345bb15"
"local-artifacts\output\delta_pipeline_2026-06_20260811\audit_test_na_20260811_v2\audit_review_workbooks\qmy\filing_inputs_audit_na.xlsx","23202","c8e2d73573678cbb391767ae3b85c2678f0238b885ea76d1b533eaafb0011faa"
"local-artifacts\output\delta_pipeline_2026-06_20260811\audit_test_na_20260811_v2\audit_review_workbooks\qqjn\filing_inputs_audit_na.xlsx","23213","87ca85a41d9daae178f23a27ad88bdc08e0724037d15f146b9d45c07030f0fdc"
"local-artifacts\output\delta_pipeline_2026-06_20260811\audit_test_na_20260811_v2\audit_review_workbooks\qqmy\filing_inputs_audit_na.xlsx","23214","87aa329dbb3bfeadd6ab9603562e6673cb06f231b1ff6799a21cf06bd41e80cd"
"local-artifacts\output\delta_pipeline_2026-06_20260811\audit_test_na_20260811_v2\audit_review_workbooks\rmbc\filing_inputs_audit_na.xlsx","21237","6b1d9832bb21cc40aaeb82fc37a4193f84a2692f0ae4b145d099038bbab5a273"
"local-artifacts\output\delta_pipeline_2026-06_20260811\audit_test_na_20260811_v2\audit_review_workbooks\scjn\filing_inputs_audit_na.xlsx","23198","f305736cb1b64c962f69b7462d0ce62780c3cc3496230a6a014f61bb6f614e78"
"local-artifacts\output\delta_pipeline_2026-06_20260811\audit_test_na_20260811_v2\audit_review_workbooks\scmy\filing_inputs_audit_na.xlsx","23191","e624acf2a3c19c3a4ffaea62646bf96edfd92992f84dbfb1768d5a60c887edb1"
"local-artifacts\output\delta_pipeline_2026-06_20260811\audit_test_na_20260811_v2\audit_review_workbooks\simx\filing_inputs_audit_na.xlsx","21265","81932892d67c2044713d593fdb14e675b45144cc82530350b797d013319181fb"
"local-artifacts\output\delta_pipeline_2026-06_20260811\audit_test_na_20260811_v2\audit_review_workbooks\styl\filing_inputs_audit_na.xlsx","29697","c703d71a186ba6a1b39a5e0921afa8b83368768566c038d4eecec09d84526d71"
"local-artifacts\output\delta_pipeline_2026-06_20260811\audit_test_na_20260811_v2\audit_review_workbooks\tajx\filing_inputs_audit_na.xlsx","21261","3713bc24c0b7f7bcc966795d1f7a0f8dff511b1faa907a27157e908bf2d493c6"
"local-artifacts\output\delta_pipeline_2026-06_20260811\audit_test_na_20260811_v2\audit_review_workbooks\tplx\filing_inputs_audit_na.xlsx","21256","d4c3f2b254c0d2209dc610550a75891d9b11a9b19be064edfaa4aa1433e2bed7"
"local-artifacts\output\delta_pipeline_2026-06_20260811\audit_test_na_20260811_v2\audit_review_workbooks\umcx\filing_inputs_audit_na.xlsx","21268","a3c35fcbd3456a02843ca7462e87fbbc5e63cef3e8e7786138fc2d100713d4ae"
"local-artifacts\output\delta_pipeline_2026-06_20260811\audit_test_na_20260811_v2\audit_review_workbooks\usx\filing_inputs_audit_na.xlsx","21286","7aa81bd8db606eff9d26f54a90963bac3151c2fbe6819db8a0b50a6db5fe5909"
"local-artifacts\output\delta_pipeline_2026-06_20260811\audit_test_na_20260811_v2\audit_review_workbooks\vbx\filing_inputs_audit_na.xlsx","21283","61dac275626f86d3067f03f6a01a744c6b9c0c148f6c865814cf5917dceadf93"
"local-artifacts\output\delta_pipeline_2026-06_20260811\audit_test_na_20260811_v2\audit_review_workbooks\voox\filing_inputs_audit_na.xlsx","21268","d0638fceea6bef0752ac2df33adbc78e75a4fad89a27912d1ac18d30d370fc4c"
"local-artifacts\output\delta_pipeline_2026-06_20260811\audit_test_na_20260811_v2\audit_review_workbooks\wats\filing_inputs_audit_na.xlsx","24933","b4089a030aff5c9000e491b14243dd9b825d06bd4ff13d2a671c37d1738b11a1"
"local-artifacts\output\delta_pipeline_2026-06_20260811\audit_test_na_20260811_v2\audit_review_workbooks\webx\filing_inputs_audit_na.xlsx","21274","0079cb198f83bc5e32464da086ca52ad76077396e78c2323ac04193d3cf01ea5"
"local-artifacts\output\delta_pipeline_2026-06_20260811\audit_test_na_20260811_v2\audit_review_workbooks\wndr\filing_inputs_audit_na.xlsx","31608","c5bfc7c5b2ee20936b036f1bcc1be6e250a1213bcb5f43ee2eb7eb53fe7543eb"
"local-artifacts\output\delta_pipeline_2026-06_20260811\audit_test_na_20260811_v2\audit_review_workbooks\wr\filing_inputs_audit_na.xlsx","31418","7e24208f53f9ae4a126437e37c5de7fb5f4edae7ac99a1a479e4eea7c87a967e"
"local-artifacts\output\delta_pipeline_2026-06_20260811\audit_test_na_20260811_v2\audit_review_workbooks\wx\filing_inputs_audit_na.xlsx","21273","ed17361098c57f86abdd31b9f170da82b80e8ed17aed032046885378e92a2c49"
"local-artifacts\output\delta_pipeline_2026-06_20260811\audit_test_na_20260811_v2\audit_review_workbooks\xa\filing_inputs_audit_na.xlsx","25336","337a5c13f5cdd5df04bc2f9601f5312b4727917aa247ea64121cc16a9e8ddcc1"
"local-artifacts\output\delta_pipeline_2026-06_20260811\audit_test_na_20260811_v2\audit_review_workbooks\xagi\filing_inputs_audit_na.xlsx","21304","77699946dd89ba025c398334f0c5362142157d0a8725d8b10637c326e07723fe"
"local-artifacts\output\delta_pipeline_2026-06_20260811\audit_test_na_20260811_v2\audit_review_workbooks\xbix\filing_inputs_audit_na.xlsx","21289","4389ee40343efa45418117c4024a40209a538e4ca70ddbff7306efd2905e596a"
"local-artifacts\output\delta_pipeline_2026-06_20260811\audit_test_na_20260811_v2\audit_review_workbooks\xcom\filing_inputs_audit_na.xlsx","21297","2b9027c8f4772b9f54f817d2eab0d7f035bece465583138e2ae347224b9b66c7"
"local-artifacts\output\delta_pipeline_2026-06_20260811\audit_test_na_20260811_v2\audit_review_workbooks\xeur\filing_inputs_audit_na.xlsx","21262","bb48207fa16e1806f65149411a65942a33a4bb48e5090530e9b5ced52a756fc5"
"local-artifacts\output\delta_pipeline_2026-06_20260811\audit_test_na_20260811_v2\audit_review_workbooks\xhoa\filing_inputs_audit_na.xlsx","21279","1d281401d6515b1fb8a317c64e60a2556802caad9663c4b96fa626ea80650205"
"local-artifacts\output\delta_pipeline_2026-06_20260811\audit_test_na_20260811_v2\audit_review_workbooks\xiwc\filing_inputs_audit_na.xlsx","21269","d891d81b84db6415ca17b4d41555482ecf58fd0902fb598b12b206620cfe07de"
"local-artifacts\output\delta_pipeline_2026-06_20260811\audit_test_na_20260811_v2\audit_review_workbooks\xkre\filing_inputs_audit_na.xlsx","21292","80165ace0cf7c845572f4f95801395d858e8e46478ece9e3625b397bec4b3da0"
"local-artifacts\output\delta_pipeline_2026-06_20260811\audit_test_na_20260811_v2\audit_review_workbooks\xlbx\filing_inputs_audit_na.xlsx","21281","4b3d74de465cf4b5b0b3fd432e4767433a7e1d6486d24d1f256c47e956c64529"
"local-artifacts\output\delta_pipeline_2026-06_20260811\audit_test_na_20260811_v2\audit_review_workbooks\xlex\filing_inputs_audit_na.xlsx","21280","e0259e2f9eca4f4a69ad5262a49be31be43e1faba67c8b43773827d1846eb64b"
"local-artifacts\output\delta_pipeline_2026-06_20260811\audit_test_na_20260811_v2\audit_review_workbooks\xlfx\filing_inputs_audit_na.xlsx","21284","a3e4d64d6c2d9d39c00ea1f0b70aa9fbb82e54621eeb3e071cc21b96618f837b"
"local-artifacts\output\delta_pipeline_2026-06_20260811\audit_test_na_20260811_v2\audit_review_workbooks\xlix\filing_inputs_audit_na.xlsx","21285","6c2775e8286039045c2d5bc67fc76912ef5f7c0a0a4ee88341c05bc3944b9e7d"
"local-artifacts\output\delta_pipeline_2026-06_20260811\audit_test_na_20260811_v2\audit_review_workbooks\xlkx\filing_inputs_audit_na.xlsx","21293","a55ccce638a429355a07d7d98179f57ff25ebc8524081e865aabd98cafb1ed5b"
"local-artifacts\output\delta_pipeline_2026-06_20260811\audit_test_na_20260811_v2\audit_review_workbooks\xlpx\filing_inputs_audit_na.xlsx","21294","d0c1b0b76cc85a34311bdefb935c6bd9301d74584a44fb0ac5c07f09f9ba9d01"
"local-artifacts\output\delta_pipeline_2026-06_20260811\audit_test_na_20260811_v2\audit_review_workbooks\xlux\filing_inputs_audit_na.xlsx","21282","24ec0c8cb97a23782fd5e75067bf736893f1b0db6d7d11353dd4b21f2b6a0cb0"
"local-artifacts\output\delta_pipeline_2026-06_20260811\audit_test_na_20260811_v2\audit_review_workbooks\xlvx\filing_inputs_audit_na.xlsx","21291","79abd5a7110d72b40e5f3a19c764153bc2251ae8558f7de3518c7f6d11fc6af7"
"local-artifacts\output\delta_pipeline_2026-06_20260811\audit_test_na_20260811_v2\audit_review_workbooks\xlyx\filing_inputs_audit_na.xlsx","21308","36a2a5f2787b4768a43ea096a6bd1fa6e31deca671fea484cee3d87c93b9d351"
"local-artifacts\output\delta_pipeline_2026-06_20260811\audit_test_na_20260811_v2\audit_review_workbooks\xpav\filing_inputs_audit_na.xlsx","21275","d901f064929d650c5164990c32b98dea00442dc0fb13f2541d9b3c1d9e656eed"
"local-artifacts\output\delta_pipeline_2026-06_20260811\audit_test_na_20260811_v2\audit_review_workbooks\xsem\filing_inputs_audit_na.xlsx","21269","1068cf8c776526c29544843933856577804531494a44ed73b4e459e9d48d2198"
"local-artifacts\output\delta_pipeline_2026-06_20260811\audit_test_na_20260811_v2\audit_review_workbooks\xtai\filing_inputs_audit_na.xlsx","21256","d5786c1e9e2d147c5552ee81509a3da9ece1240539b69441e23bb923875dacd2"
"local-artifacts\output\delta_pipeline_2026-06_20260811\audit_test_na_20260811_v2\audit_review_workbooks\xvo\filing_inputs_audit_na.xlsx","21271","de8075e713d6f5ffc49f5ba1855ca85eea8d36252949727fddd0ea6f3c094676"
"local-artifacts\output\delta_pipeline_2026-06_20260811\audit_test_na_20260811_v2\audit_review_workbooks\xvug\filing_inputs_audit_na.xlsx","21286","1016cc87b93feef3472f5e6ebf1ad16ee1edb4cc3133b7f6784a34c52e663dca"
"local-artifacts\output\delta_pipeline_2026-06_20260811\audit_test_na_20260811_v2\audit_review_workbooks\xw\filing_inputs_audit_na.xlsx","21285","1f8ca88b888144017480e232e14be6ddd9e503c32e6ccb76f0f8d0d910c9f78a"
"local-artifacts\output\delta_pipeline_2026-06_20260811\audit_test_na_20260811_v2\audit_review_workbooks\yung\filing_inputs_audit_na.xlsx","29655","04bc9f5c0fc095293dfab0c566999d3d7f3e36c99e1411f10964c1fa1680011d"
"local-artifacts\output\delta_pipeline_2026-06_20260811\audit_test_na_20260811_v2\audit_staging_summary.json","66417","f8c72cfb366be70a74fe1dd46c45265a223f0f394e365b5d33e940e701bc2171"
"local-artifacts\output\delta_pipeline_2026-06_20260811\audit_test_na_20260811_v2\build_logs\ACLZ_build.log","398","96c34f927af4132d43fefd3a756c0c0fc691e14c5bedf4a80f1ec0f6704af8f2"
"local-artifacts\output\delta_pipeline_2026-06_20260811\audit_test_na_20260811_v2\build_logs\ACMM_build.log","341","5bc66c39d594a354bef83480ba52f80b8bfb679ffcc04e3e004ca5d522125848"
"local-artifacts\output\delta_pipeline_2026-06_20260811\audit_test_na_20260811_v2\build_logs\AV_build.log","272","9fc386d3c4acf833b65736b1890f8211f2df4f514b941da2b6beb495ac63a95f"
"local-artifacts\output\delta_pipeline_2026-06_20260811\audit_test_na_20260811_v2\build_logs\BAY_build.log","256","da228b2ebfd1151f5ea8b4da22bc246917fd07ee6d4227503669a2c91a0c763f"
"local-artifacts\output\delta_pipeline_2026-06_20260811\audit_test_na_20260811_v2\build_logs\BLCK_build.log","264","d96742896b556f3ddc37ec8b86d5a3ba25b3969ce446addaf0e01ad186ae611f"
"local-artifacts\output\delta_pipeline_2026-06_20260811\audit_test_na_20260811_v2\build_logs\BREW_build.log","265","10f8e9152c3b33b8eb9f9329eb35943ecba25577691a2055d9046ded2e98aa6c"
"local-artifacts\output\delta_pipeline_2026-06_20260811\audit_test_na_20260811_v2\build_logs\BRZX_build.log","400","bfaeb66fad7a469d03827eb535e2e136e79a80de5db08e59a7aa865e9305824e"
"local-artifacts\output\delta_pipeline_2026-06_20260811\audit_test_na_20260811_v2\build_logs\BZZ_build.log","269","a5dfb46150ff59decd47f9f9023712b72e51a7c5c3b0481a36acdb4e25f96d03"
"local-artifacts\output\delta_pipeline_2026-06_20260811\audit_test_na_20260811_v2\build_logs\CAMC_build.log","398","792e6b358a0820d4a8c1f419e2556ce4f7d9b784c28aafab3e33b8226b2009e0"
"local-artifacts\output\delta_pipeline_2026-06_20260811\audit_test_na_20260811_v2\build_logs\CARX_build.log","399","85a93a909981dbd4791751187abd12add83879161dc0736274f7cba7069e1cfb"
"local-artifacts\output\delta_pipeline_2026-06_20260811\audit_test_na_20260811_v2\build_logs\CBIL_build.log","260","5c1770cea8600df74ef403e1f14b226f475e4bb7be606f370d6de2eedffaf518"
"local-artifacts\output\delta_pipeline_2026-06_20260811\audit_test_na_20260811_v2\build_logs\CBOT_build.log","261","613c3d962b24346f18abb9f73808b3125e80d109f4d3a05c5196d66269b3deda"
"local-artifacts\output\delta_pipeline_2026-06_20260811\audit_test_na_20260811_v2\build_logs\CCPX_build.log","400","3ef5baba9f2a3e72600be455fb9655e4f4af253db94fec67ab996a6f785350e4"
"local-artifacts\output\delta_pipeline_2026-06_20260811\audit_test_na_20260811_v2\build_logs\CGOV_build.log","259","1da69c36eb5da7a1c0eab1a2cc4c90dc4f2bbabb7569ee837a943d18e3ffe1e8"
"local-artifacts\output\delta_pipeline_2026-06_20260811\audit_test_na_20260811_v2\build_logs\CHYG_build.log","280","4f1ef21507b730baf047ef57e4df34a78b00e480c91bb5cf4074dc7ecb2d2f81"
"local-artifacts\output\delta_pipeline_2026-06_20260811\audit_test_na_20260811_v2\build_logs\CIEI_build.log","267","50bc7edaa9f5a29d29c329ed8feda45767dc76b371ad366d765429a9c7a94928"
"local-artifacts\output\delta_pipeline_2026-06_20260811\audit_test_na_20260811_v2\build_logs\CIVG_build.log","286","49d4f83aaea31b2e69899f1b636754cf0af7fcabbc7b036d7b51f8a53631c3d9"
"local-artifacts\output\delta_pipeline_2026-06_20260811\audit_test_na_20260811_v2\build_logs\CJUN_build.log","889","12c5e69d663f4eadcf182a78abd67265614ca961f735ab63f791f9a080e39fea"
"local-artifacts\output\delta_pipeline_2026-06_20260811\audit_test_na_20260811_v2\build_logs\CMAG_build.log","852","2d4c40cbda6e9bb1d4b0549d34009484a94468f0c8181d606b8451dd26847e01"
"local-artifacts\output\delta_pipeline_2026-06_20260811\audit_test_na_20260811_v2\build_logs\CMAY_build.log","890","382d20a2018a801204de3d390026408e344ae3823b29daa1391284c3eeb3a2de"
"local-artifacts\output\delta_pipeline_2026-06_20260811\audit_test_na_20260811_v2\build_logs\CQTM_build.log","260","ac1781270ed97817f1e6ef225abb02906c4c7032c6afc7d756a03d1d5fabd03a"
"local-artifacts\output\delta_pipeline_2026-06_20260811\audit_test_na_20260811_v2\build_logs\CRUC_build.log","398","3b4b6e6c5c5821ef768c7fbea6fec2252242356c3321f3890ecd205f454ea146"
"local-artifacts\output\delta_pipeline_2026-06_20260811\audit_test_na_20260811_v2\build_logs\CTJN_build.log","891","bbdae58fb8db999e697bc8e86a8912c10177ab06bf1a271b82337f9607c636b8"
"local-artifacts\output\delta_pipeline_2026-06_20260811\audit_test_na_20260811_v2\build_logs\CTMA_build.log","890","4295b27ddcbe8f42406aa4e32381e08e0df22b21aaa4fcb5fb5a2b86944abbfa"
"local-artifacts\output\delta_pipeline_2026-06_20260811\audit_test_na_20260811_v2\build_logs\CUST_build.log","267","f9adab76bf0cbad50f97033110dc3a31eb467d26ad864857f68c0cb8ec978184"
"local-artifacts\output\delta_pipeline_2026-06_20260811\audit_test_na_20260811_v2\build_logs\DIPR_build.log","275","1526ac6687ef3e1532a5fbcd5b6162374478d5a9c483e5b9d2261860fee7a1f5"
"local-artifacts\output\delta_pipeline_2026-06_20260811\audit_test_na_20260811_v2\build_logs\DOCK_build.log","264","6af2acf99a4a32b2e14a9bd9fbeb3e4191f4880c7aee6cc4df5208a8d9868507"
"local-artifacts\output\delta_pipeline_2026-06_20260811\audit_test_na_20260811_v2\build_logs\EMJN_build.log","897","da848178d489a2e6b37778a95271e08b06bffb9c37edd8da56d7bcefb3bcb209"
"local-artifacts\output\delta_pipeline_2026-06_20260811\audit_test_na_20260811_v2\build_logs\EMMY_build.log","893","4d633da50169e6edda0f639d8ec350b1b8ae28d68fbe24517279b8eccbe8d4ba"
"local-artifacts\output\delta_pipeline_2026-06_20260811\audit_test_na_20260811_v2\build_logs\EMXX_build.log","411","c7f74129c9982dc3717b4b33001be6f790454942812f00df1f8bf4f7e2168e07"
"local-artifacts\output\delta_pipeline_2026-06_20260811\audit_test_na_20260811_v2\build_logs\EUV_build.log","279","0d55ae08f75a09ec9605b8c93d73063e682caa5d3c0fbce1b348bdd138be1882"
"local-artifacts\output\delta_pipeline_2026-06_20260811\audit_test_na_20260811_v2\build_logs\EUVX_build.log","432","37d50738a7010ad24da38e84687c4f3a9c5b8ac0be23c5c19d363de972bcd15d"
"local-artifacts\output\delta_pipeline_2026-06_20260811\audit_test_na_20260811_v2\build_logs\EYES_build.log","262","59a3a2730026f99552d5626b544bb6c47545f760a5de31077d9555c14a6a8cc9"
"local-artifacts\output\delta_pipeline_2026-06_20260811\audit_test_na_20260811_v2\build_logs\FDRS_build.log","248","3b0f8db20e323e13f875e61416bea5801888ee1bb8ae01937082dee9dbb43d97"
"local-artifacts\output\delta_pipeline_2026-06_20260811\audit_test_na_20260811_v2\build_logs\FDRX_build.log","400","63b3dfc1046ab4b57d615f2815ce656d7c051406f4a8af90040d8aef3c7aa8b6"
"local-artifacts\output\delta_pipeline_2026-06_20260811\audit_test_na_20260811_v2\build_logs\GASZ_build.log","271","df68354287c55361bffcc3f9897a0a7c171dd9d4a8bf4c508d9c6bf78d74455e"
"local-artifacts\output\delta_pipeline_2026-06_20260811\audit_test_na_20260811_v2\build_logs\GLAM_build.log","272","5184991517914b4e0e1eb46462fbfd2c24605ab05b7de7b937f35aa4711e9ebd"
"local-artifacts\output\delta_pipeline_2026-06_20260811\audit_test_na_20260811_v2\build_logs\GNMX_build.log","272","7e6ef653516216acc5229c69d323036465463c84e0bbe58e503ab791c82ec809"
"local-artifacts\output\delta_pipeline_2026-06_20260811\audit_test_na_20260811_v2\build_logs\HJUN_build.log","699","b36b0cb0dbbdd8b02072ae02faa33d9c0d99b50741ba1767d885a762d45984b1"
"local-artifacts\output\delta_pipeline_2026-06_20260811\audit_test_na_20260811_v2\build_logs\HMAY_build.log","698","e790380fa8aeacfb5387b7f4249c3d2f47e44a824d62b29b53d874be08d89712"
"local-artifacts\output\delta_pipeline_2026-06_20260811\audit_test_na_20260811_v2\build_logs\HULL_build.log","330","7991ede12557dc530f6775e9645baf4ef9ed571dba9613f7d1ff230f6d4f1067"
"local-artifacts\output\delta_pipeline_2026-06_20260811\audit_test_na_20260811_v2\build_logs\IDJN_build.log","907","93d8f49a993458c19b73f87fd7bcad62f0852d8e8c366dca89bc8d49873c0c0a"
"local-artifacts\output\delta_pipeline_2026-06_20260811\audit_test_na_20260811_v2\build_logs\IDMY_build.log","906","b35fad5a887f9d77f1c25f99de16c315268f651fc97c83dfc2a8163b031ac6a3"
"local-artifacts\output\delta_pipeline_2026-06_20260811\audit_test_na_20260811_v2\build_logs\JOUL_build.log","270","7fa93af7250759e37e15a3aa215d36acfe689d347d25d55c924c759339d90e97"
"local-artifacts\output\delta_pipeline_2026-06_20260811\audit_test_na_20260811_v2\build_logs\JUNC_build.log","891","8a93265fb828634351546c04da1c5c59a795201f85a96ea6b865004f271a27b8"
"local-artifacts\output\delta_pipeline_2026-06_20260811\audit_test_na_20260811_v2\build_logs\KEYX_build.log","398","02e0e1a848698e3206814f32de442a1386db5c5bcc74a8712604eb9e6efb4600"
"local-artifacts\output\delta_pipeline_2026-06_20260811\audit_test_na_20260811_v2\build_logs\KRWX_build.log","492","ce1dd87560147f49fc55c658ff3a6bc6e961fc4c21b905fcd7ab183936c006b0"
"local-artifacts\output\delta_pipeline_2026-06_20260811\audit_test_na_20260811_v2\build_logs\KYC_build.log","282","3b841f1f0699c8ebdd6e398394036b1be5f1857e6c84acc9ddf2577c6d36365f"
"local-artifacts\output\delta_pipeline_2026-06_20260811\audit_test_na_20260811_v2\build_logs\LASC_build.log","398","8c45ea6c7688449daf9cc9f31986b0b0493b81ceb824fd7c7aeb4503f3d53fbb"
"local-artifacts\output\delta_pipeline_2026-06_20260811\audit_test_na_20260811_v2\build_logs\LATR_build.log","260","1505041d5317e18a1a017edf2b533066f87fbdf7181777f0f82b6e5d1ab0a135"
"local-artifacts\output\delta_pipeline_2026-06_20260811\audit_test_na_20260811_v2\build_logs\LRNX_build.log","398","33751d87b4ac03b69996db829aad7d5da75dcf9b46222d4f2b89e6c63b0bd648"
"local-artifacts\output\delta_pipeline_2026-06_20260811\audit_test_na_20260811_v2\build_logs\MAYC_build.log","890","4005154106d46551d5318158374a75c354595f356e736b1abf9386478c65f876"
"local-artifacts\output\delta_pipeline_2026-06_20260811\audit_test_na_20260811_v2\build_logs\MGKX_build.log","415","cdea6c55eadaf2fb287f92613858157adfffa1bd6afc4e246d439a6443ae896a"
"local-artifacts\output\delta_pipeline_2026-06_20260811\audit_test_na_20260811_v2\build_logs\MNSX_build.log","399","4b1d6cc571315215e96364a8407e95a82dae4b8a7f2c4f2bbe6b7729bc4e536b"
"local-artifacts\output\delta_pipeline_2026-06_20260811\audit_test_na_20260811_v2\build_logs\MSIX_build.log","398","52f69482966672035991e5ebfb9f97abb62f3206837a89ee1db3a37dba137586"
"local-artifacts\output\delta_pipeline_2026-06_20260811\audit_test_na_20260811_v2\build_logs\NYNY_build.log","312","1bb964f8fea0b089de41324766ab35c651c1f1aebe275cc22607db76e2c47a15"
"local-artifacts\output\delta_pipeline_2026-06_20260811\audit_test_na_20260811_v2\build_logs\ODDZ_build.log","268","8eeacb1fd16073f7dd56f1a1665f5bd9530b280f67fbb92da5cbd0deccee6769"
"local-artifacts\output\delta_pipeline_2026-06_20260811\audit_test_na_20260811_v2\build_logs\ONTX_build.log","399","92434d2bde9056d5679902c1cb9ae79ba46aafbac9f7c1ad3cce364f9d9200ae"
"local-artifacts\output\delta_pipeline_2026-06_20260811\audit_test_na_20260811_v2\build_logs\OWN_build.log","317","6dce160289cb95d2b16711fcaf3bc16454a9c34657b02c28e8d552ff869cd7fd"
"local-artifacts\output\delta_pipeline_2026-06_20260811\audit_test_na_20260811_v2\build_logs\PTNT_build.log","267","a25fefb478662a298714eef0cfca63b34b1b16cca1ce9d04d55642185accf6de"
"local-artifacts\output\delta_pipeline_2026-06_20260811\audit_test_na_20260811_v2\build_logs\QJN_build.log","894","5a73f63259a5d9acc319ef4b1a5d206115f8f660debc42f4a353141cb135561b"
"local-artifacts\output\delta_pipeline_2026-06_20260811\audit_test_na_20260811_v2\build_logs\QMY_build.log","893","0f73d1cb172d7341c89d952e44d73f29d9492d46baa73f150a5d583c93929984"
"local-artifacts\output\delta_pipeline_2026-06_20260811\audit_test_na_20260811_v2\build_logs\QQJN_build.log","897","b74e2a46f6750624abae80ea9d4a4a24fcdeda72e76b44450a4a9092148d6136"
"local-artifacts\output\delta_pipeline_2026-06_20260811\audit_test_na_20260811_v2\build_logs\QQMY_build.log","894","039e394779b70d66d899dd42f034a0c93087fb9da53662e28fe83424e7f865e3"
"local-artifacts\output\delta_pipeline_2026-06_20260811\audit_test_na_20260811_v2\build_logs\RMBC_build.log","398","fbd24dd9672354f83be6266c78930c3639a8e4f62611e5e3c50754bf77a03ef2"
"local-artifacts\output\delta_pipeline_2026-06_20260811\audit_test_na_20260811_v2\build_logs\SCJN_build.log","891","b97a0ada719b4ba25844c942cfcad718d26b790f5039cd229b0174f1fbd9033b"
"local-artifacts\output\delta_pipeline_2026-06_20260811\audit_test_na_20260811_v2\build_logs\SCMY_build.log","889","ae257f4bdcbe0ddb814487290f709bfbe3e7d7aae4686e39c6885f1f6520c0c8"
"local-artifacts\output\delta_pipeline_2026-06_20260811\audit_test_na_20260811_v2\build_logs\SIMX_build.log","399","d3457b4fca9e1f6caea5447a7985cd0c72ddf37f07bec5af69183f190262f18d"
"local-artifacts\output\delta_pipeline_2026-06_20260811\audit_test_na_20260811_v2\build_logs\STYL_build.log","319","bdd7a7583d35d75021a3d459e5df0ebfd4d0f8bd5a85f725c9032a36c701fda6"
"local-artifacts\output\delta_pipeline_2026-06_20260811\audit_test_na_20260811_v2\build_logs\TAJX_build.log","400","5fded22aa7807d4f8503e8719440f58d7054eeccad11074b61305d85f0a5c187"
"local-artifacts\output\delta_pipeline_2026-06_20260811\audit_test_na_20260811_v2\build_logs\TPLX_build.log","398","324807251410b02136ddc7682ab4462b17c55b679376486643b1c8d5fa2699ce"
"local-artifacts\output\delta_pipeline_2026-06_20260811\audit_test_na_20260811_v2\build_logs\UMCX_build.log","398","50ac1eaa326ff01b794cdaf434c52d46239b4da81f117c1dd0251b8c8ea9ef98"
"local-artifacts\output\delta_pipeline_2026-06_20260811\audit_test_na_20260811_v2\build_logs\USX_build.log","411","532a68f731b01cd48f8d502750b5aba7c8f8a2293c3afd1055365a0b06bdb06a"
"local-artifacts\output\delta_pipeline_2026-06_20260811\audit_test_na_20260811_v2\build_logs\VBX_build.log","408","4218168c47322021d5475aef73f61864e5b4981119f38d3819ca7143c25cf500"
"local-artifacts\output\delta_pipeline_2026-06_20260811\audit_test_na_20260811_v2\build_logs\VOOX_build.log","409","d99442e161253acf23de33f3e3f3707ef4610b2b9ddf12cc9d6ab9a15d2b8831"
"local-artifacts\output\delta_pipeline_2026-06_20260811\audit_test_na_20260811_v2\build_logs\WATS_build.log","273","e8263373d5b041894775a427bfd8591d123ab78dedda7d0848ac5a00b5f7121d"
"local-artifacts\output\delta_pipeline_2026-06_20260811\audit_test_na_20260811_v2\build_logs\WEBX_build.log","412","85aef3597fb728180e6cf327609b43c739da2404e352fc6ec2cea6fc410a5ca2"
"local-artifacts\output\delta_pipeline_2026-06_20260811\audit_test_na_20260811_v2\build_logs\WNDR_build.log","259","14243754ac47dc898d5bef9ee86523d7b88004407acb5fc030dfca510c23c019"
"local-artifacts\output\delta_pipeline_2026-06_20260811\audit_test_na_20260811_v2\build_logs\WR_build.log","257","1f3af37a9a8892630339beb2fc1e3913fa496417b09f72dfad15e155a3b1ac7c"
"local-artifacts\output\delta_pipeline_2026-06_20260811\audit_test_na_20260811_v2\build_logs\WX_build.log","402","43df5a1c75bb55dbe270ec56471636a082b844be53f817b08ad098a1438a0aea"
"local-artifacts\output\delta_pipeline_2026-06_20260811\audit_test_na_20260811_v2\build_logs\XA_build.log","257","24fd399e267f6653c62e064a862f1e9efdaf72ceda37d85109eb1cc7dbf5244e"
"local-artifacts\output\delta_pipeline_2026-06_20260811\audit_test_na_20260811_v2\build_logs\XAGI_build.log","399","c1047215ef5475f42f4aabd69b048b7e7154eab489b689eb36b2b970828e9f1a"
"local-artifacts\output\delta_pipeline_2026-06_20260811\audit_test_na_20260811_v2\build_logs\XBIX_build.log","407","01dfa5a8fdb51cc32c83bdf63f2d505221122c515b7a49484f80cbac938cd30a"
"local-artifacts\output\delta_pipeline_2026-06_20260811\audit_test_na_20260811_v2\build_logs\XCOM_build.log","410","a2f927485dfa4350aa52bdd1028a8ac33bf9987db94396360aa247e9fe8fc6ed"
"local-artifacts\output\delta_pipeline_2026-06_20260811\audit_test_na_20260811_v2\build_logs\XEUR_build.log","410","a6b348cb28f4c597c4c6f3adc7ee281ab34fe9368512de11bc76a8049ac5f8c8"
"local-artifacts\output\delta_pipeline_2026-06_20260811\audit_test_na_20260811_v2\build_logs\XHOA_build.log","411","2b36e2a796da88a77e4e928fcc03e6c76c2dfa507e58daff2fddd16d4007f82d"
"local-artifacts\output\delta_pipeline_2026-06_20260811\audit_test_na_20260811_v2\build_logs\XIWC_build.log","409","9ab68a4fbd3c1f017c4c421cda569806ab43cb0169e08255d6990095d38c12b4"
"local-artifacts\output\delta_pipeline_2026-06_20260811\audit_test_na_20260811_v2\build_logs\XKRE_build.log","414","1b84219c8f6636298ff8d46df33a7b99842fcdd90e9f9aced450b0f66f21846b"
"local-artifacts\output\delta_pipeline_2026-06_20260811\audit_test_na_20260811_v2\build_logs\XLBX_build.log","408","9c1cd9aba6938b45d030ba515b43ac2b69457ae4970e373fa1bf3bed0e025cbc"
"local-artifacts\output\delta_pipeline_2026-06_20260811\audit_test_na_20260811_v2\build_logs\XLEX_build.log","406","c0c9d9edd81388c4987135fbd40250292017d2c9e5d0922ed85c697669deec8e"
"local-artifacts\output\delta_pipeline_2026-06_20260811\audit_test_na_20260811_v2\build_logs\XLFX_build.log","410","86d7e12e960f3646c8eaecb2fecedbdf268b74e44536e8e27268eaed6d3cbeb9"
"local-artifacts\output\delta_pipeline_2026-06_20260811\audit_test_na_20260811_v2\build_logs\XLIX_build.log","411","eab8470a5f1b0ada83ad3700312e12f3703964f1fbb34a74468f78abe6331a8a"
"local-artifacts\output\delta_pipeline_2026-06_20260811\audit_test_na_20260811_v2\build_logs\XLKX_build.log","410","0b49b7a97e8994b36b13f711addaa524a1993e6f9cbe0ad8b5b3e8559dcd4c00"
"local-artifacts\output\delta_pipeline_2026-06_20260811\audit_test_na_20260811_v2\build_logs\XLPX_build.log","416","9760b209d0c8a3fd21cb1040526a52cb51227be124b0c2c9caed51f1bb5d6e4b"
"local-artifacts\output\delta_pipeline_2026-06_20260811\audit_test_na_20260811_v2\build_logs\XLUX_build.log","409","bdbf95690997fd297d6c72fd554a265775a9393395af97d6adc6df193efa13f1"
"local-artifacts\output\delta_pipeline_2026-06_20260811\audit_test_na_20260811_v2\build_logs\XLVX_build.log","410","cd652c91ce225141968d919611c173da9bdb3314f901b4e1ce21535b9a065f8b"
"local-artifacts\output\delta_pipeline_2026-06_20260811\audit_test_na_20260811_v2\build_logs\XLYX_build.log","422","cfe7f60e154b078a096cb80e28e822cfd00c78313d7851ae3ad653ac29e16912"
"local-artifacts\output\delta_pipeline_2026-06_20260811\audit_test_na_20260811_v2\build_logs\XPAV_build.log","407","bed1f3a4a1fe3083c8f27355b35a62d7ad30c6efaa1182340012040d2c566afb"
"local-artifacts\output\delta_pipeline_2026-06_20260811\audit_test_na_20260811_v2\build_logs\XSEM_build.log","414","c0ac7dc485fde2da86c45bfc17770bf1e01c153c78fe82886443a893f02e0563"
"local-artifacts\output\delta_pipeline_2026-06_20260811\audit_test_na_20260811_v2\build_logs\XTAI_build.log","401","3ed1f0a2094e92d15cef7cc68e5acf68e2283477ca137c662da73fd4635c444a"
"local-artifacts\output\delta_pipeline_2026-06_20260811\audit_test_na_20260811_v2\build_logs\XVO_build.log","406","be49f9f143c4a275809e949c739d7c6069c4decf47971ff7bf4c1c24590c056d"
"local-artifacts\output\delta_pipeline_2026-06_20260811\audit_test_na_20260811_v2\build_logs\XVUG_build.log","406","5a70f6270c3dfd1c369e9911d01f260ce871cd0ac47741cff481986106844f4c"
"local-artifacts\output\delta_pipeline_2026-06_20260811\audit_test_na_20260811_v2\build_logs\XW_build.log","409","019b878d8d3cd64cec47da987773ae6fa90485b5d35f4ababd076a4e321ad256"
"local-artifacts\output\delta_pipeline_2026-06_20260811\audit_test_na_20260811_v2\build_logs\YUNG_build.log","261","3c0faa03dbcf045f6cc9eaee1b6a0a7e548c2399dd09c332a29b4db7612402c5"
"local-artifacts\output\delta_pipeline_2026-06_20260811\audit_test_na_20260811_v2\delta_vs_usbank\delta_report.json","3267","099a8014cc7444a463d226ec3d5ffd0fd32b43f144ce228cc4465db1486c380e"
"local-artifacts\output\delta_pipeline_2026-06_20260811\audit_test_na_20260811_v2\delta_vs_usbank\delta_summary.csv","39718","e96ef317ebaf2872c30fc1a8feb8fc7b414953013215b0696feef9086b5bc418"
"local-artifacts\output\delta_pipeline_2026-06_20260811\audit_test_na_20260811_v2\delta_vs_usbank\field_deltas.csv","22210555","d48c7d9596c90be71f87d3033ce77a361ecdafdd22e0729f7361b14c82afd30d"
"local-artifacts\output\delta_pipeline_2026-06_20260811\audit_test_na_20260811_v2\delta_vs_usbank\format_only_deltas.csv","612828","300e18c439d366e2a461bf082822711beacb67031045ba9bb93fb4c99b5f3a89"
"local-artifacts\output\delta_pipeline_2026-06_20260811\audit_test_na_20260811_v2\delta_vs_usbank\per_fund\ACLZ_delta.csv","80551","8d3f47e1b8924342e6ac20cf402506ee4e6cbca988eb0be170931e0cb5ee319e"
"local-artifacts\output\delta_pipeline_2026-06_20260811\audit_test_na_20260811_v2\delta_vs_usbank\per_fund\ACMM_delta.csv","80506","d777f924d10b1bc31ec2c1a495af97ef0e9ebcb225fe38a2400fc102ce4fc952"
"local-artifacts\output\delta_pipeline_2026-06_20260811\audit_test_na_20260811_v2\delta_vs_usbank\per_fund\AV_delta.csv","298905","6b9b92ae2c2c8cf2d60c3ee173a096b5d6ac47a052e69c8086aae11166e6d5db"
"local-artifacts\output\delta_pipeline_2026-06_20260811\audit_test_na_20260811_v2\delta_vs_usbank\per_fund\BAY_delta.csv","410530","f50ab5bdde836fc390cb4827f653abdd693e40137cb6c8b298a8fdb251e9f77d"
"local-artifacts\output\delta_pipeline_2026-06_20260811\audit_test_na_20260811_v2\delta_vs_usbank\per_fund\BLCK_delta.csv","265139","ef6cbc95d516be5cca6b042664a094061d3e6ef19fbb194aba29e47112c2e512"
"local-artifacts\output\delta_pipeline_2026-06_20260811\audit_test_na_20260811_v2\delta_vs_usbank\per_fund\BREW_delta.csv","179592","fca6a4fcd3ccd9b33ce76db21bbb4129cbede2f521d71adc3703830e8ad57d06"
"local-artifacts\output\delta_pipeline_2026-06_20260811\audit_test_na_20260811_v2\delta_vs_usbank\per_fund\BRZX_delta.csv","82014","2199a9f959a054521898e3f9335876a1d7d3ad559e732e28259ebce1adf232be"
"local-artifacts\output\delta_pipeline_2026-06_20260811\audit_test_na_20260811_v2\delta_vs_usbank\per_fund\BZZ_delta.csv","218275","e01d952e5ff07eff2591b12672a98b890f2fa4c693130df97977a74cf9216611"
"local-artifacts\output\delta_pipeline_2026-06_20260811\audit_test_na_20260811_v2\delta_vs_usbank\per_fund\CAMC_delta.csv","80451","a859a43533547191d3104c58679cc3f41e046c9a55b6b6c582a9e34612f5c056"
"local-artifacts\output\delta_pipeline_2026-06_20260811\audit_test_na_20260811_v2\delta_vs_usbank\per_fund\CARX_delta.csv","79579","b3df72be317de1e77c01b459cba311b96e89ec3528e2018af28644ca70bda0bc"
"local-artifacts\output\delta_pipeline_2026-06_20260811\audit_test_na_20260811_v2\delta_vs_usbank\per_fund\CBIL_delta.csv","195457","e40fea17311160813c42b378d58c0b911f23e0eda574704d93a836037c9502f6"
"local-artifacts\output\delta_pipeline_2026-06_20260811\audit_test_na_20260811_v2\delta_vs_usbank\per_fund\CBOT_delta.csv","183030","7c70018a2fec790d18c52eabdd7a014949ffdbb32e8901c958dd000f8cb755e9"
"local-artifacts\output\delta_pipeline_2026-06_20260811\audit_test_na_20260811_v2\delta_vs_usbank\per_fund\CCPX_delta.csv","81289","e0bb30fb1bf365fc2f3c7161ff1143b28eaaced0e1618bb860176fce94b11986"
"local-artifacts\output\delta_pipeline_2026-06_20260811\audit_test_na_20260811_v2\delta_vs_usbank\per_fund\CGOV_delta.csv","202521","5a3ea5c6d7d38cee4784bc10bc8a386d2536688de53a9f2d1a880e07f33099d6"
"local-artifacts\output\delta_pipeline_2026-06_20260811\audit_test_na_20260811_v2\delta_vs_usbank\per_fund\CHYG_delta.csv","1489444","234f1b8621e14c34301ed4000f964a4f86491067bed1b41ec475f0e69c2234c8"
"local-artifacts\output\delta_pipeline_2026-06_20260811\audit_test_na_20260811_v2\delta_vs_usbank\per_fund\CIEI_delta.csv","727589","f232640d8f8627279901276192522ef161c19a8d37a3c0fa18612bcfa118ae20"
"local-artifacts\output\delta_pipeline_2026-06_20260811\audit_test_na_20260811_v2\delta_vs_usbank\per_fund\CIVG_delta.csv","1608436","d075032908048d97da724a52116afc581e9f69838fa7e6e5fe8a74e1c0653cb8"
"local-artifacts\output\delta_pipeline_2026-06_20260811\audit_test_na_20260811_v2\delta_vs_usbank\per_fund\CJUN_delta.csv","229087","8a81aafe428f8e8d482cedcdadaccd24cfa0dac8b9af25819c30227110612709"
"local-artifacts\output\delta_pipeline_2026-06_20260811\audit_test_na_20260811_v2\delta_vs_usbank\per_fund\CMAG_delta.csv","443354","cb4921200af54c49f0f8c4cb7d62baa0af00ffd029a03fee32d25fa7489cfffc"
"local-artifacts\output\delta_pipeline_2026-06_20260811\audit_test_na_20260811_v2\delta_vs_usbank\per_fund\CMAY_delta.csv","231651","ed03013a4a7b305dc2c64f9cd4931fcd09db87ac2493f7e7b81b8610289d28f2"
"local-artifacts\output\delta_pipeline_2026-06_20260811\audit_test_na_20260811_v2\delta_vs_usbank\per_fund\CQTM_delta.csv","174722","79484f2f5474b950e6d205a8d8f6f4e08b258a874bd3e22e379266ba9f60b9ab"
"local-artifacts\output\delta_pipeline_2026-06_20260811\audit_test_na_20260811_v2\delta_vs_usbank\per_fund\CRUC_delta.csv","79642","ad1474c98f817ac8b7faa9d6143fbcf8a84e5a00e4dc3645e6b19b174cf8d7dc"
"local-artifacts\output\delta_pipeline_2026-06_20260811\audit_test_na_20260811_v2\delta_vs_usbank\per_fund\CTJN_delta.csv","229174","dc37d3d685e843e59272b1174a6cae1868978c4c2faccd4db09c8f7abd43b46b"
"local-artifacts\output\delta_pipeline_2026-06_20260811\audit_test_na_20260811_v2\delta_vs_usbank\per_fund\CTMA_delta.csv","231092","eff824b0bf0368dae95658f9bfce8cb075f4aa656a389d3281c4755eb7dd506f"
"local-artifacts\output\delta_pipeline_2026-06_20260811\audit_test_na_20260811_v2\delta_vs_usbank\per_fund\CUST_delta.csv","669264","1c87f71cc9982d9ee6c1ed0c775321ff99825d5a9922a28033c7af85957e7fdb"
"local-artifacts\output\delta_pipeline_2026-06_20260811\audit_test_na_20260811_v2\delta_vs_usbank\per_fund\DIPR_delta.csv","229031","da9c6c2275d3589cc422eb08b80a5973c46b321ea65e786d62ed581cbc88f0e2"
"local-artifacts\output\delta_pipeline_2026-06_20260811\audit_test_na_20260811_v2\delta_vs_usbank\per_fund\DOCK_delta.csv","330991","da0574e044ed678027944bcfcc522d5cf06e7a1ae6467830ead7afa49ada3e27"
"local-artifacts\output\delta_pipeline_2026-06_20260811\audit_test_na_20260811_v2\delta_vs_usbank\per_fund\EMJN_delta.csv","239644","837c7eec44a621186dc50f9d52a9fdfdffdbe6f542e5e5abbed0d3e6541ef43c"
"local-artifacts\output\delta_pipeline_2026-06_20260811\audit_test_na_20260811_v2\delta_vs_usbank\per_fund\EMMY_delta.csv","242525","2c21df6ac163646fc3975b8ba286ec3a0eb3d6bb6aa2e38c5565c49f0941ba8c"
"local-artifacts\output\delta_pipeline_2026-06_20260811\audit_test_na_20260811_v2\delta_vs_usbank\per_fund\EMXX_delta.csv","84690","11aa76ded5330e9365c5097bdb594e5285b0f6f096b3447c9181afacd8996786"
"local-artifacts\output\delta_pipeline_2026-06_20260811\audit_test_na_20260811_v2\delta_vs_usbank\per_fund\EUV_delta.csv","328677","2a61343d4159f242b1881935f910717aa9ae272f9be403078ef947c110d62555"
"local-artifacts\output\delta_pipeline_2026-06_20260811\audit_test_na_20260811_v2\delta_vs_usbank\per_fund\EUVX_delta.csv","94253","e1d1dc19db97d145f6548ee7d8cf40a3599cc99e3564493716ed8b0fb011418c"
"local-artifacts\output\delta_pipeline_2026-06_20260811\audit_test_na_20260811_v2\delta_vs_usbank\per_fund\EYES_delta.csv","252395","20ad055e8adcd5e3fe8d653dfccf5ad74032aef05669a3ff77e693ec1b6ea94b"
"local-artifacts\output\delta_pipeline_2026-06_20260811\audit_test_na_20260811_v2\delta_vs_usbank\per_fund\FDRS_delta.csv","438503","fefa0311e2a3741be25f60bfaac87cae76164e618c36c5f9b6de760bf4cbbc13"
"local-artifacts\output\delta_pipeline_2026-06_20260811\audit_test_na_20260811_v2\delta_vs_usbank\per_fund\FDRX_delta.csv","99502","20c9d0b53925da08460eac317c791f1753c992cf449590cecdb31490359bd5e4"
"local-artifacts\output\delta_pipeline_2026-06_20260811\audit_test_na_20260811_v2\delta_vs_usbank\per_fund\GASZ_delta.csv","177485","31175b40d1eff75dcdb2ef8bd61bb0ed49d012f5cf36508d66f88b5e5c3032cd"
"local-artifacts\output\delta_pipeline_2026-06_20260811\audit_test_na_20260811_v2\delta_vs_usbank\per_fund\GLAM_delta.csv","201824","ca95a2812657503d54eb275dadfec7c5fda6055feedee00eef4ff9b1c24166cf"
"local-artifacts\output\delta_pipeline_2026-06_20260811\audit_test_na_20260811_v2\delta_vs_usbank\per_fund\GNMX_delta.csv","426414","7ef94eb330850c294f6950df933b0369bfd00cb5b476ea6a301e51b36b74e028"
"local-artifacts\output\delta_pipeline_2026-06_20260811\audit_test_na_20260811_v2\delta_vs_usbank\per_fund\HJUN_delta.csv","184921","793e3bf13ab279ab4109d1fe8689197e8d116f50025c1b8b988dbed6d6f137c7"
"local-artifacts\output\delta_pipeline_2026-06_20260811\audit_test_na_20260811_v2\delta_vs_usbank\per_fund\HMAY_delta.csv","187471","662b7dd244db3169103932b60a9512d88bad9ecf56234bfe898244d27f451b30"
"local-artifacts\output\delta_pipeline_2026-06_20260811\audit_test_na_20260811_v2\delta_vs_usbank\per_fund\HULL_delta.csv","319813","832ea62c5c018bf8ea82eaeff221e5c0b5f82837ccce53b3c56702096ab61499"
"local-artifacts\output\delta_pipeline_2026-06_20260811\audit_test_na_20260811_v2\delta_vs_usbank\per_fund\IDJN_delta.csv","246738","189716b5c667f7b7113a017c5e7aad49beb7b5333b291d1653071f720a3f9083"
"local-artifacts\output\delta_pipeline_2026-06_20260811\audit_test_na_20260811_v2\delta_vs_usbank\per_fund\IDMY_delta.csv","248617","17c814be43df938db0dfd93f96bfba6a79d11bfe995269cc86b9b3be24db9704"
"local-artifacts\output\delta_pipeline_2026-06_20260811\audit_test_na_20260811_v2\delta_vs_usbank\per_fund\JOUL_delta.csv","158187","c035f5858102bba4d164878d8ca378e641d5359b580bcfbbd9ebe3625f4ee197"
"local-artifacts\output\delta_pipeline_2026-06_20260811\audit_test_na_20260811_v2\delta_vs_usbank\per_fund\JUNC_delta.csv","229177","f25b75e0994b3bf01e84c9482d2e5c45733c861e80ecfffbd44a324ccd42aaf4"
"local-artifacts\output\delta_pipeline_2026-06_20260811\audit_test_na_20260811_v2\delta_vs_usbank\per_fund\KEYX_delta.csv","80558","b90cb429b07323e167445210cf56cd42ddf551ebcac4f44de715936a21a266bd"
"local-artifacts\output\delta_pipeline_2026-06_20260811\audit_test_na_20260811_v2\delta_vs_usbank\per_fund\KRWX_delta.csv","138969","15c6ed6bef2dba463b8dfb64c5e9a30d29759e237efd1205b41adcf5a62f54ee"
"local-artifacts\output\delta_pipeline_2026-06_20260811\audit_test_na_20260811_v2\delta_vs_usbank\per_fund\KYC_delta.csv","451296","38793d3114f91c456f36c501e0c24d7683b9f00dc67d828bac106fbd5dde134f"
"local-artifacts\output\delta_pipeline_2026-06_20260811\audit_test_na_20260811_v2\delta_vs_usbank\per_fund\LASC_delta.csv","81947","80c0e7ed04075548f28242b1d91be16a34278b47a10415a1651b8d47d9f52e53"
"local-artifacts\output\delta_pipeline_2026-06_20260811\audit_test_na_20260811_v2\delta_vs_usbank\per_fund\LATR_delta.csv","179270","f19deeb8bd60d275970c2555badc9416f5980cbdd8d446548ecd6b9622e67d39"
"local-artifacts\output\delta_pipeline_2026-06_20260811\audit_test_na_20260811_v2\delta_vs_usbank\per_fund\LRNX_delta.csv","79975","73f775845c63e9df93736102d11f035ba75bf71585c0643c12b3c10c73e982be"
"local-artifacts\output\delta_pipeline_2026-06_20260811\audit_test_na_20260811_v2\delta_vs_usbank\per_fund\MAYC_delta.csv","231138","e7fcbad8f9d78fbc6e9af7b62977241e9955427477ed2ca43066e509353c2a44"
"local-artifacts\output\delta_pipeline_2026-06_20260811\audit_test_na_20260811_v2\delta_vs_usbank\per_fund\MGKX_delta.csv","87576","61da4c9f1e653972f1c37395f20ad6e9007f7a02f11c39252379f973afdf4cbb"
"local-artifacts\output\delta_pipeline_2026-06_20260811\audit_test_na_20260811_v2\delta_vs_usbank\per_fund\MNSX_delta.csv","79678","62f0bf0d045313d0ccd8c9e0adf38fa253cc7090e2ab7a9c90ff796ccb9376b2"
"local-artifacts\output\delta_pipeline_2026-06_20260811\audit_test_na_20260811_v2\delta_vs_usbank\per_fund\MSIX_delta.csv","80065","9e2494c2ac22e90ddd241d506b279747c9b1100120385e60206225d1afc92717"
"local-artifacts\output\delta_pipeline_2026-06_20260811\audit_test_na_20260811_v2\delta_vs_usbank\per_fund\NYNY_delta.csv","390161","976c3a1c3e1c6ffecd97cbecea17df734f2b6b25d40d89b3fff0bd080f8926b5"
"local-artifacts\output\delta_pipeline_2026-06_20260811\audit_test_na_20260811_v2\delta_vs_usbank\per_fund\ODDZ_delta.csv","189361","c1bb7917df166a1ccc6fe9b5381c1759e544195c57b6aa7d7a1372b26badd6eb"
"local-artifacts\output\delta_pipeline_2026-06_20260811\audit_test_na_20260811_v2\delta_vs_usbank\per_fund\ONTX_delta.csv","80904","50b25326798ca68f673f588b8a4951ef0426667f4f2c6b030efc34dd219421ac"
"local-artifacts\output\delta_pipeline_2026-06_20260811\audit_test_na_20260811_v2\delta_vs_usbank\per_fund\OWN_delta.csv","632707","435eb3d06b962dde0e08004edee9f8e85fd3e7258b605f19124f746afb197524"
"local-artifacts\output\delta_pipeline_2026-06_20260811\audit_test_na_20260811_v2\delta_vs_usbank\per_fund\PTNT_delta.csv","228134","0e0cb78debd4cc02fb4b4019787353a16f426de9d1ad2ce296e1f12bd718ab42"
"local-artifacts\output\delta_pipeline_2026-06_20260811\audit_test_na_20260811_v2\delta_vs_usbank\per_fund\QJN_delta.csv","233244","9e41cc14d8f92a4517f5f73f8b44e41e2b818d9639a9c5b3376f48d78d4cd043"
"local-artifacts\output\delta_pipeline_2026-06_20260811\audit_test_na_20260811_v2\delta_vs_usbank\per_fund\QMY_delta.csv","235572","97606d6cc648d378b43a17be1fdd0ce4cba6a14ae783945293550035073570bb"
"local-artifacts\output\delta_pipeline_2026-06_20260811\audit_test_na_20260811_v2\delta_vs_usbank\per_fund\QQJN_delta.csv","234750","55cbb27ce130c7e6000ec2ccf342896394fedff513981a6e74dcf11e9d93b9cd"
"local-artifacts\output\delta_pipeline_2026-06_20260811\audit_test_na_20260811_v2\delta_vs_usbank\per_fund\QQMY_delta.csv","236611","3ab1da6b55753774d0537297962b475a479c1fe4078f211d8250074c7946176f"
"local-artifacts\output\delta_pipeline_2026-06_20260811\audit_test_na_20260811_v2\delta_vs_usbank\per_fund\RMBC_delta.csv","80844","edaff3af9781cb3850cf1f59df248fdc13545aec885dcb9c60e8468416f944dd"
"local-artifacts\output\delta_pipeline_2026-06_20260811\audit_test_na_20260811_v2\delta_vs_usbank\per_fund\SCJN_delta.csv","229941","083fc0ce2ebb2a00fcf8e5a566eb77b3c19d92f72254e7a97d9798e31b124de2"
"local-artifacts\output\delta_pipeline_2026-06_20260811\audit_test_na_20260811_v2\delta_vs_usbank\per_fund\SCMY_delta.csv","231782","357c78327837fda8294ce66243c14b10a387c5e8c752d658f0c22c850d54f94b"
"local-artifacts\output\delta_pipeline_2026-06_20260811\audit_test_na_20260811_v2\delta_vs_usbank\per_fund\SIMX_delta.csv","81011","b8e3d6e9465ed0dd3f541efbfe208b9372ba476d0f917afbb63880de8da86b01"
"local-artifacts\output\delta_pipeline_2026-06_20260811\audit_test_na_20260811_v2\delta_vs_usbank\per_fund\STYL_delta.csv","337974","9b8845aed944a02bac03b194c40c474cbe9cbb710de36dde8dbf635cce8b4897"
"local-artifacts\output\delta_pipeline_2026-06_20260811\audit_test_na_20260811_v2\delta_vs_usbank\per_fund\TAJX_delta.csv","81685","457577b7c2a1b9e9f32ad840c1935566498cfcc2c33f24c74cd3a82dd3122bf8"
"local-artifacts\output\delta_pipeline_2026-06_20260811\audit_test_na_20260811_v2\delta_vs_usbank\per_fund\TPLX_delta.csv","80096","d70fb200356d654c940cc3faac3f32b8e3b48c482cb888c8b827c7b9b3ddf7e4"
"local-artifacts\output\delta_pipeline_2026-06_20260811\audit_test_na_20260811_v2\delta_vs_usbank\per_fund\UMCX_delta.csv","80141","c64219cf7c7d7290422c98a6cdb906091c643ecfb6e44583dc2e6507d50c86d7"
"local-artifacts\output\delta_pipeline_2026-06_20260811\audit_test_na_20260811_v2\delta_vs_usbank\per_fund\USX_delta.csv","84708","7d34fe48ffe73b0edb4f6e33822dbf6f2d6b4edc8dc9a3fd549bc42ef6f061d0"
"local-artifacts\output\delta_pipeline_2026-06_20260811\audit_test_na_20260811_v2\delta_vs_usbank\per_fund\VBX_delta.csv","84751","bf8b06e994cca6a7a986068923f6a25c48b6cca6b06e72344946634a70808009"
"local-artifacts\output\delta_pipeline_2026-06_20260811\audit_test_na_20260811_v2\delta_vs_usbank\per_fund\VOOX_delta.csv","83803","7122a07c9e99b22eb9e3baeef9b6342aff1444e426b094ab64386cb85f327878"
"local-artifacts\output\delta_pipeline_2026-06_20260811\audit_test_na_20260811_v2\delta_vs_usbank\per_fund\WATS_delta.csv","188625","8f4f7c006ea44c1ee3223730c9c65ce5dc265e5df706030756965e9af7b9b4d4"
"local-artifacts\output\delta_pipeline_2026-06_20260811\audit_test_na_20260811_v2\delta_vs_usbank\per_fund\WEBX_delta.csv","84766","64c6db6b049231f1e846d56866ffbde01ed0953e5bf921fe2ab19ccabe9dd8f5"
"local-artifacts\output\delta_pipeline_2026-06_20260811\audit_test_na_20260811_v2\delta_vs_usbank\per_fund\WNDR_delta.csv","402671","9ac4e7b1322e28dde8c89da0a4a7cce34298329092e4258afe8ae0a87cc219c0"
"local-artifacts\output\delta_pipeline_2026-06_20260811\audit_test_na_20260811_v2\delta_vs_usbank\per_fund\WR_delta.csv","390212","1952eedf220e0893a52f2b3042c0115629744cfc76eb7176ad02017b74271a49"
"local-artifacts\output\delta_pipeline_2026-06_20260811\audit_test_na_20260811_v2\delta_vs_usbank\per_fund\WX_delta.csv","82441","2acae695eb6d1b8bd10df56397f5a902bf2da3033849f2db9f53464a86438882"
"local-artifacts\output\delta_pipeline_2026-06_20260811\audit_test_na_20260811_v2\delta_vs_usbank\per_fund\XA_delta.csv","186951","8be2cd49fd48991594f0a815b8dd60dbd775200aa4b95c1506b8741a9bc24578"
"local-artifacts\output\delta_pipeline_2026-06_20260811\audit_test_na_20260811_v2\delta_vs_usbank\per_fund\XAGI_delta.csv","81517","2853aa5fcd1aafea626b25e751c5aec604833940c5f944eefa02cf953e4e1f72"
"local-artifacts\output\delta_pipeline_2026-06_20260811\audit_test_na_20260811_v2\delta_vs_usbank\per_fund\XBIX_delta.csv","84866","5e4519d3a5e0e488d887ea47acbee9ef0b0fba6c45c07903af0bc259b627a8af"
"local-artifacts\output\delta_pipeline_2026-06_20260811\audit_test_na_20260811_v2\delta_vs_usbank\per_fund\XCOM_delta.csv","85815","a49676078336abe1b455b91f7d3057fb0ce61c69e1bbf85c4680d57e4d121a98"
"local-artifacts\output\delta_pipeline_2026-06_20260811\audit_test_na_20260811_v2\delta_vs_usbank\per_fund\XEUR_delta.csv","85123","77755a67c2df83537c26d2ca6a84d9d9d9ee2d3a34e323c3289e01e975ecbe50"
"local-artifacts\output\delta_pipeline_2026-06_20260811\audit_test_na_20260811_v2\delta_vs_usbank\per_fund\XHOA_delta.csv","85688","e50688e887b81df4434e0855f136df05b68ce5bbfa50ba498fe259a48646bdc7"
"local-artifacts\output\delta_pipeline_2026-06_20260811\audit_test_na_20260811_v2\delta_vs_usbank\per_fund\XIWC_delta.csv","85137","8909f024825359d688b6b534ffc6c0992a5d30b2c64414d0dbb5fd2d7aa90d77"
"local-artifacts\output\delta_pipeline_2026-06_20260811\audit_test_na_20260811_v2\delta_vs_usbank\per_fund\XKRE_delta.csv","87208","733f1d5baf211ddde8e814ec8da0f2cacf6416865ee5fcbdada14014472c70d6"
"local-artifacts\output\delta_pipeline_2026-06_20260811\audit_test_na_20260811_v2\delta_vs_usbank\per_fund\XLBX_delta.csv","84836","e272265f5e8dad2c3262044494a08812cf4fa66dcf634b617497406495a69032"
"local-artifacts\output\delta_pipeline_2026-06_20260811\audit_test_na_20260811_v2\delta_vs_usbank\per_fund\XLEX_delta.csv","84091","895e109423d9632c4c3d1cdc78126c0f854c4e40903e4b557049c9f6bce9b713"
"local-artifacts\output\delta_pipeline_2026-06_20260811\audit_test_na_20260811_v2\delta_vs_usbank\per_fund\XLFX_delta.csv","84320","9a10b99f9d954373b30eda8d9f241a14b9859a4123ff42d85d733b8b648ab2e4"
"local-artifacts\output\delta_pipeline_2026-06_20260811\audit_test_na_20260811_v2\delta_vs_usbank\per_fund\XLIX_delta.csv","86473","783b664d0281f1a0f86d6b070ab004fd010ff270b1c7cfc7d4dba53dcf2ecbe6"
"local-artifacts\output\delta_pipeline_2026-06_20260811\audit_test_na_20260811_v2\delta_vs_usbank\per_fund\XLKX_delta.csv","85663","bc8289457b685fa1b5a79b4b4c70df88df0e50f54c2db86cccb8519c54db27e4"
"local-artifacts\output\delta_pipeline_2026-06_20260811\audit_test_na_20260811_v2\delta_vs_usbank\per_fund\XLPX_delta.csv","88020","a7f1980873f83c88e2214ab778e7fa7bddfff868d203e0cf3a8862e975b2af9a"
"local-artifacts\output\delta_pipeline_2026-06_20260811\audit_test_na_20260811_v2\delta_vs_usbank\per_fund\XLUX_delta.csv","84823","0a4840c9d46ab9f66384f184cf8bd4569a17c8845df119be391817f205eaa60d"
"local-artifacts\output\delta_pipeline_2026-06_20260811\audit_test_na_20260811_v2\delta_vs_usbank\per_fund\XLVX_delta.csv","85656","69d67c4c8ac35615244cbd23a281957c378d1d549b53906cf92472f7f51015da"
"local-artifacts\output\delta_pipeline_2026-06_20260811\audit_test_na_20260811_v2\delta_vs_usbank\per_fund\XLYX_delta.csv","90398","bde6197e99d26b3a9b8d04e8f3fbfd8c0ee9d1498d54e8a43513f8b9e7302c39"
"local-artifacts\output\delta_pipeline_2026-06_20260811\audit_test_na_20260811_v2\delta_vs_usbank\per_fund\XPAV_delta.csv","85909","b315b0536985763607de022d21f7a67e26e9cfbd33618d4b7eaa84b340a701c1"
"local-artifacts\output\delta_pipeline_2026-06_20260811\audit_test_na_20260811_v2\delta_vs_usbank\per_fund\XSEM_delta.csv","86675","f3e90586cad9880e1f98d362b1aca8d591abeb7d6997fef55dc78c0bb01eb0f3"
"local-artifacts\output\delta_pipeline_2026-06_20260811\audit_test_na_20260811_v2\delta_vs_usbank\per_fund\XTAI_delta.csv","82032","bb166701288d71601ada5c858849d459c89758ce58a9eda0489ea51f7df553f3"
"local-artifacts\output\delta_pipeline_2026-06_20260811\audit_test_na_20260811_v2\delta_vs_usbank\per_fund\XVO_delta.csv","82627","c763b35af83767eea7808a99aeea04b51a72f464c7e65fd21121e4a5211eb390"
"local-artifacts\output\delta_pipeline_2026-06_20260811\audit_test_na_20260811_v2\delta_vs_usbank\per_fund\XVUG_delta.csv","84015","c63502187f4c7d674901514ca9e11b920ed14797973b94295e0f2a1303f26a08"
"local-artifacts\output\delta_pipeline_2026-06_20260811\audit_test_na_20260811_v2\delta_vs_usbank\per_fund\XW_delta.csv","84939","ad69bf9033fdec8d32b02dcbe54df9a43b3f30f181c8572ea0786ec0d3656ce2"
"local-artifacts\output\delta_pipeline_2026-06_20260811\audit_test_na_20260811_v2\delta_vs_usbank\per_fund\YUNG_delta.csv","339678","32f74add2cf658780f221380bfe80f5b7b8401d1decbb3c1cc9c5d3ded309b57"
"local-artifacts\output\delta_pipeline_2026-06_20260811\audit_test_na_20260811_v2\delta_vs_usbank\README.md","537","ded45f7bb7da6a6061d613cda7ad199cbbe3d799441fe8643b91a6fd8fc55012"
"local-artifacts\output\delta_pipeline_2026-06_20260811\audit_test_na_20260811_v2\delta_vs_usbank\unmatched_funds.csv","4020","34f1c00044b83153cfcf119db9d46bf485f407f0247cbde41fa9542451a05798"
"local-artifacts\output\delta_pipeline_2026-06_20260811\audit_test_na_20260811_v2\xml\ACLZ_2026-06.manifest.json","1431","eb14b7675ab1dab12e07941a96f5a8e6d1bb7eb0a102e71821003f0d072bfa2a"
"local-artifacts\output\delta_pipeline_2026-06_20260811\audit_test_na_20260811_v2\xml\ACLZ_2026-06.xml","6712","6b12fe121ca634c1ef46b5f363c53ec428f7e5b1423de167e65fbdfa0738a76e"
"local-artifacts\output\delta_pipeline_2026-06_20260811\audit_test_na_20260811_v2\xml\ACMM_2026-06.manifest.json","1431","ac2e840afffbe98063dda068ba03c1c23941556131d7eeb07bc6b007fe6f4c72"
"local-artifacts\output\delta_pipeline_2026-06_20260811\audit_test_na_20260811_v2\xml\ACMM_2026-06.xml","6682","fa955c6a07a8f1c41d77d2370607f3015b09c85d9978fac566af059016a9ea96"
"local-artifacts\output\delta_pipeline_2026-06_20260811\audit_test_na_20260811_v2\xml\AV_2026-06.manifest.json","1421","ed4f756ec70aff4beaf0ae03d019664ef15d2a535a61adc7d4932f3a179784ac"
"local-artifacts\output\delta_pipeline_2026-06_20260811\audit_test_na_20260811_v2\xml\AV_2026-06.xml","38475","598419d56197e426eb5581e0b264b8f7ba4f270b8c5560e0650eb85d726f24e8"
"local-artifacts\output\delta_pipeline_2026-06_20260811\audit_test_na_20260811_v2\xml\BAY_2026-06.manifest.json","1426","253aa0db913a7c446489a9db388d9f1ec144fbeec0c69c7b187b94dcce7baa19"
"local-artifacts\output\delta_pipeline_2026-06_20260811\audit_test_na_20260811_v2\xml\BAY_2026-06.xml","55838","317c6c97ad1a33198c967552579035e47d9163e7455b226a6582a5900c89cbc8"
"local-artifacts\output\delta_pipeline_2026-06_20260811\audit_test_na_20260811_v2\xml\BLCK_2026-06.manifest.json","1431","8a94dd98a89aea43276f17687e8ffb7c9ace135b2cd747b57b2c01655ee7a528"
"local-artifacts\output\delta_pipeline_2026-06_20260811\audit_test_na_20260811_v2\xml\BLCK_2026-06.xml","33187","c4af4b73cc7ed88dced1ac37779cc055425f8b0e86b5e7f71ba0c6ee366d2f47"
"local-artifacts\output\delta_pipeline_2026-06_20260811\audit_test_na_20260811_v2\xml\BREW_2026-06.manifest.json","1431","b999d400c6e4adff95334de681885c227eef92a40edd89046935011ea61cc01f"
"local-artifacts\output\delta_pipeline_2026-06_20260811\audit_test_na_20260811_v2\xml\BREW_2026-06.xml","18314","b37bdf2fdc484d4ebb03f1d59bba4a13df7f23ad4b29aff2f20212ad3631a6e9"
"local-artifacts\output\delta_pipeline_2026-06_20260811\audit_test_na_20260811_v2\xml\BRZX_2026-06.manifest.json","1431","5d5d1fa16af0f6aa82980dace3bee9e2d34c625a0e5a17df93093e96a2fc2acb"
"local-artifacts\output\delta_pipeline_2026-06_20260811\audit_test_na_20260811_v2\xml\BRZX_2026-06.xml","6719","24482315013617f6e6f9ca7bd8e94303b8b0f49f095e10ad899421e9a2156d1d"
"local-artifacts\output\delta_pipeline_2026-06_20260811\audit_test_na_20260811_v2\xml\BZZ_2026-06.manifest.json","1426","69920ca43838a926f9ebe9a9f51bd9f39c7866cbf13805dae746aff6b9521725"
"local-artifacts\output\delta_pipeline_2026-06_20260811\audit_test_na_20260811_v2\xml\BZZ_2026-06.xml","27137","3cedd1eb94ae26977fad5750b14ad1506e51917cfe2da6fea333cf43b6c5206b"
"local-artifacts\output\delta_pipeline_2026-06_20260811\audit_test_na_20260811_v2\xml\CAMC_2026-06.manifest.json","1431","85bbd1fa768f141b3e57872bc363322c6307c6c60c64ae27cb9dea5cf6eec062"
"local-artifacts\output\delta_pipeline_2026-06_20260811\audit_test_na_20260811_v2\xml\CAMC_2026-06.xml","6660","f99d5a54e0bd9e91a80a8eec9fe4012b56c9b49237d51269140fbde2b4e78f8d"
"local-artifacts\output\delta_pipeline_2026-06_20260811\audit_test_na_20260811_v2\xml\CARX_2026-06.manifest.json","1431","bed1efe524b3ec133712d260e60df1cfc9aed74fc87d27f6f0e6173651e86105"
"local-artifacts\output\delta_pipeline_2026-06_20260811\audit_test_na_20260811_v2\xml\CARX_2026-06.xml","6660","e7cd2fca91752b76012134d8b55ff0571e00872647587446f4821b545eb6a643"
"local-artifacts\output\delta_pipeline_2026-06_20260811\audit_test_na_20260811_v2\xml\CBIL_2026-06.manifest.json","1431","88af1722185bc89c8c8f62b8e4ed02e5fbede8c01c088de6be38d82812b55f60"
"local-artifacts\output\delta_pipeline_2026-06_20260811\audit_test_na_20260811_v2\xml\CBIL_2026-06.xml","32267","6fae054b6565a2588ed7c061062919635fe71940e9e573d3e769047472255065"
"local-artifacts\output\delta_pipeline_2026-06_20260811\audit_test_na_20260811_v2\xml\CBOT_2026-06.manifest.json","1431","8575ede464a7a3e4e146f491f1120449775937f2c1d18905517bd7210d922fd6"
"local-artifacts\output\delta_pipeline_2026-06_20260811\audit_test_na_20260811_v2\xml\CBOT_2026-06.xml","25246","6de6923487738ef1bb90a2a30265e1bdc18b87c44851c457fde2b36e928d6155"
"local-artifacts\output\delta_pipeline_2026-06_20260811\audit_test_na_20260811_v2\xml\CCPX_2026-06.manifest.json","1431","58a39054af6d716405d69f82532de7c4d3a1f19742548f4cd83e4b6e9b504cf3"
"local-artifacts\output\delta_pipeline_2026-06_20260811\audit_test_na_20260811_v2\xml\CCPX_2026-06.xml","6748","604c3c6e2a6a6f2306894039c0b66105edf0851f469e65d1a80cdd570318353f"
"local-artifacts\output\delta_pipeline_2026-06_20260811\audit_test_na_20260811_v2\xml\CGOV_2026-06.manifest.json","1431","c6337172df4333e5b00d86ed299a4ee4c96ed38fadefd2ab44949fdd1a0a0916"
"local-artifacts\output\delta_pipeline_2026-06_20260811\audit_test_na_20260811_v2\xml\CGOV_2026-06.xml","31063","66206e815e7054a08e572c24461e0169681698d902dbd466a21436b99a00cf93"
"local-artifacts\output\delta_pipeline_2026-06_20260811\audit_test_na_20260811_v2\xml\CHYG_2026-06.manifest.json","1431","c703e66f242afb8d24317d2a1e4caabc307f72dd4c5a6cee204063404ac6576d"
"local-artifacts\output\delta_pipeline_2026-06_20260811\audit_test_na_20260811_v2\xml\CHYG_2026-06.xml","232112","68959e7b6e914e418a9b9ced08b434b26cf773d38b9db168596cc0ed2db251bf"
"local-artifacts\output\delta_pipeline_2026-06_20260811\audit_test_na_20260811_v2\xml\CIEI_2026-06.manifest.json","1431","1f1a8660b341c7727eccb200b7c5cbc28add14c6bc736ab50470b76bccc13283"
"local-artifacts\output\delta_pipeline_2026-06_20260811\audit_test_na_20260811_v2\xml\CIEI_2026-06.xml","112225","d9824ff6119e1ff6d465008fea42de8e1e34c677b8f980247b29d834af94d642"
"local-artifacts\output\delta_pipeline_2026-06_20260811\audit_test_na_20260811_v2\xml\CIVG_2026-06.manifest.json","1431","1974102a3b2e5d029b42675b2c9e60069c914be619875be9a66dd8a6dd98b8b4"
"local-artifacts\output\delta_pipeline_2026-06_20260811\audit_test_na_20260811_v2\xml\CIVG_2026-06.xml","240851","96c9c43636a6bfc9fd2f31589a0b86930192d90477728f6f7fa27aff47c85508"
"local-artifacts\output\delta_pipeline_2026-06_20260811\audit_test_na_20260811_v2\xml\CJUN_2026-06.manifest.json","1431","8d572b45a053845dbcab13c84c522f3027e5a9d3fcd5b5aa911dcdee8322f49a"
"local-artifacts\output\delta_pipeline_2026-06_20260811\audit_test_na_20260811_v2\xml\CJUN_2026-06.xml","13537","336157ee6acffb442605a5c5d39aaccc1056b07c85b62d90e935b5778c487bbe"
"local-artifacts\output\delta_pipeline_2026-06_20260811\audit_test_na_20260811_v2\xml\CMAG_2026-06.manifest.json","1431","05b42edf5ab3c4f36761d9fd3e7f9d1f9b2508e4bf30fc88d676b874d7cbf66b"
"local-artifacts\output\delta_pipeline_2026-06_20260811\audit_test_na_20260811_v2\xml\CMAG_2026-06.xml","27783","83f01e25780e492df6626bd02542e435f102908566479db367389fae17aa5074"
"local-artifacts\output\delta_pipeline_2026-06_20260811\audit_test_na_20260811_v2\xml\CMAY_2026-06.manifest.json","1431","3de1f21b9866ee48e73519490f02c440af63450d3cfa37a31266aea7ce52a655"
"local-artifacts\output\delta_pipeline_2026-06_20260811\audit_test_na_20260811_v2\xml\CMAY_2026-06.xml","13561","a26560ea6fdd982a2b2bed24e4445843ca25ea8f479b110c2e1a9a0b85fb0157"
"local-artifacts\output\delta_pipeline_2026-06_20260811\audit_test_na_20260811_v2\xml\CQTM_2026-06.manifest.json","1431","4cd8028d0e91abf535f0b42fa757e7982b77cec57a8d2415503fc454c1ee6b88"
"local-artifacts\output\delta_pipeline_2026-06_20260811\audit_test_na_20260811_v2\xml\CQTM_2026-06.xml","19270","6c31f48ecb6898f5d733cf02cf0463a741d9935cdd5c83e901ab01c32a44224e"
"local-artifacts\output\delta_pipeline_2026-06_20260811\audit_test_na_20260811_v2\xml\CRUC_2026-06.manifest.json","1431","6bf6c4987745f222a80180ea127f6de857de02bec7b575915ced43673d75e843"
"local-artifacts\output\delta_pipeline_2026-06_20260811\audit_test_na_20260811_v2\xml\CRUC_2026-06.xml","6676","1509ec9679c3ca2406d175830aaf346f5f8bfc7cee252303ffe411d15939c937"
"local-artifacts\output\delta_pipeline_2026-06_20260811\audit_test_na_20260811_v2\xml\CTJN_2026-06.manifest.json","1431","878f9413c641082b1242a3232c3925758921168e26667cdfa2a4f7b34e5b6244"
"local-artifacts\output\delta_pipeline_2026-06_20260811\audit_test_na_20260811_v2\xml\CTJN_2026-06.xml","13536","08c88071a0c79d98d8934b9c0b387068caa88ddd102f9a3cbcdbfb473191e528"
"local-artifacts\output\delta_pipeline_2026-06_20260811\audit_test_na_20260811_v2\xml\CTMA_2026-06.manifest.json","1431","6ce926ee6a700559299ea255ca029c58b04200dcf7cb5f04a561e4ccaa0d0a95"
"local-artifacts\output\delta_pipeline_2026-06_20260811\audit_test_na_20260811_v2\xml\CTMA_2026-06.xml","13560","7717595cf4bc293e5f16e74e76c2eb7bc5a953d4a993b926c7ed40a40e79cfb5"
"local-artifacts\output\delta_pipeline_2026-06_20260811\audit_test_na_20260811_v2\xml\CUST_2026-06.manifest.json","1431","5361167795a194a50d6903348f1faebc95d5d9c811a1902f8adbd43fca93ece1"
"local-artifacts\output\delta_pipeline_2026-06_20260811\audit_test_na_20260811_v2\xml\CUST_2026-06.xml","117113","347b6adb2b6147280a83ebb0b97d742678f96fe1befc41ef763768ecff12b5f1"
"local-artifacts\output\delta_pipeline_2026-06_20260811\audit_test_na_20260811_v2\xml\DIPR_2026-06.manifest.json","1431","73acf4f65fd3d0c91778f4e6a6ae519284a50515c8fa234711e5f1cd1f29dfc2"
"local-artifacts\output\delta_pipeline_2026-06_20260811\audit_test_na_20260811_v2\xml\DIPR_2026-06.xml","29813","95ba5284dd927d3d88c2773171f949935ff998b36817f05bbfcebf621839af4a"
"local-artifacts\output\delta_pipeline_2026-06_20260811\audit_test_na_20260811_v2\xml\DOCK_2026-06.manifest.json","1431","42969806664680ba0d5e50a3e3d1ab44421e35fad835d556fb59a04158727c03"
"local-artifacts\output\delta_pipeline_2026-06_20260811\audit_test_na_20260811_v2\xml\DOCK_2026-06.xml","43933","0e0120be15cd462d529dc682a7d46304ac5a6e50189574cfe7fd5a51f065cfce"
"local-artifacts\output\delta_pipeline_2026-06_20260811\audit_test_na_20260811_v2\xml\EMJN_2026-06.manifest.json","1431","1b14e641682da0c59a0a451372fefbdc9ce83feed5d0563f5eef331dab258dda"
"local-artifacts\output\delta_pipeline_2026-06_20260811\audit_test_na_20260811_v2\xml\EMJN_2026-06.xml","13582","6a3a992c15201cb39d308e89abeefcdd2aed178fda2a101b29ae94fdae28cea2"
"local-artifacts\output\delta_pipeline_2026-06_20260811\audit_test_na_20260811_v2\xml\EMMY_2026-06.manifest.json","1431","606c494bb53498c708ae4361876a4de79ce3a571483d06235e311f50ff61e0de"
"local-artifacts\output\delta_pipeline_2026-06_20260811\audit_test_na_20260811_v2\xml\EMMY_2026-06.xml","13612","7b9399420f2d5307945536e44a501c37e353186a43bb1b96d1982090863ff6f3"
"local-artifacts\output\delta_pipeline_2026-06_20260811\audit_test_na_20260811_v2\xml\EMXX_2026-06.manifest.json","1431","fd6193ffada2a939f1ea6d9510fd59ebca0cfd6d43e8e022d10a91b8dd9ba2cf"
"local-artifacts\output\delta_pipeline_2026-06_20260811\audit_test_na_20260811_v2\xml\EMXX_2026-06.xml","6785","8298f1f9401a6d40d945eba64a85b03b3efd06e82182191c9d19292543e68eb0"
"local-artifacts\output\delta_pipeline_2026-06_20260811\audit_test_na_20260811_v2\xml\EUV_2026-06.manifest.json","1426","d5bfa1328550b472faa98484740037cb62b3e223671d9e64d6ebc92dc330e3ea"
"local-artifacts\output\delta_pipeline_2026-06_20260811\audit_test_na_20260811_v2\xml\EUV_2026-06.xml","38719","ab7e35b259499c280384b46af68de4d7c3bd55d26d9017e113b9bc5d9dab3a8e"
"local-artifacts\output\delta_pipeline_2026-06_20260811\audit_test_na_20260811_v2\xml\EUVX_2026-06.manifest.json","1431","8059319cd1da0645098eff4ba864b45219d48389c83092637050f8761b7f22d4"
"local-artifacts\output\delta_pipeline_2026-06_20260811\audit_test_na_20260811_v2\xml\EUVX_2026-06.xml","6787","f566f9978444c293128ff2d9c9cc9935ec561e74b0338cb564b54440db2d3255"
"local-artifacts\output\delta_pipeline_2026-06_20260811\audit_test_na_20260811_v2\xml\EYES_2026-06.manifest.json","1431","986eaaa2ceb423d70a7f5a164fe54ad6ba105b2b468b563a4268796c5f8eb43c"
"local-artifacts\output\delta_pipeline_2026-06_20260811\audit_test_na_20260811_v2\xml\EYES_2026-06.xml","34134","cb3b291819143eb3007b49bd8db1d3e90072442607cb020716813234686c9810"
"local-artifacts\output\delta_pipeline_2026-06_20260811\audit_test_na_20260811_v2\xml\FDRS_2026-06.manifest.json","1431","990af6e12dd4206a8c66d14301c49a16b60b5333471ae56c25bdb373426ec01c"
"local-artifacts\output\delta_pipeline_2026-06_20260811\audit_test_na_20260811_v2\xml\FDRS_2026-06.xml","48348","c471f89d233e7e3986c44954adfb4cea861deff82f8d91d93472f409ca66d227"
"local-artifacts\output\delta_pipeline_2026-06_20260811\audit_test_na_20260811_v2\xml\FDRX_2026-06.manifest.json","1431","dc84a2baf388e24f5f728f1d01aa3aec4791785b86f7f14a8483148751b569af"
"local-artifacts\output\delta_pipeline_2026-06_20260811\audit_test_na_20260811_v2\xml\FDRX_2026-06.xml","6717","b73e86b89119a969d5a40a56268d3e387dde006e76208bc0ee55ea0c680f05a6"
"local-artifacts\output\delta_pipeline_2026-06_20260811\audit_test_na_20260811_v2\xml\GASZ_2026-06.manifest.json","1431","3fd908f710fdb45e923fc0742f24b2b8202e7859e860f754cd94ec6e5e484ec5"
"local-artifacts\output\delta_pipeline_2026-06_20260811\audit_test_na_20260811_v2\xml\GASZ_2026-06.xml","23553","b54e2167486dd3c7825628e52b241cf9da6baeb047be5bc0e9a24f1550fb1377"
"local-artifacts\output\delta_pipeline_2026-06_20260811\audit_test_na_20260811_v2\xml\GLAM_2026-06.manifest.json","1431","b143011b3d373133af3fd2535b2ad8d0e4e5f36a2bb137b18e5dea6c82b2f59b"
"local-artifacts\output\delta_pipeline_2026-06_20260811\audit_test_na_20260811_v2\xml\GLAM_2026-06.xml","26288","c5bad151588ddea9d9d68323ab36c693bb3c8490e010346f7863ca42cd843f7a"
"local-artifacts\output\delta_pipeline_2026-06_20260811\audit_test_na_20260811_v2\xml\GNMX_2026-06.manifest.json","1431","96c4413ee590e687f788e463749f8f3c976b0ffc7885f4950b72a6649b35d250"
"local-artifacts\output\delta_pipeline_2026-06_20260811\audit_test_na_20260811_v2\xml\GNMX_2026-06.xml","55521","d2608b08508987069f8b3a8b30ffee17aba823b6916b38f98dd80935af2f0e9b"
"local-artifacts\output\delta_pipeline_2026-06_20260811\audit_test_na_20260811_v2\xml\HJUN_2026-06.manifest.json","1431","186808b24084c25dbf35b73f0a1583965b9f90369523dc676a68b5a00ae1c7a1"
"local-artifacts\output\delta_pipeline_2026-06_20260811\audit_test_na_20260811_v2\xml\HJUN_2026-06.xml","11665","00b9a4d187bf1610695fdcdf524323a4de1a7d899cd547cd8b6e331be5f52427"
"local-artifacts\output\delta_pipeline_2026-06_20260811\audit_test_na_20260811_v2\xml\HMAY_2026-06.manifest.json","1431","3d9ad9594d46133d869b32ed961f16b1be67f590da9835185256c6e5ef841c76"
"local-artifacts\output\delta_pipeline_2026-06_20260811\audit_test_na_20260811_v2\xml\HMAY_2026-06.xml","11682","f464eaabe1804030c1dd16d16806c8e12b6afefe371c2c512498affe15582582"
"local-artifacts\output\delta_pipeline_2026-06_20260811\audit_test_na_20260811_v2\xml\HULL_2026-06.manifest.json","1431","dd62ceb033c113b60f3ceb9ecf20e9d54886e8b0f48c4c2de67945a3452e8adb"
"local-artifacts\output\delta_pipeline_2026-06_20260811\audit_test_na_20260811_v2\xml\HULL_2026-06.xml","41204","715890e411666aae3b6ac06f1fc00f9eb954dd6db70a0b729b9a508909862070"
"local-artifacts\output\delta_pipeline_2026-06_20260811\audit_test_na_20260811_v2\xml\IDJN_2026-06.manifest.json","1431","f5ec2299a801c6732188e16e81e3d52b0e40d1e714baaa3a1fe23d7f4141630f"
"local-artifacts\output\delta_pipeline_2026-06_20260811\audit_test_na_20260811_v2\xml\IDJN_2026-06.xml","13546","6c84003a930a128f56ff5893cb772d2325f03e3e7f1a042bebd09a6f13d42af5"
"local-artifacts\output\delta_pipeline_2026-06_20260811\audit_test_na_20260811_v2\xml\IDMY_2026-06.manifest.json","1431","89285dbb3c643e1f48fc49f46537a13fc83c1a8c8bafad6d18ee12e3afc83c32"
"local-artifacts\output\delta_pipeline_2026-06_20260811\audit_test_na_20260811_v2\xml\IDMY_2026-06.xml","13568","e59e606644e2c545930df8e2e395a34af491c5c2d732c3a66c94e351ebed83c8"
"local-artifacts\output\delta_pipeline_2026-06_20260811\audit_test_na_20260811_v2\xml\JOUL_2026-06.manifest.json","1431","a293406c90c497d57a7316afb5710285eb2e9984ea1a5388e9e0d0efcc284ce5"
"local-artifacts\output\delta_pipeline_2026-06_20260811\audit_test_na_20260811_v2\xml\JOUL_2026-06.xml","20978","31be7645791fb68588b272935079821fca040a2b12907a9b65df34590d7b9d40"
"local-artifacts\output\delta_pipeline_2026-06_20260811\audit_test_na_20260811_v2\xml\JUNC_2026-06.manifest.json","1431","e747d6818338bc0ce569a1c1bf7d35270af69c65e0b0f1cdefe068d265423b7e"
"local-artifacts\output\delta_pipeline_2026-06_20260811\audit_test_na_20260811_v2\xml\JUNC_2026-06.xml","13538","09254068f1567504c09ed11928fccc195731d0e125dc52a8241d1e0c7bceea2b"
"local-artifacts\output\delta_pipeline_2026-06_20260811\audit_test_na_20260811_v2\xml\KEYX_2026-06.manifest.json","1431","efe4469965e3603e400fb4fb19cd31e58c86152f42374b2d008311ec2905267f"
"local-artifacts\output\delta_pipeline_2026-06_20260811\audit_test_na_20260811_v2\xml\KEYX_2026-06.xml","6716","a0db25f9b49fc94911a784f3b9f9b67ebc6c2b4427a8b92675b5c08350101f89"
"local-artifacts\output\delta_pipeline_2026-06_20260811\audit_test_na_20260811_v2\xml\KRWX_2026-06.manifest.json","1431","437391974246b4605a45b52038352b4c9cd1150e1407660aba84befdf1fcf6c4"
"local-artifacts\output\delta_pipeline_2026-06_20260811\audit_test_na_20260811_v2\xml\KRWX_2026-06.xml","9293","a85a351956fe2d0df070ac627d3361d6639b404228715cd3b7950fa8c5aa0dd9"
"local-artifacts\output\delta_pipeline_2026-06_20260811\audit_test_na_20260811_v2\xml\KYC_2026-06.manifest.json","1426","155ab2b981860b210830bd752c894f8365f625682eb6672dca4f2a1ecf6f14d6"
"local-artifacts\output\delta_pipeline_2026-06_20260811\audit_test_na_20260811_v2\xml\KYC_2026-06.xml","53324","f436332035b5a43dd847b0b2867a9a8253056db650d0968adf8598efd109ca2d"
"local-artifacts\output\delta_pipeline_2026-06_20260811\audit_test_na_20260811_v2\xml\LASC_2026-06.manifest.json","1431","c3b82612c7167120631269bb3b0ffa463f6d42a46164ffacd0d11bf4d45ea70f"
"local-artifacts\output\delta_pipeline_2026-06_20260811\audit_test_na_20260811_v2\xml\LASC_2026-06.xml","6659","4ed3ede1e70038bc369944b37f31f364d0e573a96d78e5e242f57d451d20cfa4"
"local-artifacts\output\delta_pipeline_2026-06_20260811\audit_test_na_20260811_v2\xml\LATR_2026-06.manifest.json","1431","3ad1d274c0784657a16f4f740257550f17aa6683950506db607ae7c300ca9f11"
"local-artifacts\output\delta_pipeline_2026-06_20260811\audit_test_na_20260811_v2\xml\LATR_2026-06.xml","22589","9026b25d5076de3bf627a450861c5450e51334162cce623355c4f120c2f1eee3"
"local-artifacts\output\delta_pipeline_2026-06_20260811\audit_test_na_20260811_v2\xml\LRNX_2026-06.manifest.json","1431","e8487585d4f6aea5feade2c31d4f4db9fd7402a5c02bd445e041cda86316d6ea"
"local-artifacts\output\delta_pipeline_2026-06_20260811\audit_test_na_20260811_v2\xml\LRNX_2026-06.xml","6653","0c33f300a652f4de83d095c931eeb8b9c44eead5be07e50c9975241d792dadbb"
"local-artifacts\output\delta_pipeline_2026-06_20260811\audit_test_na_20260811_v2\xml\MAYC_2026-06.manifest.json","1431","135f0647871c8519f62777e278a19fada6ff1f451bf81f25b80c8408cdcd87bb"
"local-artifacts\output\delta_pipeline_2026-06_20260811\audit_test_na_20260811_v2\xml\MAYC_2026-06.xml","13553","e48c3ffd23c085c88a224550a5b609baa41d04b69678f2b85998f5aabba3c62a"
"local-artifacts\output\delta_pipeline_2026-06_20260811\audit_test_na_20260811_v2\xml\MGKX_2026-06.manifest.json","1431","e4544fe6153217b5da02a804152e757301928b04b014d2eb64e3cccf27117fd2"
"local-artifacts\output\delta_pipeline_2026-06_20260811\audit_test_na_20260811_v2\xml\MGKX_2026-06.xml","6776","a213e6a6e0a8fe5bca6f688860917b7340448e4f7389b8d089c8f0aa7ef576e4"
"local-artifacts\output\delta_pipeline_2026-06_20260811\audit_test_na_20260811_v2\xml\MNSX_2026-06.manifest.json","1431","5ac57553ebd97edcec7345b3558e78afc3bdef4980747081fa8864d244b397ee"
"local-artifacts\output\delta_pipeline_2026-06_20260811\audit_test_na_20260811_v2\xml\MNSX_2026-06.xml","6710","7ed0604debc512deacff2c93d494e0575e5dff860fbd503a09cc2197b5ed84b1"
"local-artifacts\output\delta_pipeline_2026-06_20260811\audit_test_na_20260811_v2\xml\MSIX_2026-06.manifest.json","1431","172abb8d585aa1b51f24e7bdf3c695dc1f587469ef07a6d3307b60051a2b0d50"
"local-artifacts\output\delta_pipeline_2026-06_20260811\audit_test_na_20260811_v2\xml\MSIX_2026-06.xml","6701","6ef4de8ab1609fb53d45aae1cfbb17942bccff86a9c7841fa66d61bba219f43b"
"local-artifacts\output\delta_pipeline_2026-06_20260811\audit_test_na_20260811_v2\xml\NYNY_2026-06.manifest.json","1431","e724de211dd601a2ee96397b95e3ac541afbea9e67280a44e42dee64bd387cc0"
"local-artifacts\output\delta_pipeline_2026-06_20260811\audit_test_na_20260811_v2\xml\NYNY_2026-06.xml","54329","87becdf7e816f2ec9fa1c1aa4443e8dfb32fea48e9a59b767c9cb8671c091b97"
"local-artifacts\output\delta_pipeline_2026-06_20260811\audit_test_na_20260811_v2\xml\ODDZ_2026-06.manifest.json","1431","2a23526c0eef78f4e3769647f9a0b4cbfba65dd5d39d10ac1390f560f8d089d1"
"local-artifacts\output\delta_pipeline_2026-06_20260811\audit_test_na_20260811_v2\xml\ODDZ_2026-06.xml","25450","8ef67e5e9aec14125682796b2a29ac5711ed6ccf98e6d46a5463532d405b6a7f"
"local-artifacts\output\delta_pipeline_2026-06_20260811\audit_test_na_20260811_v2\xml\ONTX_2026-06.manifest.json","1431","dfb67e3354dd4b6406c6a49f28618e1ff270ad69162ecbf6ad0e99b08621b511"
"local-artifacts\output\delta_pipeline_2026-06_20260811\audit_test_na_20260811_v2\xml\ONTX_2026-06.xml","6684","0804811f83e9624e00e7568a731fde8d2f195c7fc8678cfcc640448c7d07aebb"
"local-artifacts\output\delta_pipeline_2026-06_20260811\audit_test_na_20260811_v2\xml\OWN_2026-06.manifest.json","1426","0671d152d6b3e3f02c573d64394351e5b96bac2d204e1ecf088a7182cd210268"
"local-artifacts\output\delta_pipeline_2026-06_20260811\audit_test_na_20260811_v2\xml\OWN_2026-06.xml","92004","59bc9f292d8b6b808255d670b126ee5ca8fd2cf19a8877857b7d0ff70ce48218"
"local-artifacts\output\delta_pipeline_2026-06_20260811\audit_test_na_20260811_v2\xml\PTNT_2026-06.manifest.json","1431","de7b73a1b3016561ccb141c4ad8b6a22de14302e105efe4f2c56cd9976c94489"
"local-artifacts\output\delta_pipeline_2026-06_20260811\audit_test_na_20260811_v2\xml\PTNT_2026-06.xml","30570","f802f173654ee6f68e025c020712ae1388738ae3e7bcdd6007c8deb1a9f1887c"
"local-artifacts\output\delta_pipeline_2026-06_20260811\audit_test_na_20260811_v2\xml\QJN_2026-06.manifest.json","1426","2e2b5ecbecc8bef37f40105e2600d5b8e573461225bf277ba2bfe20029223739"
"local-artifacts\output\delta_pipeline_2026-06_20260811\audit_test_na_20260811_v2\xml\QJN_2026-06.xml","13540","f54267488abf9e90780ef80a47e6f9a778a0b21c77f1655a0d2d41c7e5c8cf69"
"local-artifacts\output\delta_pipeline_2026-06_20260811\audit_test_na_20260811_v2\xml\QMY_2026-06.manifest.json","1426","2604dd8e9de577039d9bdbcc5e399322620c154d26fd084159f03625bbe1c465"
"local-artifacts\output\delta_pipeline_2026-06_20260811\audit_test_na_20260811_v2\xml\QMY_2026-06.xml","13558","55f9847d6b3fc60c5d45dda1e954eff2526cbc3d3c37318cbc59a7b604a2e51d"
"local-artifacts\output\delta_pipeline_2026-06_20260811\audit_test_na_20260811_v2\xml\QQJN_2026-06.manifest.json","1431","12fb487a3c727b2d25e47186ed57d1b813dcddde5ee685d4798e0e45f9724634"
"local-artifacts\output\delta_pipeline_2026-06_20260811\audit_test_na_20260811_v2\xml\QQJN_2026-06.xml","13550","7ff9cd0f05ad1823af2145194affb6ccd831440c9cc433f75ed543d1ea5e2f27"
"local-artifacts\output\delta_pipeline_2026-06_20260811\audit_test_na_20260811_v2\xml\QQMY_2026-06.manifest.json","1431","297b8f2db43dc05f490ee2137e00f8ce7f869bfefa0d42ba79e798ac86c9d67b"
"local-artifacts\output\delta_pipeline_2026-06_20260811\audit_test_na_20260811_v2\xml\QQMY_2026-06.xml","13564","0a734d608aae55de02ca4417ccac4c4228f4b07d88265748155e73acce6d23a6"
"local-artifacts\output\delta_pipeline_2026-06_20260811\audit_test_na_20260811_v2\xml\RMBC_2026-06.manifest.json","1431","a2f1fcd79fa1c59529d527e94964ff75f9e491fbafc1509c4810f5045236dbff"
"local-artifacts\output\delta_pipeline_2026-06_20260811\audit_test_na_20260811_v2\xml\RMBC_2026-06.xml","6656","c1ba72533e385dab97f2dcaa81bf7b049cb13f98525a7d50f6ac77f31dad4f90"
"local-artifacts\output\delta_pipeline_2026-06_20260811\audit_test_na_20260811_v2\xml\SCJN_2026-06.manifest.json","1431","3a9ff83962a048cfbdcd70dee4b17d61a28ad9f57e9fe2028bceefe8f9c634ec"
"local-artifacts\output\delta_pipeline_2026-06_20260811\audit_test_na_20260811_v2\xml\SCJN_2026-06.xml","13539","d0e0e80b6e7033e7add5acf65abba03b8df791a2f76ad3fd3f7e7cbd8dd6a811"
"local-artifacts\output\delta_pipeline_2026-06_20260811\audit_test_na_20260811_v2\xml\SCMY_2026-06.manifest.json","1431","5f13eed791936479e1fe686acdfd51a32e18d5f821414e1e5d8185d61dc51af3"
"local-artifacts\output\delta_pipeline_2026-06_20260811\audit_test_na_20260811_v2\xml\SCMY_2026-06.xml","13556","127abd4296cf4c56c1105ff1583bcdd723cac06465633d3b8dc5497bb45d859b"
"local-artifacts\output\delta_pipeline_2026-06_20260811\audit_test_na_20260811_v2\xml\SIMX_2026-06.manifest.json","1431","6ff3ef35a26850ad83f152c1a8ac220104addf5f5883ee4116493de4c35a4d75"
"local-artifacts\output\delta_pipeline_2026-06_20260811\audit_test_na_20260811_v2\xml\SIMX_2026-06.xml","6746","897385f862ba43320d0b1f52fafc3f2c9a4f93fabbcb1b4f0bc61264b21802d8"
"local-artifacts\output\delta_pipeline_2026-06_20260811\audit_test_na_20260811_v2\xml\STYL_2026-06.manifest.json","1431","91955107a3d2234739bf1d4d6a2e885a1c84935c9ba679365e6f8f922f222005"
"local-artifacts\output\delta_pipeline_2026-06_20260811\audit_test_na_20260811_v2\xml\STYL_2026-06.xml","45407","dd348289c25f5144fa3005aa0d978b5d81b2ffad26b8130c11d02b587af1fbe3"
"local-artifacts\output\delta_pipeline_2026-06_20260811\audit_test_na_20260811_v2\xml\TAJX_2026-06.manifest.json","1431","458b341932a0331dea4cfd46cc7874f186120140e1d941806601a19cc94fd121"
"local-artifacts\output\delta_pipeline_2026-06_20260811\audit_test_na_20260811_v2\xml\TAJX_2026-06.xml","6713","309d1b4decbe6ff8903d6d83ccc482bc199cf009f6eb2b7c22baff2304f8f96a"
"local-artifacts\output\delta_pipeline_2026-06_20260811\audit_test_na_20260811_v2\xml\TPLX_2026-06.manifest.json","1431","2ad96a73cdabb33be2e2277a3ffde4f59901bf397534a19c7bf84591e7af29fd"
"local-artifacts\output\delta_pipeline_2026-06_20260811\audit_test_na_20260811_v2\xml\TPLX_2026-06.xml","6720","f00349ef1b03806874bdc3ef3ed28dcb7621a677205511fd0e83d1a98d687d7b"
"local-artifacts\output\delta_pipeline_2026-06_20260811\audit_test_na_20260811_v2\xml\UMCX_2026-06.manifest.json","1431","47b221c164afd301c855312589810fea718343219a0123e9df4476b882b88b91"
"local-artifacts\output\delta_pipeline_2026-06_20260811\audit_test_na_20260811_v2\xml\UMCX_2026-06.xml","6741","bf88acee2e2ed4de8a0c4ef9394be1087a420430af586e6902e5659cc07dc056"
"local-artifacts\output\delta_pipeline_2026-06_20260811\audit_test_na_20260811_v2\xml\USX_2026-06.manifest.json","1426","17163226e714452e1553dca22623d5d7be1b8409732ae9a82e1b4d10721fe307"
"local-artifacts\output\delta_pipeline_2026-06_20260811\audit_test_na_20260811_v2\xml\USX_2026-06.xml","6807","5b9215b41ce7154b813f4bf337d6401a8de978e0ad8c30767e5b0cbccc41016f"
"local-artifacts\output\delta_pipeline_2026-06_20260811\audit_test_na_20260811_v2\xml\VBX_2026-06.manifest.json","1426","bd296166c52ede918dbe2f5afaea857cda24d249ad67d56ca3f6b7993f7a515b"
"local-artifacts\output\delta_pipeline_2026-06_20260811\audit_test_na_20260811_v2\xml\VBX_2026-06.xml","6773","ee486e495e37d959bd0202eb9fa95fb79d43f233300b8903ab0e824149db9a19"
"local-artifacts\output\delta_pipeline_2026-06_20260811\audit_test_na_20260811_v2\xml\VOOX_2026-06.manifest.json","1431","a6987d630dbf4276365fe5f87bef82183d37d5aef50d1d6f533730f98c1035fe"
"local-artifacts\output\delta_pipeline_2026-06_20260811\audit_test_na_20260811_v2\xml\VOOX_2026-06.xml","6725","e2531a534b721392301f67da646452437c41a647a4252bbe6a7ea07433dbb327"
"local-artifacts\output\delta_pipeline_2026-06_20260811\audit_test_na_20260811_v2\xml\WATS_2026-06.manifest.json","1431","c64343fb4508461ae49622c5be9338a8ec04156adfcff359d30ead09e09299f3"
"local-artifacts\output\delta_pipeline_2026-06_20260811\audit_test_na_20260811_v2\xml\WATS_2026-06.xml","24483","60d2e354a956ee81da78528c293f219d6e6d0cc5ef16abc8140203569d881762"
"local-artifacts\output\delta_pipeline_2026-06_20260811\audit_test_na_20260811_v2\xml\WEBX_2026-06.manifest.json","1431","bf5cd6dd15c2a9c8a35c9cf5f251841914ec496d7b5d0eb9079fcf925bab1943"
"local-artifacts\output\delta_pipeline_2026-06_20260811\audit_test_na_20260811_v2\xml\WEBX_2026-06.xml","6774","8ec890855731a9e4ca0e717ee5f84d78df22f0b61c57cf7c3dbfab342515de9f"
"local-artifacts\output\delta_pipeline_2026-06_20260811\audit_test_na_20260811_v2\xml\WNDR_2026-06.manifest.json","1431","5fb6bda10fa92351ad14d5a2ecf6639c873d465cf1f37e29c5f7f3ce4c5cf3e1"
"local-artifacts\output\delta_pipeline_2026-06_20260811\audit_test_na_20260811_v2\xml\WNDR_2026-06.xml","54870","1c8583bfcd0ddaa8be3f249b2b9c66aa870e1f49787f26fba14395222cc38b2c"
"local-artifacts\output\delta_pipeline_2026-06_20260811\audit_test_na_20260811_v2\xml\WR_2026-06.manifest.json","1421","ff5a3c0f84f1d1ebd9983cdd48b81bfc5c94c1d67c4c95f92ff4dbb0f3e96d30"
"local-artifacts\output\delta_pipeline_2026-06_20260811\audit_test_na_20260811_v2\xml\WR_2026-06.xml","53568","b940b535a06fc2806bd9f959e493473cb868892e5c40a233f0c36b5ae8a0bb6b"
"local-artifacts\output\delta_pipeline_2026-06_20260811\audit_test_na_20260811_v2\xml\WX_2026-06.manifest.json","1421","c964ab19d30ccab0535ba0e2174c010fafacf10a9006361f51c0cf0e70ce0844"
"local-artifacts\output\delta_pipeline_2026-06_20260811\audit_test_na_20260811_v2\xml\WX_2026-06.xml","6796","5fa9ad0bae129f2973410a884ed72cfa5808b413fc84e7657244cc128edd0cf5"
"local-artifacts\output\delta_pipeline_2026-06_20260811\audit_test_na_20260811_v2\xml\XA_2026-06.manifest.json","1421","4abd1af47d8a38cf470650fc4dded56afe96ead5df5d58d2b4b026abefcd06e1"
"local-artifacts\output\delta_pipeline_2026-06_20260811\audit_test_na_20260811_v2\xml\XA_2026-06.xml","26058","acee001d0a607f53707602063cd622a81c8f1afdee54ecf20f6dd86cd9f1b1b4"
"local-artifacts\output\delta_pipeline_2026-06_20260811\audit_test_na_20260811_v2\xml\XAGI_2026-06.manifest.json","1431","9dbf72af4d1112dfaa3fe30a11511f3d9eee0bba90d6f325a10226a76d72abd6"
"local-artifacts\output\delta_pipeline_2026-06_20260811\audit_test_na_20260811_v2\xml\XAGI_2026-06.xml","6878","638a22ae605e4d871b76537e2628edee95e376ec20efde514e61f84529194f2e"
"local-artifacts\output\delta_pipeline_2026-06_20260811\audit_test_na_20260811_v2\xml\XBIX_2026-06.manifest.json","1431","1e2fcd9d6aac7b062b15b43354bed10b6693ab05c5773712be0ea39fc16a4e1d"
"local-artifacts\output\delta_pipeline_2026-06_20260811\audit_test_na_20260811_v2\xml\XBIX_2026-06.xml","6779","a31e538241e540d7165aabb7cf4a9b4fb89e33e44f71bbd0138ba2aaf7e72d45"
"local-artifacts\output\delta_pipeline_2026-06_20260811\audit_test_na_20260811_v2\xml\XCOM_2026-06.manifest.json","1431","0e74b1eab44ed9300a55adecdd067da5dc85795f9f53c27776ff8d6b781bda04"
"local-artifacts\output\delta_pipeline_2026-06_20260811\audit_test_na_20260811_v2\xml\XCOM_2026-06.xml","6863","32269a8d25ddfd69b68ee2147841a389f1a863c1f668b968fb4944c7539cfea3"
"local-artifacts\output\delta_pipeline_2026-06_20260811\audit_test_na_20260811_v2\xml\XEUR_2026-06.manifest.json","1431","3e7c7f96e6d487056fb1f0d1cdcc6820f0e8853a9501dc732e078ecfe73f278e"
"local-artifacts\output\delta_pipeline_2026-06_20260811\audit_test_na_20260811_v2\xml\XEUR_2026-06.xml","6733","7af8fd50ea269fed6d2b42c8700d344aeddebb9eb58165ab5a4360602dd6a0f7"
"local-artifacts\output\delta_pipeline_2026-06_20260811\audit_test_na_20260811_v2\xml\XHOA_2026-06.manifest.json","1431","539c15a98d40909ad4cd57e1ca9e84ac5e1356c85f6a8c42f9cd758956bf7de2"
"local-artifacts\output\delta_pipeline_2026-06_20260811\audit_test_na_20260811_v2\xml\XHOA_2026-06.xml","6798","c068c61ddf73962c507b38351dc1b4b53da49b9d2b4abd01f2911df7174b5436"
"local-artifacts\output\delta_pipeline_2026-06_20260811\audit_test_na_20260811_v2\xml\XIWC_2026-06.manifest.json","1431","7f61de77fd016ded5112286527684bc15cc7dc35d948673cf08cc66672f8323e"
"local-artifacts\output\delta_pipeline_2026-06_20260811\audit_test_na_20260811_v2\xml\XIWC_2026-06.xml","6717","4a69927a0509aeadfdda0c0244fbefc3358dd96c081fa5dd5eb4e4db088739bb"
"local-artifacts\output\delta_pipeline_2026-06_20260811\audit_test_na_20260811_v2\xml\XKRE_2026-06.manifest.json","1431","c311b4e6f257ab0bf37e321400fc9acd6deb226a536c862294bb3e0c56bca094"
"local-artifacts\output\delta_pipeline_2026-06_20260811\audit_test_na_20260811_v2\xml\XKRE_2026-06.xml","6808","c51a59c0853b8556cdbc05e2287158e088f2a75a07305425b3e8fefc4c2ed20e"
"local-artifacts\output\delta_pipeline_2026-06_20260811\audit_test_na_20260811_v2\xml\XLBX_2026-06.manifest.json","1431","bb277a74c856cf921aaa8d2ec9b6e1b0e41416796b7e13e2f41cf7db3ad81493"
"local-artifacts\output\delta_pipeline_2026-06_20260811\audit_test_na_20260811_v2\xml\XLBX_2026-06.xml","6794","41fdfdc34921b46fe3c82518dc15a33e9d68c73fb4ec734a7d8d782c9df30bac"
"local-artifacts\output\delta_pipeline_2026-06_20260811\audit_test_na_20260811_v2\xml\XLEX_2026-06.manifest.json","1431","b1b449e99e210ebd33ba9aba125f3b47656a88ba664420d8b7bb5642b63607a5"
"local-artifacts\output\delta_pipeline_2026-06_20260811\audit_test_na_20260811_v2\xml\XLEX_2026-06.xml","6789","374afa884a359d44c78dba1f2fac7fa0d1f8a38074d0c28059d8ec9b6e23dc99"
"local-artifacts\output\delta_pipeline_2026-06_20260811\audit_test_na_20260811_v2\xml\XLFX_2026-06.manifest.json","1431","c01d0e1b2acc1cf7531dde76bfd784cf68b61228f860b13bff83da32a35d8134"
"local-artifacts\output\delta_pipeline_2026-06_20260811\audit_test_na_20260811_v2\xml\XLFX_2026-06.xml","6797","03946093ef241f57ca5aa6fa2402e27212aa8849e685e1c580a93fd67a0dd293"
"local-artifacts\output\delta_pipeline_2026-06_20260811\audit_test_na_20260811_v2\xml\XLIX_2026-06.manifest.json","1431","402a6bfe2540a7938cc9a296f459ce7633293cbccc7db038a5e0c8edfaf6deec"
"local-artifacts\output\delta_pipeline_2026-06_20260811\audit_test_na_20260811_v2\xml\XLIX_2026-06.xml","6800","b28fb986fe579159d81a1e731e7dc7da034acbec82e70538002c2a5e8e9517bc"
"local-artifacts\output\delta_pipeline_2026-06_20260811\audit_test_na_20260811_v2\xml\XLKX_2026-06.manifest.json","1431","c7cf307985083b740ab798ecfb4691651291c7fa25046e623179e44e6ad17c02"
"local-artifacts\output\delta_pipeline_2026-06_20260811\audit_test_na_20260811_v2\xml\XLKX_2026-06.xml","6801","abf2f8d74d524f18a6129153e9ef54fc3179ac08544196ca6cb12e8c3a25f17a"
"local-artifacts\output\delta_pipeline_2026-06_20260811\audit_test_na_20260811_v2\xml\XLPX_2026-06.manifest.json","1431","e0ce6cf9f0641fff03c690454730158fdb5bab7b24cbfa06cdde59a5be3b3ae4"
"local-artifacts\output\delta_pipeline_2026-06_20260811\audit_test_na_20260811_v2\xml\XLPX_2026-06.xml","6815","e4c28aa4f352cb9591ae597ebd06b476e25695e673ac0c2811b328c0d7a6881c"
"local-artifacts\output\delta_pipeline_2026-06_20260811\audit_test_na_20260811_v2\xml\XLUX_2026-06.manifest.json","1431","f1547c6a5539ad60a61d9e7dadf0dba6d44e6469a3323f440d0df93f4696141b"
"local-artifacts\output\delta_pipeline_2026-06_20260811\audit_test_na_20260811_v2\xml\XLUX_2026-06.xml","6788","b3f962f67ffc244eff0c63ed0986e9bdebb4dc7cbd22903a3b64a505e1d9c8db"
"local-artifacts\output\delta_pipeline_2026-06_20260811\audit_test_na_20260811_v2\xml\XLVX_2026-06.manifest.json","1431","f2e6a6c2eb41244fc7eca8df6f949029b60a667a1e8202b347465726a28431db"
"local-artifacts\output\delta_pipeline_2026-06_20260811\audit_test_na_20260811_v2\xml\XLVX_2026-06.xml","6797","ba42f27ebc1c866dad284acdb4bddbc7e0995f922d4090dbf7bd8ee5643a03f1"
"local-artifacts\output\delta_pipeline_2026-06_20260811\audit_test_na_20260811_v2\xml\XLYX_2026-06.manifest.json","1431","cfbc0eb1babafa491eb8d5955faf1210da57103e3dbae00bebd6f24c8d66be5f"
"local-artifacts\output\delta_pipeline_2026-06_20260811\audit_test_na_20260811_v2\xml\XLYX_2026-06.xml","6839","c4cdeee37e99fb66ed4bfe60a556e834d3acf8b203e5e0d1ed3a031c6924abba"
"local-artifacts\output\delta_pipeline_2026-06_20260811\audit_test_na_20260811_v2\xml\XPAV_2026-06.manifest.json","1431","6edb05fb8fd65e48fe8a2a4e7970dc30a4e0c30bf4a5613696deb0e0f1aae513"
"local-artifacts\output\delta_pipeline_2026-06_20260811\audit_test_na_20260811_v2\xml\XPAV_2026-06.xml","6775","e96e1bab879c1d95724486382c44ace18802ebfa300830666724dfb0c09d9bac"
"local-artifacts\output\delta_pipeline_2026-06_20260811\audit_test_na_20260811_v2\xml\XSEM_2026-06.manifest.json","1431","9150ac3313ab57580a44499587cfab50e89594f2ee797e3e00d886f0fa599f41"
"local-artifacts\output\delta_pipeline_2026-06_20260811\audit_test_na_20260811_v2\xml\XSEM_2026-06.xml","6725","9a99a6342c30bdb1db8e5c37bac3671217c46ca4c10abb2fc1b6e55fbe200cf2"
"local-artifacts\output\delta_pipeline_2026-06_20260811\audit_test_na_20260811_v2\xml\XTAI_2026-06.manifest.json","1431","35c62c2f0b88e8944be1cdad77557592f0dfcadc3cade65e649e35129766035c"
"local-artifacts\output\delta_pipeline_2026-06_20260811\audit_test_na_20260811_v2\xml\XTAI_2026-06.xml","6721","863582293d5dd9905aacd3e308bc19282ad929c45240566a2bfece12cd050a91"
"local-artifacts\output\delta_pipeline_2026-06_20260811\audit_test_na_20260811_v2\xml\XVO_2026-06.manifest.json","1426","07df693b1f7d2fbfe1d10e9d1ade3e9fdbb348f01968d84963613dc0cfbdc868"
"local-artifacts\output\delta_pipeline_2026-06_20260811\audit_test_na_20260811_v2\xml\XVO_2026-06.xml","6751","e87f6920f0d49a91dc8fde0d4ce5267abaf40f514f118ecfb97bb9d07d93721b"
"local-artifacts\output\delta_pipeline_2026-06_20260811\audit_test_na_20260811_v2\xml\XVUG_2026-06.manifest.json","1431","e53e5f5292d7a45abd4b316fbdd4bd5af1fdfa300b1ed62ef7fc799a68091ec8"
"local-artifacts\output\delta_pipeline_2026-06_20260811\audit_test_na_20260811_v2\xml\XVUG_2026-06.xml","6754","95bfb4a7c60502f75cc81127fff0e5e645b58e325642c5e2abccccc2ec5ef46d"
"local-artifacts\output\delta_pipeline_2026-06_20260811\audit_test_na_20260811_v2\xml\XW_2026-06.manifest.json","1421","34e6a6308333644990c9ac82e64660f0dd27c485b8a3c5bf49e6e1690ed8a67a"
"local-artifacts\output\delta_pipeline_2026-06_20260811\audit_test_na_20260811_v2\xml\XW_2026-06.xml","6830","6801349c90665b4df6407c96a685907160e1b5e7d1471c0ffa473cb3ca6ce053"
"local-artifacts\output\delta_pipeline_2026-06_20260811\audit_test_na_20260811_v2\xml\YUNG_2026-06.manifest.json","1431","991ce8e20e87178bddbee0a8eccd027bdc16437bae35d7bbb5aead2f54160ac2"
"local-artifacts\output\delta_pipeline_2026-06_20260811\audit_test_na_20260811_v2\xml\YUNG_2026-06.xml","45888","89639fa5e3b6fbb8baacee65602bab4791470f56dd3a882638f71bed859c9197"
"local-artifacts\output\delta_pipeline_2026-06_20260811\audit_test_pipeline_20260811\audit_assumptions.json","1245","4e628e9379b75d440f188c3da7ef8d0891110e25f29f1357577e8dc8dfed77ad"
"local-artifacts\output\delta_pipeline_2026-06_20260811\audit_test_pipeline_20260811\audit_build_results.json","71269","f406c548aa44b0e04ee6087511a8e73e965a9041e152882db187123e23ad8635"
"local-artifacts\output\delta_pipeline_2026-06_20260811\audit_test_pipeline_20260811\audit_funds\aclz\filings\2026-06\filing_data.txt","889","23d8e58feeae59022d287e609ee6b8c73ac87d9d2dfd23eda1c020b6d4b642a9"
"local-artifacts\output\delta_pipeline_2026-06_20260811\audit_test_pipeline_20260811\audit_funds\aclz\filings\2026-06\holdings.csv","1677","08567e775a816cc4897f5ba4ac550a589f53ad58757db73c09d9842ba9b0b0a1"
"local-artifacts\output\delta_pipeline_2026-06_20260811\audit_test_pipeline_20260811\audit_funds\aclz\fund_config.txt","957","abc03009bcd06450da56fec3367d16695002377f6dd2d7c958d767ce38d5e985"
"local-artifacts\output\delta_pipeline_2026-06_20260811\audit_test_pipeline_20260811\audit_funds\acmm\filings\2026-06\filing_data.txt","889","52baf9a66663c7935b4048ccbd37ccb6d11e60f21b38fa682d6bc57a2985bf3a"
"local-artifacts\output\delta_pipeline_2026-06_20260811\audit_test_pipeline_20260811\audit_funds\acmm\filings\2026-06\holdings.csv","1654","c49e5e02550d0dd16c1ac0a6e14753a9077aef579ac81c8236d7c50272bf46c2"
"local-artifacts\output\delta_pipeline_2026-06_20260811\audit_test_pipeline_20260811\audit_funds\acmm\fund_config.txt","957","b84284ed3c06d4dd6042a0d04022a28b6f9580fd29ccadb41d95921688a7b1d7"
"local-artifacts\output\delta_pipeline_2026-06_20260811\audit_test_pipeline_20260811\audit_funds\av\filings\2026-06\filing_data.txt","892","9489674e31e91c55599ae78d0364d5db921fb0f30ad659088aa77ac56c46d1b9"
"local-artifacts\output\delta_pipeline_2026-06_20260811\audit_test_pipeline_20260811\audit_funds\av\filings\2026-06\holdings.csv","8521","f866391822a31cc0d6d43772f1ea782213838c3236d787fd22dc99a4ac8ac68b"
"local-artifacts\output\delta_pipeline_2026-06_20260811\audit_test_pipeline_20260811\audit_funds\av\fund_config.txt","1024","49c52638c6dd21dbe3683382a849b748cf4063d5d1cfdcee472157fe089e2241"
"local-artifacts\output\delta_pipeline_2026-06_20260811\audit_test_pipeline_20260811\audit_funds\bay\filings\2026-06\filing_data.txt","892","1b885ab59a87813203d76531965b3a1ee9b2b89c10cf8f738ed3c61385ad8852"
"local-artifacts\output\delta_pipeline_2026-06_20260811\audit_test_pipeline_20260811\audit_funds\bay\filings\2026-06\holdings.csv","12029","d64271f0efaf58b88b20c56857886864ffab62d65e47590de622d69f4ab273f9"
"local-artifacts\output\delta_pipeline_2026-06_20260811\audit_test_pipeline_20260811\audit_funds\bay\fund_config.txt","1008","bf81aff5d31bdfd49482ee74b3474cd234197c7f6a0d3858ec891bf29009bf9f"
"local-artifacts\output\delta_pipeline_2026-06_20260811\audit_test_pipeline_20260811\audit_funds\blck\filings\2026-06\filing_data.txt","895","e5433d5a48b6b4fa7fb3da2a38d0d90232da0799a8f7ae318893a04f803e9419"
"local-artifacts\output\delta_pipeline_2026-06_20260811\audit_test_pipeline_20260811\audit_funds\blck\filings\2026-06\holdings.csv","7380","da6afd6e663e687a0d8d4653d44eab8cd22706cfee824d421f92e7da446aad9e"
"local-artifacts\output\delta_pipeline_2026-06_20260811\audit_test_pipeline_20260811\audit_funds\blck\fund_config.txt","1016","7700c8f822fd2a43fad9f7cd07d51606fe5e4cc2eb589b0d4b1f2a0c90e25d5f"
"local-artifacts\output\delta_pipeline_2026-06_20260811\audit_test_pipeline_20260811\audit_funds\brew\filings\2026-06\filing_data.txt","892","ebd68ace11c13e88511ff243407ecabf45f9f03d191d3c685e58eb4049d38296"
"local-artifacts\output\delta_pipeline_2026-06_20260811\audit_test_pipeline_20260811\audit_funds\brew\filings\2026-06\holdings.csv","4845","200d55bbfb71814fed93584db8276ef28edb8daa9a5721d3ca2e8a53236a1ba8"
"local-artifacts\output\delta_pipeline_2026-06_20260811\audit_test_pipeline_20260811\audit_funds\brew\fund_config.txt","1017","c75e088a511912f4446877ea24b346a95629c57c5354ed6502199b737959ff64"
"local-artifacts\output\delta_pipeline_2026-06_20260811\audit_test_pipeline_20260811\audit_funds\brzx\filings\2026-06\filing_data.txt","894","d4f44ab174573632c6b6bd98b756c17981644609dad00a2385506cd55d679052"
"local-artifacts\output\delta_pipeline_2026-06_20260811\audit_test_pipeline_20260811\audit_funds\brzx\filings\2026-06\holdings.csv","1662","e5d45b31a1238f44ea5042545b1fea660e486b40d536e26f4b272b26cd21aa8a"
"local-artifacts\output\delta_pipeline_2026-06_20260811\audit_test_pipeline_20260811\audit_funds\brzx\fund_config.txt","1010","11248e90fcb9421b657d5f662129ef54caaa2ecc68a9c3c226a08ba406a45454"
"local-artifacts\output\delta_pipeline_2026-06_20260811\audit_test_pipeline_20260811\audit_funds\bzz\filings\2026-06\filing_data.txt","903","9f8cc2aa3f566a4df6d64abf4e691a5b693d3260ecd2ebc8915d68b01fa9b599"
"local-artifacts\output\delta_pipeline_2026-06_20260811\audit_test_pipeline_20260811\audit_funds\bzz\filings\2026-06\holdings.csv","6169","2f4cc32228dcf198c57620077ecd1c9f7b6bc7f7da778a6c9e9e6480a08b56d9"
"local-artifacts\output\delta_pipeline_2026-06_20260811\audit_test_pipeline_20260811\audit_funds\bzz\fund_config.txt","1021","c7a8285e0dfadb1af86ba18e0c61cb0ca8b2e1e3fc0da8f2722aa6dff55b133b"
"local-artifacts\output\delta_pipeline_2026-06_20260811\audit_test_pipeline_20260811\audit_funds\camc\filings\2026-06\filing_data.txt","889","67594c0c7d6cb71999417df0e380182644020af46dfdb83e0b5586d306404438"
"local-artifacts\output\delta_pipeline_2026-06_20260811\audit_test_pipeline_20260811\audit_funds\camc\filings\2026-06\holdings.csv","1626","72cb86d43e05250649e6fc3b366a6b2812c3d0adf064c43ef4d36cd7aa9a1dd3"
"local-artifacts\output\delta_pipeline_2026-06_20260811\audit_test_pipeline_20260811\audit_funds\camc\fund_config.txt","957","9791e1f6f44f8e7e1a2db9877e8fe45febaaf3f6d9fdb9e9fedf22cc8a831a7b"
"local-artifacts\output\delta_pipeline_2026-06_20260811\audit_test_pipeline_20260811\audit_funds\carx\filings\2026-06\filing_data.txt","889","47d7245026f0247e9963c33c3dc9696a1931edb186db7cc54fe9b5e0f49fdb93"
"local-artifacts\output\delta_pipeline_2026-06_20260811\audit_test_pipeline_20260811\audit_funds\carx\filings\2026-06\holdings.csv","1635","c5d173d6d99dc47cc5f749f4072dee780ed6cb8077111c30e41eef6582f376b1"
"local-artifacts\output\delta_pipeline_2026-06_20260811\audit_test_pipeline_20260811\audit_funds\carx\fund_config.txt","957","14db35756e04ea341ec5a6a11d0ea4c09cfb7e9c0019cc20fba8f692b9409d63"
"local-artifacts\output\delta_pipeline_2026-06_20260811\audit_test_pipeline_20260811\audit_funds\cbil\filings\2026-06\filing_data.txt","895","902a5a0e5cc4a44a7f256218e92e3eb91f1e7d91edbc1a972a12d40dac8c7cb6"
"local-artifacts\output\delta_pipeline_2026-06_20260811\audit_test_pipeline_20260811\audit_funds\cbil\filings\2026-06\holdings.csv","7151","7c7a49eebe609c066a5d501641b5900f395bef1b8b2ea80bc9a3a2c0bb1acfdf"
"local-artifacts\output\delta_pipeline_2026-06_20260811\audit_test_pipeline_20260811\audit_funds\cbil\fund_config.txt","1012","64ca823cb36a7294873e503fe3509379978ce430e4104bd69c7985b3785ae8aa"
"local-artifacts\output\delta_pipeline_2026-06_20260811\audit_test_pipeline_20260811\audit_funds\cbot\filings\2026-06\filing_data.txt","898","3daa3c6ed1a01a16bd5c09ca0c6b6e120665d8c0f46a1ed1e62df41fc07f958a"
"local-artifacts\output\delta_pipeline_2026-06_20260811\audit_test_pipeline_20260811\audit_funds\cbot\filings\2026-06\holdings.csv","5685","c25d7a21996938aa16d9c909f0283f489f39607214c3a8c4993c64996782641a"
"local-artifacts\output\delta_pipeline_2026-06_20260811\audit_test_pipeline_20260811\audit_funds\cbot\fund_config.txt","1013","a947d9e5724b795567ef1571c6e35d03d92752f29170dbc05f2ff88f2f2c4280"
"local-artifacts\output\delta_pipeline_2026-06_20260811\audit_test_pipeline_20260811\audit_funds\ccpx\filings\2026-06\filing_data.txt","897","d5c62b61bb6cdf250b6cf4c5729db8a85f94d89789bddbf0ba959258f47113fb"
"local-artifacts\output\delta_pipeline_2026-06_20260811\audit_test_pipeline_20260811\audit_funds\ccpx\filings\2026-06\holdings.csv","1678","3022f1249eb4c9a04a494d45ea8d285fb2320be1e292cecb7e4f27a333543b35"
"local-artifacts\output\delta_pipeline_2026-06_20260811\audit_test_pipeline_20260811\audit_funds\ccpx\fund_config.txt","1009","377b55caf1ff21fa66ac8f9e09a6840356412d2ce5c50dd379cd3fcbf56af873"
"local-artifacts\output\delta_pipeline_2026-06_20260811\audit_test_pipeline_20260811\audit_funds\cgov\filings\2026-06\filing_data.txt","895","dd0c12a99dca6d55d618959e5901b81a56a3fbccf43eaf1151ede1b3261787e8"
"local-artifacts\output\delta_pipeline_2026-06_20260811\audit_test_pipeline_20260811\audit_funds\cgov\filings\2026-06\holdings.csv","6646","52b5cc321bec74b1fc9f431ae39e45183257bc16e28456a742c2cf4358077412"
"local-artifacts\output\delta_pipeline_2026-06_20260811\audit_test_pipeline_20260811\audit_funds\cgov\fund_config.txt","1011","90e2a85aff04a3be134fb5db143a4dad16906eb9ce5ce7459dabf422e9390fec"
"local-artifacts\output\delta_pipeline_2026-06_20260811\audit_test_pipeline_20260811\audit_funds\chyg\filings\2026-06\filing_data.txt","892","a14502d37588a1c69af3141854ad2767c2407b85f1f2e1f4475c3b901f63ede8"
"local-artifacts\output\delta_pipeline_2026-06_20260811\audit_test_pipeline_20260811\audit_funds\chyg\filings\2026-06\holdings.csv","44608","1aa8cff4a9d52c43756fd31a42e6c04541de3a817e845bb43aba0c5e87869329"
"local-artifacts\output\delta_pipeline_2026-06_20260811\audit_test_pipeline_20260811\audit_funds\chyg\fund_config.txt","1029","5d12c30703252f6a1f79ff68ec9e8ec0a473610ced7f41e6c128276cc3ea6f04"
"local-artifacts\output\delta_pipeline_2026-06_20260811\audit_test_pipeline_20260811\audit_funds\ciei\filings\2026-06\filing_data.txt","898","6c0bd87f37110f5a892a3f528d06d0af2c4228fdaa39b32f81f6d89b17e756ce"
"local-artifacts\output\delta_pipeline_2026-06_20260811\audit_test_pipeline_20260811\audit_funds\ciei\filings\2026-06\holdings.csv","25960","6bcd919f50f045e3446af3ab8c4cda71c4111016095bf1eebf73f8245056b313"
"local-artifacts\output\delta_pipeline_2026-06_20260811\audit_test_pipeline_20260811\audit_funds\ciei\fund_config.txt","1017","65949b917cbe1d01faab7f7770c78f6cd7778801a20f9daa5eea92866abd13f7"
"local-artifacts\output\delta_pipeline_2026-06_20260811\audit_test_pipeline_20260811\audit_funds\civg\filings\2026-06\filing_data.txt","892","c466bb6464207aa105972e02b1ba9410332daaf7fdced7daa748167c7fddfd51"
"local-artifacts\output\delta_pipeline_2026-06_20260811\audit_test_pipeline_20260811\audit_funds\civg\filings\2026-06\holdings.csv","45506","a983e54a09ba7c05d9397b7b826b1b27652e26faf26db2699c633c93cf5b3869"
"local-artifacts\output\delta_pipeline_2026-06_20260811\audit_test_pipeline_20260811\audit_funds\civg\fund_config.txt","1035","dcf10b9c0ba8a387c4c7e00a223864cb22dfa87c6251debe2f8b998d4415be84"
"local-artifacts\output\delta_pipeline_2026-06_20260811\audit_test_pipeline_20260811\audit_funds\cjun\filings\2026-06\filing_data.txt","892","56e51467ebbe72b218d80a14239a0cb22d28f697a226bb045ea63c8b78cf8910"
"local-artifacts\output\delta_pipeline_2026-06_20260811\audit_test_pipeline_20260811\audit_funds\cjun\filings\2026-06\holdings.csv","2737","563e030257fdf029b58509a5c5ef39a01ff7580f184a890266c17e15e1f8bbe3"
"local-artifacts\output\delta_pipeline_2026-06_20260811\audit_test_pipeline_20260811\audit_funds\cjun\fund_config.txt","1044","be858e4f00ba8cabf96a8990afdd20ec60adb0a32d72b792a0251fd9f68a19bb"
"local-artifacts\output\delta_pipeline_2026-06_20260811\audit_test_pipeline_20260811\audit_funds\cmag\filings\2026-06\filing_data.txt","898","01367ee8ccb7fdaef760500caef7e1c2aebfe4c6e97864759d456323a5402dd2"
"local-artifacts\output\delta_pipeline_2026-06_20260811\audit_test_pipeline_20260811\audit_funds\cmag\filings\2026-06\holdings.csv","5061","2041176e8e5fba2727fe5c718e543ae47260c5964bb7009860b80c0a1525fe32"
"local-artifacts\output\delta_pipeline_2026-06_20260811\audit_test_pipeline_20260811\audit_funds\cmag\fund_config.txt","1000","0202e07223149794fd42513c66475ec3370038b6b34e2d27316fc52a9706adaa"
"local-artifacts\output\delta_pipeline_2026-06_20260811\audit_test_pipeline_20260811\audit_funds\cmay\filings\2026-06\filing_data.txt","908","dc8f731374c897a010eab15f2fbc21773cda48e30ca83a2655886a189d260a1a"
"local-artifacts\output\delta_pipeline_2026-06_20260811\audit_test_pipeline_20260811\audit_funds\cmay\filings\2026-06\holdings.csv","2746","bc75611b7ed8335d88354338cf5a98f9fa55e2042829d12ec1446d98e8ac4f68"
"local-artifacts\output\delta_pipeline_2026-06_20260811\audit_test_pipeline_20260811\audit_funds\cmay\fund_config.txt","1043","46d93d0e2cf009d0f56aca7144cef0f8708b1d3f4fac2b079bbf7faf211eaaea"
"local-artifacts\output\delta_pipeline_2026-06_20260811\audit_test_pipeline_20260811\audit_funds\cqtm\filings\2026-06\filing_data.txt","900","d84af67b3d6c11292790abb0db3523937597bf558f0fe22d8d16c2c25103d8a3"
"local-artifacts\output\delta_pipeline_2026-06_20260811\audit_test_pipeline_20260811\audit_funds\cqtm\filings\2026-06\holdings.csv","4763","92512a74e08a7384ad092a10fa5713c5a8cbc88fe72568636ff8dcf3f563742a"
"local-artifacts\output\delta_pipeline_2026-06_20260811\audit_test_pipeline_20260811\audit_funds\cqtm\fund_config.txt","1012","2d80946f920f7edf4d9354da09254d79f9241ff3e650a53c226454811a39f146"
"local-artifacts\output\delta_pipeline_2026-06_20260811\audit_test_pipeline_20260811\audit_funds\cruc\filings\2026-06\filing_data.txt","889","eaa92a08945a855bda21dbfe782e46de7d25b2956949040fa3b543da60e319b9"
"local-artifacts\output\delta_pipeline_2026-06_20260811\audit_test_pipeline_20260811\audit_funds\cruc\filings\2026-06\holdings.csv","1654","bcbab73ee53393e8eaaf4feb7ec9da0f45332f0773d687436431ed83671bc3d8"
"local-artifacts\output\delta_pipeline_2026-06_20260811\audit_test_pipeline_20260811\audit_funds\cruc\fund_config.txt","957","3472d2f4c64a0c4371f607bf35d9b835588067b001b8da0612d06587ccd7e46c"
"local-artifacts\output\delta_pipeline_2026-06_20260811\audit_test_pipeline_20260811\audit_funds\ctjn\filings\2026-06\filing_data.txt","890","db64f4a8826fd62c17bac133fcc997f19f3c63e681666307b2edb8c1b72edf3b"
"local-artifacts\output\delta_pipeline_2026-06_20260811\audit_test_pipeline_20260811\audit_funds\ctjn\filings\2026-06\holdings.csv","2740","7dd34c2856cedf8dcc0db5c675421dea853bd900ffa44c2d78e89cb38d332a37"
"local-artifacts\output\delta_pipeline_2026-06_20260811\audit_test_pipeline_20260811\audit_funds\ctjn\fund_config.txt","1044","2fa56c4ed3f6032ebfe100fb400d4d4ef78207792b007223a930a3edb83ccec6"
"local-artifacts\output\delta_pipeline_2026-06_20260811\audit_test_pipeline_20260811\audit_funds\ctma\filings\2026-06\filing_data.txt","902","1438602f782f7858214c999bf1e449461a4b6150926bb3b7bcf3e5bd323162a3"
"local-artifacts\output\delta_pipeline_2026-06_20260811\audit_test_pipeline_20260811\audit_funds\ctma\filings\2026-06\holdings.csv","2746","103324ee6e894ffb0799c347ee05ac51e28bd1744a21c12ea7dc8339d671b136"
"local-artifacts\output\delta_pipeline_2026-06_20260811\audit_test_pipeline_20260811\audit_funds\ctma\fund_config.txt","1043","b8e8a75211c7c18e34261acecd9d3f91419537e7009270dd677dc012b17f896d"
"local-artifacts\output\delta_pipeline_2026-06_20260811\audit_test_pipeline_20260811\audit_funds\cust\filings\2026-06\filing_data.txt","892","6ed2950d30c423418791d13a77b9ee33edea644ad456f907cb7751f47610c90d"
"local-artifacts\output\delta_pipeline_2026-06_20260811\audit_test_pipeline_20260811\audit_funds\cust\filings\2026-06\holdings.csv","26263","b54cc12417de164271f171237c80354f1a7f713f4a65a28051e33c04f29058ad"
"local-artifacts\output\delta_pipeline_2026-06_20260811\audit_test_pipeline_20260811\audit_funds\cust\fund_config.txt","1017","09a6f201fc4085f49b925166336465b4309cbb3dde8e0047d05c021d3fd0e1be"
"local-artifacts\output\delta_pipeline_2026-06_20260811\audit_test_pipeline_20260811\audit_funds\dipr\filings\2026-06\filing_data.txt","892","123e9620d55eca8098c07335f48384581df2f340ceb7efe39d4e1dbc7bad0428"
"local-artifacts\output\delta_pipeline_2026-06_20260811\audit_test_pipeline_20260811\audit_funds\dipr\filings\2026-06\holdings.csv","6777","e0c9b6375f48b92ffbb82e5c2a3c14945db4482ca99fb726a3f988cac068d7c5"
"local-artifacts\output\delta_pipeline_2026-06_20260811\audit_test_pipeline_20260811\audit_funds\dipr\fund_config.txt","1027","2bb33067f3f932e1b5f50e91617a1d76f66b4377b9aa544fef4d36abe938d8c8"
"local-artifacts\output\delta_pipeline_2026-06_20260811\audit_test_pipeline_20260811\audit_funds\dock\filings\2026-06\filing_data.txt","892","1987744a25551643541a7c2265a67ac86d2a80790ce2a4d3f06f030a4c9527ae"
"local-artifacts\output\delta_pipeline_2026-06_20260811\audit_test_pipeline_20260811\audit_funds\dock\filings\2026-06\holdings.csv","9831","2dc1f1387b657d0de83c45a0708e717a7cd8c3773719fa9930f3f930e900a054"
"local-artifacts\output\delta_pipeline_2026-06_20260811\audit_test_pipeline_20260811\audit_funds\dock\fund_config.txt","1016","481210047fa6d7f4e4424dd2681287f8278dac264facd7dd36266fd5f66bdd67"
"local-artifacts\output\delta_pipeline_2026-06_20260811\audit_test_pipeline_20260811\audit_funds\emjn\filings\2026-06\filing_data.txt","898","a028f2ee45cdbbb77cc0ac2834427c4a510064394c016360285435a90ba26c9b"
"local-artifacts\output\delta_pipeline_2026-06_20260811\audit_test_pipeline_20260811\audit_funds\emjn\filings\2026-06\holdings.csv","2728","0d388ee838ebf3ab9eef361b622223fbba38a1ed1c653869ddd7a0d843440c6c"
"local-artifacts\output\delta_pipeline_2026-06_20260811\audit_test_pipeline_20260811\audit_funds\emjn\fund_config.txt","1056","05014c3a8e04e3eb9738c7beddb307ce47e88bbd07f1da718515b03c768da755"
"local-artifacts\output\delta_pipeline_2026-06_20260811\audit_test_pipeline_20260811\audit_funds\emmy\filings\2026-06\filing_data.txt","910","abfe95f1aab17f49498ee67f59df3fe3155899a6d6d4ac40fba36bb570410ca2"
"local-artifacts\output\delta_pipeline_2026-06_20260811\audit_test_pipeline_20260811\audit_funds\emmy\filings\2026-06\holdings.csv","2723","48b19a3fe454759ca9eff3b95fea1afdca66581d119bd268e4134f03163696ce"
"local-artifacts\output\delta_pipeline_2026-06_20260811\audit_test_pipeline_20260811\audit_funds\emmy\fund_config.txt","1055","58eb408cb3f1b4d736842eba9a07758283e37f63ee14f165106a7baed8a0b0e7"
"local-artifacts\output\delta_pipeline_2026-06_20260811\audit_test_pipeline_20260811\audit_funds\emxx\filings\2026-06\filing_data.txt","889","4b0678836db4afbba24f67f407523dd44c74f862c8343c149a52b679cd145f10"
"local-artifacts\output\delta_pipeline_2026-06_20260811\audit_test_pipeline_20260811\audit_funds\emxx\filings\2026-06\holdings.csv","1722","f04e909429edd267a58c540c51932fce212501cb56f53b0e1335d422d27b4e1e"
"local-artifacts\output\delta_pipeline_2026-06_20260811\audit_test_pipeline_20260811\audit_funds\emxx\fund_config.txt","1020","d88ebcbd1e1d6f95f3d083f714698b6f93bea7edbbb9938cae4e575516734214"
"local-artifacts\output\delta_pipeline_2026-06_20260811\audit_test_pipeline_20260811\audit_funds\euv\filings\2026-06\filing_data.txt","920","fb34b2262643ec3089ffb645fa0c3bb82cd0b0c30670843d0b339c462f46ab7e"
"local-artifacts\output\delta_pipeline_2026-06_20260811\audit_test_pipeline_20260811\audit_funds\euv\filings\2026-06\holdings.csv","8707","2a4e40ab5cfc52f2a63c4bc14968e19bb44d440df25fe34d61d944c362b0515a"
"local-artifacts\output\delta_pipeline_2026-06_20260811\audit_test_pipeline_20260811\audit_funds\euv\fund_config.txt","1031","6ad0b68221b32b40da13c8cfbf8d024428a02ffd60e41f1e09f7064bb171ec6c"
"local-artifacts\output\delta_pipeline_2026-06_20260811\audit_test_pipeline_20260811\audit_funds\euvx\filings\2026-06\filing_data.txt","892","77fb729f122ec3778923426e1570ed41eaa92fa4355be338b709b8f3ac511d16"
"local-artifacts\output\delta_pipeline_2026-06_20260811\audit_test_pipeline_20260811\audit_funds\euvx\filings\2026-06\holdings.csv","1693","e5b3ac8a61893e31136b2e1df99be42735ca50f9e73492ac1a944fac6ed131ce"
"local-artifacts\output\delta_pipeline_2026-06_20260811\audit_test_pipeline_20260811\audit_funds\euvx\fund_config.txt","1041","08115e77289b2fb977f84316ccbbb95a2a5aac6d20810fb8383d62f67457106c"
"local-artifacts\output\delta_pipeline_2026-06_20260811\audit_test_pipeline_20260811\audit_funds\eyes\filings\2026-06\filing_data.txt","892","97c4dcd616264429b008eb9bcba11061680e45eadaf2efa68d78a1e9b4eda6a3"
"local-artifacts\output\delta_pipeline_2026-06_20260811\audit_test_pipeline_20260811\audit_funds\eyes\filings\2026-06\holdings.csv","7647","3ad6133719289e9abfd7c70ce37e6f2fb5e8ba71cdc58e0d687ecb8d38246b54"
"local-artifacts\output\delta_pipeline_2026-06_20260811\audit_test_pipeline_20260811\audit_funds\eyes\fund_config.txt","1014","48d0e33f93ffc5e6356f4a5f373ed79a32f2aae3959cf0cd093141e4a9dc170e"
"local-artifacts\output\delta_pipeline_2026-06_20260811\audit_test_pipeline_20260811\audit_funds\fdrs\filings\2026-06\filing_data.txt","921","5dd249fc3f2fe53ca9be9c3dbfa280d60bc4dce3403837436ba4a0ff76934b46"
"local-artifacts\output\delta_pipeline_2026-06_20260811\audit_test_pipeline_20260811\audit_funds\fdrs\filings\2026-06\holdings.csv","10733","71fbe58bdae378bc4bc71d85e7bd4d99e6a49b31f7b3c744600ab2239f379596"
"local-artifacts\output\delta_pipeline_2026-06_20260811\audit_test_pipeline_20260811\audit_funds\fdrs\fund_config.txt","912","0179c0821d9d49e3c76aab9d1bbe87305a14832164856d4b9359ee5b2534ccb8"
"local-artifacts\output\delta_pipeline_2026-06_20260811\audit_test_pipeline_20260811\audit_funds\fdrx\filings\2026-06\filing_data.txt","906","ab18231d48d8abf40d16836455bf84bfb9588d96b33f77547f69857126596fb2"
"local-artifacts\output\delta_pipeline_2026-06_20260811\audit_test_pipeline_20260811\audit_funds\fdrx\filings\2026-06\holdings.csv","1623","564f6837ae0193a5ba6be619a690782ae562842d7b1286e2fcfa8a3cde7e4c9c"
"local-artifacts\output\delta_pipeline_2026-06_20260811\audit_test_pipeline_20260811\audit_funds\fdrx\fund_config.txt","1009","0a78240944ac7d745b78d48a9245b531c3992d0b840a34a71a7edc4b6a193481"
"local-artifacts\output\delta_pipeline_2026-06_20260811\audit_test_pipeline_20260811\audit_funds\gasz\filings\2026-06\filing_data.txt","900","330426b07963b567f62329b73f170ecffd822ee0dbc52158d1cfb192806b1540"
"local-artifacts\output\delta_pipeline_2026-06_20260811\audit_test_pipeline_20260811\audit_funds\gasz\filings\2026-06\holdings.csv","5366","7ea8395bab1d0ada3bb7bfb3f4d02a791d283f77520af4aded4f86789d1e4065"
"local-artifacts\output\delta_pipeline_2026-06_20260811\audit_test_pipeline_20260811\audit_funds\gasz\fund_config.txt","1023","ce39c785e13d521b06730b67818cbbd108db851323420bbcf0df67b7d915c990"
"local-artifacts\output\delta_pipeline_2026-06_20260811\audit_test_pipeline_20260811\audit_funds\glam\filings\2026-06\filing_data.txt","892","ed02f7889a0d90f19b6cb81703f889da4a63f71f148aa1d906cceb2b5dc261fa"
"local-artifacts\output\delta_pipeline_2026-06_20260811\audit_test_pipeline_20260811\audit_funds\glam\filings\2026-06\holdings.csv","6012","65c8dd336741f0f5f7291c0bfc6325a73374682af72b0ecad082641485c32ed3"
"local-artifacts\output\delta_pipeline_2026-06_20260811\audit_test_pipeline_20260811\audit_funds\glam\fund_config.txt","1024","795bafc714ba7820436200f411348c55de51aea0c7af95811ca9ff327b0ac705"
"local-artifacts\output\delta_pipeline_2026-06_20260811\audit_test_pipeline_20260811\audit_funds\gnmx\filings\2026-06\filing_data.txt","892","0098611e0f6e819f21bff3f2c5de7bfd833d6b1a6aa2d680cd45d40b744a4017"
"local-artifacts\output\delta_pipeline_2026-06_20260811\audit_test_pipeline_20260811\audit_funds\gnmx\filings\2026-06\holdings.csv","12405","389cc9a73c2fa79ce9f0880f7835906c8c3280de591b591967c4631ecb72cc21"
"local-artifacts\output\delta_pipeline_2026-06_20260811\audit_test_pipeline_20260811\audit_funds\gnmx\fund_config.txt","1024","3f946f3e5cb8b6915cf1ea084212d2d8f006c67479ae92573feb6e586246e909"
"local-artifacts\output\delta_pipeline_2026-06_20260811\audit_test_pipeline_20260811\audit_funds\hjun\filings\2026-06\filing_data.txt","892","f8b758252c4507e80bb1a42de632a729c903f49f77929af6ec8cffe7a460900a"
"local-artifacts\output\delta_pipeline_2026-06_20260811\audit_test_pipeline_20260811\audit_funds\hjun\filings\2026-06\holdings.csv","2445","d663e6f04e34c55c020a8bada63471d6f8111801d6bd5e55ed3933df821f5ce5"
"local-artifacts\output\delta_pipeline_2026-06_20260811\audit_test_pipeline_20260811\audit_funds\hjun\fund_config.txt","1045","54e8f61a69bb3be172007936e2a9e2ef4cac86286c7018fb6aec7f83d388baf6"
"local-artifacts\output\delta_pipeline_2026-06_20260811\audit_test_pipeline_20260811\audit_funds\hmay\filings\2026-06\filing_data.txt","897","67b7f79eda6d4a762156a09dcb31a940fb5800f1075ff6de4d0f1a50eed6334f"
"local-artifacts\output\delta_pipeline_2026-06_20260811\audit_test_pipeline_20260811\audit_funds\hmay\filings\2026-06\holdings.csv","2451","a209ed5b648e6cbdb796217a7bf492a805d7b81652da9e820762e86199191a63"
"local-artifacts\output\delta_pipeline_2026-06_20260811\audit_test_pipeline_20260811\audit_funds\hmay\fund_config.txt","1044","4da0c4894de7ae2942de85ef62b4434865e8d27bdb6100f37966adeca48b1f3c"
"local-artifacts\output\delta_pipeline_2026-06_20260811\audit_test_pipeline_20260811\audit_funds\hull\filings\2026-06\filing_data.txt","897","cbaa681cb02bee6ddb60d766adb31aeb934cf6225301d07df1d68946f8317231"
"local-artifacts\output\delta_pipeline_2026-06_20260811\audit_test_pipeline_20260811\audit_funds\hull\filings\2026-06\holdings.csv","9165","e934b615bd4815115ba2f4667f7565e80e2e7bc7457076444f3d4ecfb4dc3afe"
"local-artifacts\output\delta_pipeline_2026-06_20260811\audit_test_pipeline_20260811\audit_funds\hull\fund_config.txt","1022","5b8856c95ae8d5c7ad9de38752e6c52175eadedd9f107da0f50c9895ddfa6d04"
"local-artifacts\output\delta_pipeline_2026-06_20260811\audit_test_pipeline_20260811\audit_funds\idjn\filings\2026-06\filing_data.txt","895","db8f5e5976d3d4913ee467d80234a2ab472280d6330477b7e8e32e5b687500dc"
"local-artifacts\output\delta_pipeline_2026-06_20260811\audit_test_pipeline_20260811\audit_funds\idjn\filings\2026-06\holdings.csv","2729","b0b9ccca9fb027ffad3fe3c900f651b6f59c93fd9d4e9528e709edae9c6bcf7e"
"local-artifacts\output\delta_pipeline_2026-06_20260811\audit_test_pipeline_20260811\audit_funds\idjn\fund_config.txt","1063","30834e7a01f24a4b9ecef157cca373af0c491c407acf974fa1ff37dfcd603fcb"
"local-artifacts\output\delta_pipeline_2026-06_20260811\audit_test_pipeline_20260811\audit_funds\idmy\filings\2026-06\filing_data.txt","897","6c33b35dfde0a33f3e307876fe37d38e4d5f53055e99db63cf660a9e6eb4bd02"
"local-artifacts\output\delta_pipeline_2026-06_20260811\audit_test_pipeline_20260811\audit_funds\idmy\filings\2026-06\holdings.csv","2742","36dec71398ffca93c4e4e99d43ecf168f8912c3eb6913469efb6a25c367c007c"
"local-artifacts\output\delta_pipeline_2026-06_20260811\audit_test_pipeline_20260811\audit_funds\idmy\fund_config.txt","1062","a2b78cc647e6f5d7a01a4feea3a17e09560f40aa6927a81cf7c3d4211a4c3c45"
"local-artifacts\output\delta_pipeline_2026-06_20260811\audit_test_pipeline_20260811\audit_funds\joul\filings\2026-06\filing_data.txt","900","03127fca790b6442ee6f1498f2737256476aa1f57980101e152c5ce6974380bb"
"local-artifacts\output\delta_pipeline_2026-06_20260811\audit_test_pipeline_20260811\audit_funds\joul\filings\2026-06\holdings.csv","4879","82769707dc6d87a231cfd6f6654ca2b3a18898d797ce87d9ecfbb46cdb00a026"
"local-artifacts\output\delta_pipeline_2026-06_20260811\audit_test_pipeline_20260811\audit_funds\joul\fund_config.txt","1022","b0fe22d247347048d0fa632200641d9873668b2aad83576aac8258fea3da672b"
"local-artifacts\output\delta_pipeline_2026-06_20260811\audit_test_pipeline_20260811\audit_funds\junc\filings\2026-06\filing_data.txt","892","9d68933efb38a47a099cf5780d007a1c5e7a3e869f4ed2748bcf8bedf01397a4"
"local-artifacts\output\delta_pipeline_2026-06_20260811\audit_test_pipeline_20260811\audit_funds\junc\filings\2026-06\holdings.csv","2740","271d4c9fcbc373d545aa9705f9c8086cdbcafc4a26dab711474210a2486519ca"
"local-artifacts\output\delta_pipeline_2026-06_20260811\audit_test_pipeline_20260811\audit_funds\junc\fund_config.txt","1044","05bc5093f754e742e977344e9491ac6ddda664c7535f76972c7dadc29d871332"
"local-artifacts\output\delta_pipeline_2026-06_20260811\audit_test_pipeline_20260811\audit_funds\keyx\filings\2026-06\filing_data.txt","889","37abf7b32ab2795b6cfdf27b79cdb424fc54f24225a5dcbdc354c856f99f0a2d"
"local-artifacts\output\delta_pipeline_2026-06_20260811\audit_test_pipeline_20260811\audit_funds\keyx\filings\2026-06\holdings.csv","1680","c1d3d8a90286e79f5d3c76c19b1257aafa1c8e8cd880d84a9a09511fcaff1feb"
"local-artifacts\output\delta_pipeline_2026-06_20260811\audit_test_pipeline_20260811\audit_funds\keyx\fund_config.txt","957","fa2a2c8188df4751947fc959a934cd312a31d9c7a2ea2ada466e43f8675d20d5"
"local-artifacts\output\delta_pipeline_2026-06_20260811\audit_test_pipeline_20260811\audit_funds\krwx\filings\2026-06\filing_data.txt","896","831a2b8990318facdbc8d0823235e02b87d1621b06450e8fff6c542adac4bd1a"
"local-artifacts\output\delta_pipeline_2026-06_20260811\audit_test_pipeline_20260811\audit_funds\krwx\filings\2026-06\holdings.csv","2075","dde543f94805a0b14b2d9a86fbb455341d6ce82d6ed56d138216ee74248ebbb5"
"local-artifacts\output\delta_pipeline_2026-06_20260811\audit_test_pipeline_20260811\audit_funds\krwx\fund_config.txt","1015","be54198c2823e4c886ebd714a49598939d4b86707fe45dd53cad09c9e5c169a4"
"local-artifacts\output\delta_pipeline_2026-06_20260811\audit_test_pipeline_20260811\audit_funds\kyc\filings\2026-06\filing_data.txt","892","7ef740c7eb4c0e98d70a8f0c91e9b7c8dbc20984978b300ee81b9c4c9356d856"
"local-artifacts\output\delta_pipeline_2026-06_20260811\audit_test_pipeline_20260811\audit_funds\kyc\filings\2026-06\holdings.csv","11566","6db87cd2a91a4b27c7818b42e166d69ff4e746301b851d27150ccf114a12dfb3"
"local-artifacts\output\delta_pipeline_2026-06_20260811\audit_test_pipeline_20260811\audit_funds\kyc\fund_config.txt","1034","5d1d6877acff42be59847fa5a8c498ab0dee5b5b87bd8ef510a711cf50491b5e"
"local-artifacts\output\delta_pipeline_2026-06_20260811\audit_test_pipeline_20260811\audit_funds\lasc\filings\2026-06\filing_data.txt","889","2d105841d8305d7ddf7c49dc4f7188a6840e66487d7afb52b2f7530502cb90df"
"local-artifacts\output\delta_pipeline_2026-06_20260811\audit_test_pipeline_20260811\audit_funds\lasc\filings\2026-06\holdings.csv","1635","9455e74ca26a74cabf00a70f195e9ae8fc0541649c6604e4ef478ccc409f17f7"
"local-artifacts\output\delta_pipeline_2026-06_20260811\audit_test_pipeline_20260811\audit_funds\lasc\fund_config.txt","957","a55055296b0c2f434f81ecfc712fd372f86881421767d0afe3a4446b7a462e5e"
"local-artifacts\output\delta_pipeline_2026-06_20260811\audit_test_pipeline_20260811\audit_funds\latr\filings\2026-06\filing_data.txt","897","288a9f1adbba9815718bfb0c13adaaa488408175ba634376fb3f7bd4461bb8a1"
"local-artifacts\output\delta_pipeline_2026-06_20260811\audit_test_pipeline_20260811\audit_funds\latr\filings\2026-06\holdings.csv","5127","0f59fbfe97a025a4a18a95a1b00f6920475a8314afe724f0130345475b13c6cf"
"local-artifacts\output\delta_pipeline_2026-06_20260811\audit_test_pipeline_20260811\audit_funds\latr\fund_config.txt","1012","4a15ba92fc9beff04dceed3072b584508e07dee49bf59573000ca75d2caf9d60"
"local-artifacts\output\delta_pipeline_2026-06_20260811\audit_test_pipeline_20260811\audit_funds\lrnx\filings\2026-06\filing_data.txt","889","4d0dcf919a25b54e40298ee090092a70727c895220abacfd409c3f5eb1e62640"
"local-artifacts\output\delta_pipeline_2026-06_20260811\audit_test_pipeline_20260811\audit_funds\lrnx\filings\2026-06\holdings.csv","1635","7f87ab7df6f9b902bd513258e326192cd6ced24e508dbfb099069676b5752e0a"
"local-artifacts\output\delta_pipeline_2026-06_20260811\audit_test_pipeline_20260811\audit_funds\lrnx\fund_config.txt","955","e9a2a45907e4c8edacdca214757dba90f9005a906525ccfdccb5cd37acb29014"
"local-artifacts\output\delta_pipeline_2026-06_20260811\audit_test_pipeline_20260811\audit_funds\mayc\filings\2026-06\filing_data.txt","903","7e9c89b05147c97b0ceed9442f547e7c11c33d47c10f40de8601fd4d5a794248"
"local-artifacts\output\delta_pipeline_2026-06_20260811\audit_test_pipeline_20260811\audit_funds\mayc\filings\2026-06\holdings.csv","2745","488460ca47dd22f2db807357021a50520386027a512df659366934e34bd4defa"
"local-artifacts\output\delta_pipeline_2026-06_20260811\audit_test_pipeline_20260811\audit_funds\mayc\fund_config.txt","1043","336052eeab6b7e0a2e2318fbd9d38ba94def95b1fd4fee5a1ef02100dfae87d6"
"local-artifacts\output\delta_pipeline_2026-06_20260811\audit_test_pipeline_20260811\audit_funds\mgkx\filings\2026-06\filing_data.txt","894","92e3f3eec08370f07bb8f1106c786455d6d808da597985b8c46a81c187aa3468"
"local-artifacts\output\delta_pipeline_2026-06_20260811\audit_test_pipeline_20260811\audit_funds\mgkx\filings\2026-06\holdings.csv","1701","e2f03fe1d395443d45bd165696729165a0c71021d7841b33a02e57264f82d14c"
"local-artifacts\output\delta_pipeline_2026-06_20260811\audit_test_pipeline_20260811\audit_funds\mgkx\fund_config.txt","1024","8a6dcc8fd1f53af9da644e03b6999c8d4db84ee6e713ac630fa658ccafc08d04"
"local-artifacts\output\delta_pipeline_2026-06_20260811\audit_test_pipeline_20260811\audit_funds\mnsx\filings\2026-06\filing_data.txt","889","a445f62a8f02d14eaafea92427054e88ba2112c1614e80f459287794be231d5e"
"local-artifacts\output\delta_pipeline_2026-06_20260811\audit_test_pipeline_20260811\audit_funds\mnsx\filings\2026-06\holdings.csv","1677","cd640be07282d3391b1de49f26123b2e30f7988dee02480a79cad6857aa38c5b"
"local-artifacts\output\delta_pipeline_2026-06_20260811\audit_test_pipeline_20260811\audit_funds\mnsx\fund_config.txt","957","8684a0f158ac7110f6fef3b4b40b8110553612bad41dc6e2771ab7607a81c704"
"local-artifacts\output\delta_pipeline_2026-06_20260811\audit_test_pipeline_20260811\audit_funds\msix\filings\2026-06\filing_data.txt","889","77528122a67a0c318b84d15b82a8f1a284c645dc53a32c09ba211827f1f77c68"
"local-artifacts\output\delta_pipeline_2026-06_20260811\audit_test_pipeline_20260811\audit_funds\msix\filings\2026-06\holdings.csv","1671","dcd8103ad46d39e86049c59ed017bd8a96f77e4d700bab8cce2f18ecd033df70"
"local-artifacts\output\delta_pipeline_2026-06_20260811\audit_test_pipeline_20260811\audit_funds\msix\fund_config.txt","955","0f9ec1ae48f9490ff0929ccb8651040f1e9511909207daed2e8b92f1bdbf0005"
"local-artifacts\output\delta_pipeline_2026-06_20260811\audit_test_pipeline_20260811\audit_funds\nyny\filings\2026-06\filing_data.txt","897","90c0046afe280d8977f9504c9699ac0388b30c8abf91a1b41e24be64b2060807"
"local-artifacts\output\delta_pipeline_2026-06_20260811\audit_test_pipeline_20260811\audit_funds\nyny\filings\2026-06\holdings.csv","11887","d3d13854b95aabbbdf9d220b2644c47374e7eadf4002bbadffdc2ba3009a56e2"
"local-artifacts\output\delta_pipeline_2026-06_20260811\audit_test_pipeline_20260811\audit_funds\nyny\fund_config.txt","1004","28247a366a460a4a9258a3281eac229b9981d66c2345e0367930693a06ad997e"
"local-artifacts\output\delta_pipeline_2026-06_20260811\audit_test_pipeline_20260811\audit_funds\oddz\filings\2026-06\filing_data.txt","897","c848849330ebf29f6de6dad44324c1b5001111138223f91555a864e8c4b9c6e7"
"local-artifacts\output\delta_pipeline_2026-06_20260811\audit_test_pipeline_20260811\audit_funds\oddz\filings\2026-06\holdings.csv","5913","bf7e9c5c17d8741a6945b879605622980e9b47a3e9fc5f27290588c12c13e625"
"local-artifacts\output\delta_pipeline_2026-06_20260811\audit_test_pipeline_20260811\audit_funds\oddz\fund_config.txt","1020","416d6323ab5cff563bba5c411583fbf7c7cb4480adcc41a260dd2c4ad20ea826"
"local-artifacts\output\delta_pipeline_2026-06_20260811\audit_test_pipeline_20260811\audit_funds\ontx\filings\2026-06\filing_data.txt","890","375028135b8352943439496ce7387adc593d8f96e54e71a49032ebda03112869"
"local-artifacts\output\delta_pipeline_2026-06_20260811\audit_test_pipeline_20260811\audit_funds\ontx\filings\2026-06\holdings.csv","1653","3c59433fd88895843f1d5e10d03397425e919a61961efaebe8982d5485909b41"
"local-artifacts\output\delta_pipeline_2026-06_20260811\audit_test_pipeline_20260811\audit_funds\ontx\fund_config.txt","957","ff276ae683bcfd68c60c9675f0c8d1344bb66cf6692f61489612cbd1eab254fb"
"local-artifacts\output\delta_pipeline_2026-06_20260811\audit_test_pipeline_20260811\audit_funds\own\filings\2026-06\filing_data.txt","897","a0c60c4e153956b46ecb4bbec91b399bf4526ffb4fb2040ae723aa9d240ac5b3"
"local-artifacts\output\delta_pipeline_2026-06_20260811\audit_test_pipeline_20260811\audit_funds\own\filings\2026-06\holdings.csv","19769","5e1d3f5bcf6b99f8d1fd70b857fc012ac1ffe3f8e28aac08784f95bd419dcf96"
"local-artifacts\output\delta_pipeline_2026-06_20260811\audit_test_pipeline_20260811\audit_funds\own\fund_config.txt","1008","4ff36ba65022b74f182860717153115f7eba54f3217568298b1ab542092e047f"
"local-artifacts\output\delta_pipeline_2026-06_20260811\audit_test_pipeline_20260811\audit_funds\ptnt\filings\2026-06\filing_data.txt","897","06321311a05bee3e1a18eefe3b28c4626b80f4ea56589fe4635cba610a5fa6c3"
"local-artifacts\output\delta_pipeline_2026-06_20260811\audit_test_pipeline_20260811\audit_funds\ptnt\filings\2026-06\holdings.csv","6855","6ee1f5818f5fa25ffffea814069c837899d57f245b8b3146c6c7f11a81baa9bc"
"local-artifacts\output\delta_pipeline_2026-06_20260811\audit_test_pipeline_20260811\audit_funds\ptnt\fund_config.txt","1019","5a898b3477babc7eb04ea35533f6ecc3dd4490070a7f17fac5c9692b6365bc49"
"local-artifacts\output\delta_pipeline_2026-06_20260811\audit_test_pipeline_20260811\audit_funds\qjn\filings\2026-06\filing_data.txt","890","b9411ba0a915dd3afe25f8089f68916e5fb4e94fb734567550c00a24e1607220"
"local-artifacts\output\delta_pipeline_2026-06_20260811\audit_test_pipeline_20260811\audit_funds\qjn\filings\2026-06\holdings.csv","2736","761f83a79762f4d2b1d3d2bb952987ad389f544fd322b57d42878ac6e624d7c9"
"local-artifacts\output\delta_pipeline_2026-06_20260811\audit_test_pipeline_20260811\audit_funds\qjn\fund_config.txt","1049","a17745209509265218b995283c3280a70275058971fffcc7e72ec1cabbf2e7f2"
"local-artifacts\output\delta_pipeline_2026-06_20260811\audit_test_pipeline_20260811\audit_funds\qmy\filings\2026-06\filing_data.txt","902","8012297a4de3ab2cf942d16d32a53d7ff263982261c1aeb93686e4b18ab80e1e"
"local-artifacts\output\delta_pipeline_2026-06_20260811\audit_test_pipeline_20260811\audit_funds\qmy\filings\2026-06\holdings.csv","2737","046feacb9e9252e4ac600a5dde23883224c20a1e32ce0e91a1ec9a274ab6ca8a"
"local-artifacts\output\delta_pipeline_2026-06_20260811\audit_test_pipeline_20260811\audit_funds\qmy\fund_config.txt","1048","0d399dbefb6f1dd78a5804e1d40de172fbb2bc9d30be5653e7cc10ba7bcd38d5"
"local-artifacts\output\delta_pipeline_2026-06_20260811\audit_test_pipeline_20260811\audit_funds\qqjn\filings\2026-06\filing_data.txt","892","ed4455622d102b3f00bdddce90e8f1ec2cc0a7041c5fd07157f8a4b0eb5ca2ec"
"local-artifacts\output\delta_pipeline_2026-06_20260811\audit_test_pipeline_20260811\audit_funds\qqjn\filings\2026-06\holdings.csv","2744","64c8bb3ac48491dd1dc67250bc3b2a1ccab7bba1221661dd0f4f7188e0adce17"
"local-artifacts\output\delta_pipeline_2026-06_20260811\audit_test_pipeline_20260811\audit_funds\qqjn\fund_config.txt","1050","a07ba8449584d02f7ccbbd948f870cdf9d5911796ae3b6372a71cfa1cbefb817"
"local-artifacts\output\delta_pipeline_2026-06_20260811\audit_test_pipeline_20260811\audit_funds\qqmy\filings\2026-06\filing_data.txt","908","9c7b4de41340244df814f406578690ea1532c8704c2f3604f9a7571397d40987"
"local-artifacts\output\delta_pipeline_2026-06_20260811\audit_test_pipeline_20260811\audit_funds\qqmy\filings\2026-06\holdings.csv","2742","ac7b56b031d5e81cb7cc834d2f42177f8edc62ef72c129676f999f4520b2728f"
"local-artifacts\output\delta_pipeline_2026-06_20260811\audit_test_pipeline_20260811\audit_funds\qqmy\fund_config.txt","1049","ea801a1809603aea3529b05987aa9559650b0a739c35332050a4b7815328ffb1"
"local-artifacts\output\delta_pipeline_2026-06_20260811\audit_test_pipeline_20260811\audit_funds\rmbc\filings\2026-06\filing_data.txt","889","8b2c37b4c5ebc4e90cf92a873b62096f140c4f853260e367122b62dad107024f"
"local-artifacts\output\delta_pipeline_2026-06_20260811\audit_test_pipeline_20260811\audit_funds\rmbc\filings\2026-06\holdings.csv","1626","b49738f8d4d38f1ca675f52ad523cb17656e1bc7900c1f81cfacd3b3b39be6fa"
"local-artifacts\output\delta_pipeline_2026-06_20260811\audit_test_pipeline_20260811\audit_funds\rmbc\fund_config.txt","957","e57c5b455eabbfc1cae4a06f7012b82c6e9ad550cb07a4fac11f89379b0e545a"
"local-artifacts\output\delta_pipeline_2026-06_20260811\audit_test_pipeline_20260811\audit_funds\scjn\filings\2026-06\filing_data.txt","892","61a4640ec8009b29ff4acc18474c949f8d982cda2a01dd69a5774fd53e9ead01"
"local-artifacts\output\delta_pipeline_2026-06_20260811\audit_test_pipeline_20260811\audit_funds\scjn\filings\2026-06\holdings.csv","2736","a64dd5235b878db8496408cbeac464a57a30c87de9adc4d2c44583dc5d4386fb"
"local-artifacts\output\delta_pipeline_2026-06_20260811\audit_test_pipeline_20260811\audit_funds\scjn\fund_config.txt","1045","d5faba0c1ce84b8ad7b3f15a2cf027b392ff104c9582bbe4d28caf4ae1102974"
"local-artifacts\output\delta_pipeline_2026-06_20260811\audit_test_pipeline_20260811\audit_funds\scmy\filings\2026-06\filing_data.txt","897","2349c19179c8545d09658af5ecf31972064de3aaafcac581862dbf313e313884"
"local-artifacts\output\delta_pipeline_2026-06_20260811\audit_test_pipeline_20260811\audit_funds\scmy\filings\2026-06\holdings.csv","2740","45f295d9b47843255d34ef4b806ad0f315d5efc18f5049fd0306a734ddd7df6f"
"local-artifacts\output\delta_pipeline_2026-06_20260811\audit_test_pipeline_20260811\audit_funds\scmy\fund_config.txt","1044","d150050a024a6a3f33b2c93ec9402b23464925fbe942898714e4092d6eced49f"
"local-artifacts\output\delta_pipeline_2026-06_20260811\audit_test_pipeline_20260811\audit_funds\simx\filings\2026-06\filing_data.txt","889","3a6489f0f03b270e523a7fb29a4363eaf8bda8132a7ee069569b9dad4371d480"
"local-artifacts\output\delta_pipeline_2026-06_20260811\audit_test_pipeline_20260811\audit_funds\simx\filings\2026-06\holdings.csv","1704","c42c1584bbc18a68e475e799db724c21057d577daa65a34c0085bbc236a52d7a"
"local-artifacts\output\delta_pipeline_2026-06_20260811\audit_test_pipeline_20260811\audit_funds\simx\fund_config.txt","957","ae74d67fb3ece1336a0e81b75ec9882867d3b22a960da8aa9c06018675ff176c"
"local-artifacts\output\delta_pipeline_2026-06_20260811\audit_test_pipeline_20260811\audit_funds\styl\filings\2026-06\filing_data.txt","897","7a9cffa08b80a2d19d439085fbcb4f1b0450d44b35eac25b4af31d10bc321099"
"local-artifacts\output\delta_pipeline_2026-06_20260811\audit_test_pipeline_20260811\audit_funds\styl\filings\2026-06\holdings.csv","9900","7ff089ba37231fedd297c8e64f28deafa449f44d25ff806f824ff4494854de4f"
"local-artifacts\output\delta_pipeline_2026-06_20260811\audit_test_pipeline_20260811\audit_funds\styl\fund_config.txt","1011","45ad1247530f25291ea4452f2f733b80a9b138694b47b2199a1b69677ee4d503"
"local-artifacts\output\delta_pipeline_2026-06_20260811\audit_test_pipeline_20260811\audit_funds\tajx\filings\2026-06\filing_data.txt","894","6532ac5c2fab8e969b434536bc0f3e679a24e2b5be0a87483b0ad4227a043bea"
"local-artifacts\output\delta_pipeline_2026-06_20260811\audit_test_pipeline_20260811\audit_funds\tajx\filings\2026-06\holdings.csv","1660","75a178437e0094dd11b68cc286db45fab8b50f6342d7a39e82853c42b7900e15"
"local-artifacts\output\delta_pipeline_2026-06_20260811\audit_test_pipeline_20260811\audit_funds\tajx\fund_config.txt","1009","24f83a59ab94c2e36612befdaa07d07430ebc1cc64b72d3456f3eb93d73d685d"
"local-artifacts\output\delta_pipeline_2026-06_20260811\audit_test_pipeline_20260811\audit_funds\tplx\filings\2026-06\filing_data.txt","889","dfe49d235b236f11baa1f9b1d2749c392ddb74cd5ac8ef8ab95c6038ece04ab9"
"local-artifacts\output\delta_pipeline_2026-06_20260811\audit_test_pipeline_20260811\audit_funds\tplx\filings\2026-06\holdings.csv","1683","a68a3cc2a5741305055e67088bed3f3761de87e40280e802a26e141e831306af"
"local-artifacts\output\delta_pipeline_2026-06_20260811\audit_test_pipeline_20260811\audit_funds\tplx\fund_config.txt","955","be15a46bf8bf49d324a916f70a6f70ce03364ec91c439b7051d3fbae327ac3b0"
"local-artifacts\output\delta_pipeline_2026-06_20260811\audit_test_pipeline_20260811\audit_funds\umcx\filings\2026-06\filing_data.txt","889","bdc4eb5210eede244e873126d27d31cc8d13f0aa2b483e85874d2bf7a915da0c"
"local-artifacts\output\delta_pipeline_2026-06_20260811\audit_test_pipeline_20260811\audit_funds\umcx\filings\2026-06\holdings.csv","1699","34a3126988efc6ec28cb0c3e566f6d18c6a4e3f832b4cf9fc4a51a29c6c6a05f"
"local-artifacts\output\delta_pipeline_2026-06_20260811\audit_test_pipeline_20260811\audit_funds\umcx\fund_config.txt","955","571361c353d95fcf166bedcfc343dc360bf0a00246f466b5a076ac32c5746540"
"local-artifacts\output\delta_pipeline_2026-06_20260811\audit_test_pipeline_20260811\audit_funds\usx\filings\2026-06\filing_data.txt","889","1009299d07751c1f7723b18a6029561181848762b1d7dfe6b352cb8705820d24"
"local-artifacts\output\delta_pipeline_2026-06_20260811\audit_test_pipeline_20260811\audit_funds\usx\filings\2026-06\holdings.csv","1743","f9893ee6a2718e50ca66d011b9446982974f2bf7b0b8d6447eeacd586c5a9ffc"
"local-artifacts\output\delta_pipeline_2026-06_20260811\audit_test_pipeline_20260811\audit_funds\usx\fund_config.txt","1020","c3a65b5fe47dd67d13c51842725d058650f5c7d3c7789178077f93f332e72fee"
"local-artifacts\output\delta_pipeline_2026-06_20260811\audit_test_pipeline_20260811\audit_funds\vbx\filings\2026-06\filing_data.txt","894","2d7ea13cd074e5a92432c64ca1439eaab7932ba5620c662d09e64279214e0b80"
"local-artifacts\output\delta_pipeline_2026-06_20260811\audit_test_pipeline_20260811\audit_funds\vbx\filings\2026-06\holdings.csv","1718","ac5d54cf10903b021ed03daf22c7b1c296ec9727c43cee12eece01822b67e942"
"local-artifacts\output\delta_pipeline_2026-06_20260811\audit_test_pipeline_20260811\audit_funds\vbx\fund_config.txt","1017","91c600a1006f112382004e6da27ee811f067a8629738c0e41908240e001732e8"
"local-artifacts\output\delta_pipeline_2026-06_20260811\audit_test_pipeline_20260811\audit_funds\voox\filings\2026-06\filing_data.txt","889","fa3d859fb63db2ca9da1a2beb2ca1bebca9da982f26d42c043bbd34807f453fb"
"local-artifacts\output\delta_pipeline_2026-06_20260811\audit_test_pipeline_20260811\audit_funds\voox\filings\2026-06\holdings.csv","1658","a4e32b9693a7b914e1eedc2d6611fec28dec5054d8cfbe0bf3d30b6b44ea173b"
"local-artifacts\output\delta_pipeline_2026-06_20260811\audit_test_pipeline_20260811\audit_funds\voox\fund_config.txt","1018","006d41dd106c673532dfcfd271d5122f375d64297a866edea0c9622dc4ece5da"
"local-artifacts\output\delta_pipeline_2026-06_20260811\audit_test_pipeline_20260811\audit_funds\wats\filings\2026-06\filing_data.txt","897","559445e49c17bbc705415fa372160021366238873ab5bb2c02a18b95e5b49750"
"local-artifacts\output\delta_pipeline_2026-06_20260811\audit_test_pipeline_20260811\audit_funds\wats\filings\2026-06\holdings.csv","5612","0d0c308f5c8641e5ea4c5d84fbdcf33384336959fb0a945d8c8c0b0d2639c3af"
"local-artifacts\output\delta_pipeline_2026-06_20260811\audit_test_pipeline_20260811\audit_funds\wats\fund_config.txt","1025","78b2a5a17b7c67d8d6be70cf44d4978a5a6284125fd9ca4a48df5fabfe02eb75"
"local-artifacts\output\delta_pipeline_2026-06_20260811\audit_test_pipeline_20260811\audit_funds\webx\filings\2026-06\filing_data.txt","889","99d67ac5522bc0ed12a3b3075ebd01f5efa138416d16a75d2159c62fbb3bd804"
"local-artifacts\output\delta_pipeline_2026-06_20260811\audit_test_pipeline_20260811\audit_funds\webx\filings\2026-06\holdings.csv","1695","a104568c7175d7881a4332569c81b033092fdb78ef828d27dfdb20226face5cd"
"local-artifacts\output\delta_pipeline_2026-06_20260811\audit_test_pipeline_20260811\audit_funds\webx\fund_config.txt","1020","b45a4b3d8d91339c3e56b79d4f912bf71af27336251ee6d6f41760e9fe147381"
"local-artifacts\output\delta_pipeline_2026-06_20260811\audit_test_pipeline_20260811\audit_funds\wndr\filings\2026-06\filing_data.txt","892","c402348d8ff70a2db2d0d435a8457210ce716e8f0e785bb7f23a95ecdfd8cfad"
"local-artifacts\output\delta_pipeline_2026-06_20260811\audit_test_pipeline_20260811\audit_funds\wndr\filings\2026-06\holdings.csv","12424","a97e3b88543251dfd2dde57754833bf15601b24332aa6a5c5c2ba22e4480011e"
"local-artifacts\output\delta_pipeline_2026-06_20260811\audit_test_pipeline_20260811\audit_funds\wndr\fund_config.txt","1011","1812b2427c58efa679852c37609d7843dc87e7d203eec3f9ffb5ae89cb0734d3"
"local-artifacts\output\delta_pipeline_2026-06_20260811\audit_test_pipeline_20260811\audit_funds\wr\filings\2026-06\filing_data.txt","892","ed5187ff1daf70402f6edd6c1eacb6b14cdd88ccc95d8d953889005781c04572"
"local-artifacts\output\delta_pipeline_2026-06_20260811\audit_test_pipeline_20260811\audit_funds\wr\filings\2026-06\holdings.csv","11826","bb7375113b8f1eaf72824715bfc1c34a473d47e646a9d6df1e91cf4631623e23"
"local-artifacts\output\delta_pipeline_2026-06_20260811\audit_test_pipeline_20260811\audit_funds\wr\fund_config.txt","1009","464c3f86edaeb3dbb88ea85910128f1353d1318f406c606975e72fa63bb8224b"
"local-artifacts\output\delta_pipeline_2026-06_20260811\audit_test_pipeline_20260811\audit_funds\wx\filings\2026-06\filing_data.txt","894","cfac5979cb7ecd0c0245959d1212a606678db70035b3ff967484f0aaf41a9c99"
"local-artifacts\output\delta_pipeline_2026-06_20260811\audit_test_pipeline_20260811\audit_funds\wx\filings\2026-06\holdings.csv","1740","140b6d100b4b1c9883c7c1bdc65af21c251a28435da8ae665414319ee2cd0e74"
"local-artifacts\output\delta_pipeline_2026-06_20260811\audit_test_pipeline_20260811\audit_funds\wx\fund_config.txt","1011","a1ad9d449128d5bd1766436788c581fae3963705c7c61d322af5eb23e91afd35"
"local-artifacts\output\delta_pipeline_2026-06_20260811\audit_test_pipeline_20260811\audit_funds\xa\filings\2026-06\filing_data.txt","892","1564b7093269726e915e3ece9adad33b1c2c0379c182e0fd144ac8bf0913464c"
"local-artifacts\output\delta_pipeline_2026-06_20260811\audit_test_pipeline_20260811\audit_funds\xa\filings\2026-06\holdings.csv","5822","417aa6de3feee1ddfc6b5f6e4d51eeb67330c134de7a2195e710c63e3c14c41e"
"local-artifacts\output\delta_pipeline_2026-06_20260811\audit_test_pipeline_20260811\audit_funds\xa\fund_config.txt","1009","5100d69ac3ddb6d7e61722d87b049d29cc6444f724a6af5a464a218bc2d0eb5d"
"local-artifacts\output\delta_pipeline_2026-06_20260811\audit_test_pipeline_20260811\audit_funds\xagi\filings\2026-06\filing_data.txt","894","5693aeb612a27e8ae7f51a71ed69c20042a0665c1a7e772241f0992d4d9c3066"
"local-artifacts\output\delta_pipeline_2026-06_20260811\audit_test_pipeline_20260811\audit_funds\xagi\filings\2026-06\holdings.csv","1813","880a373f77d8a8aa79ccba0ea6d1ce96f6e0ace0d4f0b10e34dc7afb3fb17eb5"
"local-artifacts\output\delta_pipeline_2026-06_20260811\audit_test_pipeline_20260811\audit_funds\xagi\fund_config.txt","1008","7553e012b23d570680e180f048077ae55be69fcf6f247b25783a6291afeab9b6"
"local-artifacts\output\delta_pipeline_2026-06_20260811\audit_test_pipeline_20260811\audit_funds\xbix\filings\2026-06\filing_data.txt","898","d7a19e9afe0f8a6f9bd32f1b110171b8f0cdfbd65deeb352b5f89ecd5239cc99"
"local-artifacts\output\delta_pipeline_2026-06_20260811\audit_test_pipeline_20260811\audit_funds\xbix\filings\2026-06\holdings.csv","1694","fbba459c35385e768775dbc9f31bf7ec4322d63b9d32f447db9f275c7bd53670"
"local-artifacts\output\delta_pipeline_2026-06_20260811\audit_test_pipeline_20260811\audit_funds\xbix\fund_config.txt","1016","584a166442f728df08505130ab74e149e017d3e08761e0966409fb0aaaa7c7bc"
"local-artifacts\output\delta_pipeline_2026-06_20260811\audit_test_pipeline_20260811\audit_funds\xcom\filings\2026-06\filing_data.txt","894","5252092abdf8a685160d96e864fdfee053e0c53938918a5b6a291009af7408de"
"local-artifacts\output\delta_pipeline_2026-06_20260811\audit_test_pipeline_20260811\audit_funds\xcom\filings\2026-06\holdings.csv","1783","39ff23a25861b9ebf8d6ddff7f0f1012117fb35fe51f6b62cd15cbb4ae50e138"
"local-artifacts\output\delta_pipeline_2026-06_20260811\audit_test_pipeline_20260811\audit_funds\xcom\fund_config.txt","1019","d50e406792cc4192eced344955083620c9afa549f92bdb64cf38dfeb0334e2a5"
"local-artifacts\output\delta_pipeline_2026-06_20260811\audit_test_pipeline_20260811\audit_funds\xeur\filings\2026-06\filing_data.txt","889","ef0cd6b70c376f4088c088d19f8269ff8b3892f075ad1480b0fe048dc8ffd3b2"
"local-artifacts\output\delta_pipeline_2026-06_20260811\audit_test_pipeline_20260811\audit_funds\xeur\filings\2026-06\holdings.csv","1668","7f38871f5386d92098696145e7f22faf39e85d9d274725fbcebacbd0bf73f481"
"local-artifacts\output\delta_pipeline_2026-06_20260811\audit_test_pipeline_20260811\audit_funds\xeur\fund_config.txt","1019","dfd366c3511c325f972cf0bae9deb0d5a1ed96efa171d95af5932a3a275e7b0e"
"local-artifacts\output\delta_pipeline_2026-06_20260811\audit_test_pipeline_20260811\audit_funds\xhoa\filings\2026-06\filing_data.txt","889","0c516703bbbc25b90616ed8b7840a11067e45522eeeaca1afb432633bcdece47"
"local-artifacts\output\delta_pipeline_2026-06_20260811\audit_test_pipeline_20260811\audit_funds\xhoa\filings\2026-06\holdings.csv","1735","bc679aec96103946951b220a85bddc6681b88df4c96a7bfb0a3ae729ce38b246"
"local-artifacts\output\delta_pipeline_2026-06_20260811\audit_test_pipeline_20260811\audit_funds\xhoa\fund_config.txt","1020","092358df852afecb9beebc7849b1775d4caa310a2ddc2717860b5d86bb671ada"
"local-artifacts\output\delta_pipeline_2026-06_20260811\audit_test_pipeline_20260811\audit_funds\xiwc\filings\2026-06\filing_data.txt","894","2c9bbbd36c642c659a65414053c3194b5026d140c9db6449c338e76b9efeb876"
"local-artifacts\output\delta_pipeline_2026-06_20260811\audit_test_pipeline_20260811\audit_funds\xiwc\filings\2026-06\holdings.csv","1657","20ffee3662d679ff77b63669bd19eee5128dbc77aaf8b4e2b5b29df83bd54214"
"local-artifacts\output\delta_pipeline_2026-06_20260811\audit_test_pipeline_20260811\audit_funds\xiwc\fund_config.txt","1018","e3cfb8654d97cdd8c89496862d8029df3d654599d492565a942faf248a013556"
"local-artifacts\output\delta_pipeline_2026-06_20260811\audit_test_pipeline_20260811\audit_funds\xkre\filings\2026-06\filing_data.txt","894","48b4b21cab343b6fb6fc5424837768d17512602ab578ab406573aef572cd5662"
"local-artifacts\output\delta_pipeline_2026-06_20260811\audit_test_pipeline_20260811\audit_funds\xkre\filings\2026-06\holdings.csv","1719","8669c9d2558736b90241490472da2554d2574436056c110028c0021389e7ad1f"
"local-artifacts\output\delta_pipeline_2026-06_20260811\audit_test_pipeline_20260811\audit_funds\xkre\fund_config.txt","1023","107925fcf9954c24994e1d1debae1dc8fd7ddcb454d182b399ee18a68f0b7d1e"
"local-artifacts\output\delta_pipeline_2026-06_20260811\audit_test_pipeline_20260811\audit_funds\xlbx\filings\2026-06\filing_data.txt","889","8a38c8597588582a8478e282f7687e700a4d42cd3e92b0da481c56f5ba3b685a"
"local-artifacts\output\delta_pipeline_2026-06_20260811\audit_test_pipeline_20260811\audit_funds\xlbx\filings\2026-06\holdings.csv","1730","7f8e0ae6eab3ae8242a5618fbe2720a3b7530f1edda4361269f8ec0bc06055fb"
"local-artifacts\output\delta_pipeline_2026-06_20260811\audit_test_pipeline_20260811\audit_funds\xlbx\fund_config.txt","1018","21afa90d4ac5063d0a309bfb39279e961a4eebcf022dc1a82053ff725d25ef29"
"local-artifacts\output\delta_pipeline_2026-06_20260811\audit_test_pipeline_20260811\audit_funds\xlex\filings\2026-06\filing_data.txt","894","79ebbaed666c4063d0c8fe27121cc1dd47d469c3bb9d0d38ab6eb2f862284f49"
"local-artifacts\output\delta_pipeline_2026-06_20260811\audit_test_pipeline_20260811\audit_funds\xlex\filings\2026-06\holdings.csv","1719","0588ac326be91e2b5fadc4aeff3bd0216418280c563ad7b63460bee6418848a3"
"local-artifacts\output\delta_pipeline_2026-06_20260811\audit_test_pipeline_20260811\audit_funds\xlex\fund_config.txt","1015","f3ff0fbf2a4585ab2c2f54db29f9bfd83d526794c2ba56be77d49daa170b7f35"
"local-artifacts\output\delta_pipeline_2026-06_20260811\audit_test_pipeline_20260811\audit_funds\xlfx\filings\2026-06\filing_data.txt","889","4367adb26740ae23e819cb303b84c4dbed5bfcaee314c56c9817ea77d0b0b3dd"
"local-artifacts\output\delta_pipeline_2026-06_20260811\audit_test_pipeline_20260811\audit_funds\xlfx\filings\2026-06\holdings.csv","1730","f3a2522f3ff9d501668abdabc7f4e67f1b1c45a2519823eb53c141f2d2a3461c"
"local-artifacts\output\delta_pipeline_2026-06_20260811\audit_test_pipeline_20260811\audit_funds\xlfx\fund_config.txt","1019","852a7bc5e3d241feebbc768ba46be58a033862fa24517fd118d61d7ef9572a11"
"local-artifacts\output\delta_pipeline_2026-06_20260811\audit_test_pipeline_20260811\audit_funds\xlix\filings\2026-06\filing_data.txt","894","356eb06cf8af7a26ac691fe9b599cee0922a697080aca97c13b53525e949fb9e"
"local-artifacts\output\delta_pipeline_2026-06_20260811\audit_test_pipeline_20260811\audit_funds\xlix\filings\2026-06\holdings.csv","1733","1e3125f18bff2ad57199291b5ada6fd3277e29166dfa5e615a05058d3e2920d8"
"local-artifacts\output\delta_pipeline_2026-06_20260811\audit_test_pipeline_20260811\audit_funds\xlix\fund_config.txt","1020","3c937f2819ab4941706642d79e7e5450e108bbce1a6cc37b55be5862e69800a3"
"local-artifacts\output\delta_pipeline_2026-06_20260811\audit_test_pipeline_20260811\audit_funds\xlkx\filings\2026-06\filing_data.txt","894","09db0fb8ab40a225b01b7b51db1373622e6518d0c333aa0551368fcdc6812c47"
"local-artifacts\output\delta_pipeline_2026-06_20260811\audit_test_pipeline_20260811\audit_funds\xlkx\filings\2026-06\holdings.csv","1732","51a1783d7be7851cbf0cc1541d587da93ae1c50c35dec516aeb9cc4b4dec38f7"
"local-artifacts\output\delta_pipeline_2026-06_20260811\audit_test_pipeline_20260811\audit_funds\xlkx\fund_config.txt","1019","ea4ae1aac28a896b89f236719c297b0796ea1ee079cbd04f4ea727a9bef0e722"
"local-artifacts\output\delta_pipeline_2026-06_20260811\audit_test_pipeline_20260811\audit_funds\xlpx\filings\2026-06\filing_data.txt","894","53ca2d226b2fc271896a613ba4afbb059259900ce5c72ad976fad25b00a281a0"
"local-artifacts\output\delta_pipeline_2026-06_20260811\audit_test_pipeline_20260811\audit_funds\xlpx\filings\2026-06\holdings.csv","1752","ef244187be20f45b6939d207f430e17f1e7231c6528eeaca24c00b3f6bcd4eeb"
"local-artifacts\output\delta_pipeline_2026-06_20260811\audit_test_pipeline_20260811\audit_funds\xlpx\fund_config.txt","1025","6432ac7ea1ec97ad89f9b6c2783bb52c8bd8f1f218ace1e5bdbb4d25f84e5d67"
"local-artifacts\output\delta_pipeline_2026-06_20260811\audit_test_pipeline_20260811\audit_funds\xlux\filings\2026-06\filing_data.txt","889","ce47b6003e9224b110843c87d2dd1bac88c6599bb968976138c27d64aa5be10e"
"local-artifacts\output\delta_pipeline_2026-06_20260811\audit_test_pipeline_20260811\audit_funds\xlux\filings\2026-06\holdings.csv","1733","662c81e95d516e663f8d6c09783dd293c0555e9bbb36d21b19ffacdbd0a25b67"
"local-artifacts\output\delta_pipeline_2026-06_20260811\audit_test_pipeline_20260811\audit_funds\xlux\fund_config.txt","1018","4bb4dcc658dfad4985dc718a14c636ce0432c90d41cf19f3296abede8baa50fa"
"local-artifacts\output\delta_pipeline_2026-06_20260811\audit_test_pipeline_20260811\audit_funds\xlvx\filings\2026-06\filing_data.txt","894","f4ebca91643bc797955b95487d9d0d837e5f3a2b217ea6beae3d0daa63749089"
"local-artifacts\output\delta_pipeline_2026-06_20260811\audit_test_pipeline_20260811\audit_funds\xlvx\filings\2026-06\holdings.csv","1739","8a28ce94675a765603cbf244bbeaba18e7e678622b850b6d48215b8695942a7d"
"local-artifacts\output\delta_pipeline_2026-06_20260811\audit_test_pipeline_20260811\audit_funds\xlvx\fund_config.txt","1019","d1f5734fd8fe0343e657cdedb85826bad11f2e94860835347614b27ee336b85f"
"local-artifacts\output\delta_pipeline_2026-06_20260811\audit_test_pipeline_20260811\audit_funds\xlyx\filings\2026-06\filing_data.txt","889","797cc2090ce98fa6a33f976021a1d681be14859fa7689bae1fcd01e35029d6cd"
"local-artifacts\output\delta_pipeline_2026-06_20260811\audit_test_pipeline_20260811\audit_funds\xlyx\filings\2026-06\holdings.csv","1770","b71bce795e5ef554fdea1f6c9cf3887271af6cdc9cda902ff2e87a64a4eb58da"
"local-artifacts\output\delta_pipeline_2026-06_20260811\audit_test_pipeline_20260811\audit_funds\xlyx\fund_config.txt","1031","b939f28b551e6488595fe4a998432f6e42092aa98533471219429214e7563b6c"
"local-artifacts\output\delta_pipeline_2026-06_20260811\audit_test_pipeline_20260811\audit_funds\xpav\filings\2026-06\filing_data.txt","889","5fe69c274ea9a4224fdf10903ee820ea211a1ec3346dedf05f85a8db595e95a7"
"local-artifacts\output\delta_pipeline_2026-06_20260811\audit_test_pipeline_20260811\audit_funds\xpav\filings\2026-06\holdings.csv","1726","18cbbb28ac82fe6fc37b66e940ca09bebaf1960602488739227a0202b6945dc5"
"local-artifacts\output\delta_pipeline_2026-06_20260811\audit_test_pipeline_20260811\audit_funds\xpav\fund_config.txt","1016","54457575f1049999ca396368aad7af4e2b80d0253a1e0f4f14b37a70694c99c1"
"local-artifacts\output\delta_pipeline_2026-06_20260811\audit_test_pipeline_20260811\audit_funds\xsem\filings\2026-06\filing_data.txt","889","999df00e2aea3ce1ef4ed10c02c15b365dcda515988c216fa8641aaa71b51fae"
"local-artifacts\output\delta_pipeline_2026-06_20260811\audit_test_pipeline_20260811\audit_funds\xsem\filings\2026-06\holdings.csv","1670","6e1bd2ff51d4f9c0e1752e52b5288a9d1036da4d16b3549535443948a7702fc2"
"local-artifacts\output\delta_pipeline_2026-06_20260811\audit_test_pipeline_20260811\audit_funds\xsem\fund_config.txt","1023","c068e5fa2f98c76d34b1a128700155b2805b2f63bd632cf6d792837b45f8ebce"
"local-artifacts\output\delta_pipeline_2026-06_20260811\audit_test_pipeline_20260811\audit_funds\xtai\filings\2026-06\filing_data.txt","889","6ad47bbcce9f057e08a578129d743362f5b9c84fe4e8c11ddaaeda0a361eadc3"
"local-artifacts\output\delta_pipeline_2026-06_20260811\audit_test_pipeline_20260811\audit_funds\xtai\filings\2026-06\holdings.csv","1667","c05abf109dd92310593f9201a181648fc2cbab6c89180e9ea702108af1c99f5b"
"local-artifacts\output\delta_pipeline_2026-06_20260811\audit_test_pipeline_20260811\audit_funds\xtai\fund_config.txt","1010","075f1b03f8e06852fc4b33ef8999902169be9a00a4714241d506ff8b766bae55"
"local-artifacts\output\delta_pipeline_2026-06_20260811\audit_test_pipeline_20260811\audit_funds\xvo\filings\2026-06\filing_data.txt","889","f04ae66eac17d239ee474de0726d121d3e8000d1f0c3edc1ccf0011ab2c14166"
"local-artifacts\output\delta_pipeline_2026-06_20260811\audit_test_pipeline_20260811\audit_funds\xvo\filings\2026-06\holdings.csv","1712","53724fda5352b89f298f1328846119b1b29173f52b46cda4435c45dc1ad842e1"
"local-artifacts\output\delta_pipeline_2026-06_20260811\audit_test_pipeline_20260811\audit_funds\xvo\fund_config.txt","1015","648a9389be95d812a7af1c1b2ed9bbe2a9953b617f343b47ec6be5452dacbc09"
"local-artifacts\output\delta_pipeline_2026-06_20260811\audit_test_pipeline_20260811\audit_funds\xvug\filings\2026-06\filing_data.txt","894","103423bbca2e559626bdde8f44188946ff3f6f6ff7bde2dd35154efb2d51e08b"
"local-artifacts\output\delta_pipeline_2026-06_20260811\audit_test_pipeline_20260811\audit_funds\xvug\filings\2026-06\holdings.csv","1707","3dd1a9fd097408fb35a982b3d8be1ff356170b76b8ed7989e784e2450050b9cb"
"local-artifacts\output\delta_pipeline_2026-06_20260811\audit_test_pipeline_20260811\audit_funds\xvug\fund_config.txt","1015","361d0943d14ddd7d06463991b904fbb745723f89b13d0158bce21122a5070d03"
"local-artifacts\output\delta_pipeline_2026-06_20260811\audit_test_pipeline_20260811\audit_funds\xw\filings\2026-06\filing_data.txt","889","e944952351141e4360161c1ec1d096e1aa1895ab34892c1211fffc2ac6d4639f"
"local-artifacts\output\delta_pipeline_2026-06_20260811\audit_test_pipeline_20260811\audit_funds\xw\filings\2026-06\holdings.csv","1762","cb310e777e2a0c5bd3482fa2cc188dfc8d3f5b79e1255df448eb0bf72c6f3f39"
"local-artifacts\output\delta_pipeline_2026-06_20260811\audit_test_pipeline_20260811\audit_funds\xw\fund_config.txt","1018","3386b23a4674ed52f76bdf54ab80cb7522a523d26f9d2a7113debe7eaebacbc5"
"local-artifacts\output\delta_pipeline_2026-06_20260811\audit_test_pipeline_20260811\audit_funds\yung\filings\2026-06\filing_data.txt","892","067d4c3cebfd550b24a1fce3f623b80ba55a11df10530a294a6373d0dfd4a3e1"
"local-artifacts\output\delta_pipeline_2026-06_20260811\audit_test_pipeline_20260811\audit_funds\yung\filings\2026-06\holdings.csv","10390","200ab4412009d5908ebeaa49893177ee007faf6ba5c2f518df92d62f3dacb63d"
"local-artifacts\output\delta_pipeline_2026-06_20260811\audit_test_pipeline_20260811\audit_funds\yung\fund_config.txt","1013","7a5f5ca5e416d927c1e7c27b5c9918d9019ccc61f9e0771369f19c5526ea7e29"
"local-artifacts\output\delta_pipeline_2026-06_20260811\audit_test_pipeline_20260811\audit_input_summary.json","19905","fc240abb86c5752273d035dd9684067634907d69987a40da37982acd40ec6f56"
"local-artifacts\output\delta_pipeline_2026-06_20260811\audit_test_pipeline_20260811\build_logs\ACLZ_build.log","255","06be5a6ef92c889477d7e4b3fec59cb0d047fd62483d4dec7fd6275037581d23"
"local-artifacts\output\delta_pipeline_2026-06_20260811\audit_test_pipeline_20260811\build_logs\ACMM_build.log","257","3c82d59cbac4538ee7664937c35632f57bc921e913859f44edec13fee327ceb2"
"local-artifacts\output\delta_pipeline_2026-06_20260811\audit_test_pipeline_20260811\build_logs\AV_build.log","276","4b583a9b732433939bddf9662544c286aaba75a11b302b6bae8176b16770a8ab"
"local-artifacts\output\delta_pipeline_2026-06_20260811\audit_test_pipeline_20260811\build_logs\BAY_build.log","259","a59abcd515d0ef58825c14904fc49256f786fe8c11fa7cc44bcf53d3f404263f"
"local-artifacts\output\delta_pipeline_2026-06_20260811\audit_test_pipeline_20260811\build_logs\BLCK_build.log","268","85ce174119cc10d8a0a41a52396feb54d196e5cde3fbeca6229fe4025d1228c0"
"local-artifacts\output\delta_pipeline_2026-06_20260811\audit_test_pipeline_20260811\build_logs\BREW_build.log","268","996f1233d5e720f954c967258db3aa93e5bb850a3d7da84a95a2ac77166b3a95"
"local-artifacts\output\delta_pipeline_2026-06_20260811\audit_test_pipeline_20260811\build_logs\BRZX_build.log","487","4a468723988677f8604116fd42bea19e0ffb17052afd3da5671b3e36193b38d0"
"local-artifacts\output\delta_pipeline_2026-06_20260811\audit_test_pipeline_20260811\build_logs\BZZ_build.log","273","457e7ade97587c04031630923e4e9dea6bcef01fb6cd0533ab5c561bb1ef47fe"
"local-artifacts\output\delta_pipeline_2026-06_20260811\audit_test_pipeline_20260811\build_logs\CAMC_build.log","255","db66bc7832e60279ec2a0a355bc1154a442ae6fd5a0328e1ae9af301bd0f931e"
"local-artifacts\output\delta_pipeline_2026-06_20260811\audit_test_pipeline_20260811\build_logs\CARX_build.log","485","a03060a3eecb310da540fcba0b4216e0ed4cbb1187bd9e4824b7546c46e3c00e"
"local-artifacts\output\delta_pipeline_2026-06_20260811\audit_test_pipeline_20260811\build_logs\CBIL_build.log","263","44f88b661221d9db441c947b6154332b689f4757d40d1fec78d80e34d74240f9"
"local-artifacts\output\delta_pipeline_2026-06_20260811\audit_test_pipeline_20260811\build_logs\CBOT_build.log","263","f5141c95969d50d089c8b4d9470c06a953f999fc33c117b7a074d1d671502519"
"local-artifacts\output\delta_pipeline_2026-06_20260811\audit_test_pipeline_20260811\build_logs\CCPX_build.log","486","fcbdebe6a8c10c8aea0d2229abf7ac36e7e6872cd3e32498dfc7c472d3a7c9f3"
"local-artifacts\output\delta_pipeline_2026-06_20260811\audit_test_pipeline_20260811\build_logs\CGOV_build.log","262","bf191d406a68dd36a2054e26447918e432dfb4f7827e14d5762eb41928cbeba7"
"local-artifacts\output\delta_pipeline_2026-06_20260811\audit_test_pipeline_20260811\build_logs\CHYG_build.log","283","d3919e81b75b9d443d967c67a690b354c37f7676f90a8209256c0c4deb46b9dd"
"local-artifacts\output\delta_pipeline_2026-06_20260811\audit_test_pipeline_20260811\build_logs\CIEI_build.log","270","7989697e5477408395b2760cb9dce7a30248625dbec0ea25be5570cddb997216"
"local-artifacts\output\delta_pipeline_2026-06_20260811\audit_test_pipeline_20260811\build_logs\CIVG_build.log","289","ef98c87d59b89d128d890af7239a86c14cc5c44ca099da6e23eda4fc75cae882"
"local-artifacts\output\delta_pipeline_2026-06_20260811\audit_test_pipeline_20260811\build_logs\CJUN_build.log","1307","c63b05656be25ede980d4dbf42e0807eb1c7656fb2ca70027acd8d3ec778f2fb"
"local-artifacts\output\delta_pipeline_2026-06_20260811\audit_test_pipeline_20260811\build_logs\CMAG_build.log","250","e43f4d40d6bd144cc41f0e759ab42164b6de1d1475cbfe0b68b0fb76754dace7"
"local-artifacts\output\delta_pipeline_2026-06_20260811\audit_test_pipeline_20260811\build_logs\CMAY_build.log","1309","942a5858c9ddacbc58209cbc9428c47326a10768644f813935afb041ef4d7c5d"
"local-artifacts\output\delta_pipeline_2026-06_20260811\audit_test_pipeline_20260811\build_logs\CQTM_build.log","263","57a4c53cbcebe86744fdc16cdf3c2a4608b66ae5b1ccc5ce0d22d1efdef7e7ab"
"local-artifacts\output\delta_pipeline_2026-06_20260811\audit_test_pipeline_20260811\build_logs\CRUC_build.log","486","c99f7670950ee9c9c855606356bb303957234373c2c46a46369e70aa321c755a"
"local-artifacts\output\delta_pipeline_2026-06_20260811\audit_test_pipeline_20260811\build_logs\CTJN_build.log","1310","da79148c87a492e6573de831a78df71497695ca8478e7eee8527eaebb39a6f7f"
"local-artifacts\output\delta_pipeline_2026-06_20260811\audit_test_pipeline_20260811\build_logs\CTMA_build.log","1309","8e5cb599abb2922114e76d4ff291bc14149f544d37891194727ae7524bb30ad5"
"local-artifacts\output\delta_pipeline_2026-06_20260811\audit_test_pipeline_20260811\build_logs\CUST_build.log","270","cf7a5abebfea3fea2db5c20bc69df7bfbb4a3bf2ff999e3b29999e81a716adaa"
"local-artifacts\output\delta_pipeline_2026-06_20260811\audit_test_pipeline_20260811\build_logs\DIPR_build.log","278","9078bd069b0ed4ca539da3b0592cdca4fc29071495f195447a4dc72576d2a9b1"
"local-artifacts\output\delta_pipeline_2026-06_20260811\audit_test_pipeline_20260811\build_logs\DOCK_build.log","267","23fa89ff97b92a608268884679abb8e9355271331c412d616ddda9b7b10def80"
"local-artifacts\output\delta_pipeline_2026-06_20260811\audit_test_pipeline_20260811\build_logs\EMJN_build.log","306","80fe65e2bd90179b5bcd1647073ec35567ba59ecb25302096d6ef062353461a9"
"local-artifacts\output\delta_pipeline_2026-06_20260811\audit_test_pipeline_20260811\build_logs\EMMY_build.log","304","8f5fa17bc7f39070f44da56ea863764148d3ef78c339d077bc18284e8f6e39f6"
"local-artifacts\output\delta_pipeline_2026-06_20260811\audit_test_pipeline_20260811\build_logs\EMXX_build.log","269","415ce79eb34ffb7e54c9ab6953896906c5d5704aa51712f97533d5fe0994dfd0"
"local-artifacts\output\delta_pipeline_2026-06_20260811\audit_test_pipeline_20260811\build_logs\EUV_build.log","282","0328f2c21814d9232677e078c745931fe3985aebf7a307b7ec065566bbc09da8"
"local-artifacts\output\delta_pipeline_2026-06_20260811\audit_test_pipeline_20260811\build_logs\EUVX_build.log","288","89ee6bf8f965162b570b0dddc187f97690159f40828cab52809be9953e8c9988"
"local-artifacts\output\delta_pipeline_2026-06_20260811\audit_test_pipeline_20260811\build_logs\EYES_build.log","264","096fd777ef1bbd1697a5d98d78553b4e0c49029b98baf2ef4cb20e0759ba4710"
"local-artifacts\output\delta_pipeline_2026-06_20260811\audit_test_pipeline_20260811\build_logs\FDRS_build.log","251","c3a472fc962e1c57ddd34fc95515c0bd405403f719076fe67c030a9e012a86a9"
"local-artifacts\output\delta_pipeline_2026-06_20260811\audit_test_pipeline_20260811\build_logs\FDRX_build.log","486","4235a49267204c99460c9ff068134b33cb205dea4f658160d9d6c19fe25f8939"
"local-artifacts\output\delta_pipeline_2026-06_20260811\audit_test_pipeline_20260811\build_logs\GASZ_build.log","273","d596d67b0f52c7df86af041c624d4cf00ea2f75651bd177877fea38814073e77"
"local-artifacts\output\delta_pipeline_2026-06_20260811\audit_test_pipeline_20260811\build_logs\GLAM_build.log","275","17edea6d502765bed36a27e559e9b812b9f3f45bd6d6c001bed900222f89fd71"
"local-artifacts\output\delta_pipeline_2026-06_20260811\audit_test_pipeline_20260811\build_logs\GNMX_build.log","275","75d6acc364e0c4d8fa5bb7b1d51571523da7499e94541842fa3492c78debe156"
"local-artifacts\output\delta_pipeline_2026-06_20260811\audit_test_pipeline_20260811\build_logs\HJUN_build.log","1014","fbdb3e08c32527d35ec0a948f4b57b0c5a15855a443850084f6ca8a2d3d1192a"
"local-artifacts\output\delta_pipeline_2026-06_20260811\audit_test_pipeline_20260811\build_logs\HMAY_build.log","1013","9e4aa12784c9b950f2a7c7355c66305f585b7718bb96546b68193081fe76f29f"
"local-artifacts\output\delta_pipeline_2026-06_20260811\audit_test_pipeline_20260811\build_logs\HULL_build.log","273","3d23c71285b392f32e770faea21d436b2ed07d279210a4dd7d38d19ea4e395d6"
"local-artifacts\output\delta_pipeline_2026-06_20260811\audit_test_pipeline_20260811\build_logs\IDJN_build.log","1324","ff9190c85aeb3501c16e02d9bf043511815eedbb608150dbf61ce2620e56affd"
"local-artifacts\output\delta_pipeline_2026-06_20260811\audit_test_pipeline_20260811\build_logs\IDMY_build.log","1323","22f411ae59b8e27c2a3c9711c92eb3021030046e95e81d8d3d50e119bffe6306"
"local-artifacts\output\delta_pipeline_2026-06_20260811\audit_test_pipeline_20260811\build_logs\JOUL_build.log","273","844b3e481656f9001b59b31e61d3c6f7c8a1006687fca5e3b7e2e62fba1a8ca9"
"local-artifacts\output\delta_pipeline_2026-06_20260811\audit_test_pipeline_20260811\build_logs\JUNC_build.log","294","df4f58ffb53ed12182d4741bd7e34c30c541341d67349dc1a0adaa4649663d63"
"local-artifacts\output\delta_pipeline_2026-06_20260811\audit_test_pipeline_20260811\build_logs\KEYX_build.log","257","6282b6aedeb7cf4eb7a37d8f5eff57cf895c87dd0a906f0e602016f9111dc4bf"
"local-artifacts\output\delta_pipeline_2026-06_20260811\audit_test_pipeline_20260811\build_logs\KRWX_build.log","264","d57664363754815cf1af977522d33621ace219de1768973415b758a2e551ea92"
"local-artifacts\output\delta_pipeline_2026-06_20260811\audit_test_pipeline_20260811\build_logs\KYC_build.log","285","bed9931081c4f503922bba90141f12c2a3d7bcca9597345a6422b8136350e36e"
"local-artifacts\output\delta_pipeline_2026-06_20260811\audit_test_pipeline_20260811\build_logs\LASC_build.log","255","1feac1056c5e02b66273a2a0b9f8a53a1b18141b3c225f2582b05e59a8f1f4e0"
"local-artifacts\output\delta_pipeline_2026-06_20260811\audit_test_pipeline_20260811\build_logs\LATR_build.log","263","04c64d56e8679c2f7f804f4a15576c76208ce4dbd9d3dcf3eb283cf0b3721313"
"local-artifacts\output\delta_pipeline_2026-06_20260811\audit_test_pipeline_20260811\build_logs\LRNX_build.log","484","b0142a32f67127e3fee2b8d0937b397393d07578a6771d85c61e8635d0ee845e"
"local-artifacts\output\delta_pipeline_2026-06_20260811\audit_test_pipeline_20260811\build_logs\MAYC_build.log","1309","d45484adaf291cd8254ee13a12da55b5898a1446d1eda023b43308d407de936d"
"local-artifacts\output\delta_pipeline_2026-06_20260811\audit_test_pipeline_20260811\build_logs\MGKX_build.log","273","2418eec2af4ca21678c9d29b2c0cf59caccccf1a4f7fefd72f29ee891b91d243"
"local-artifacts\output\delta_pipeline_2026-06_20260811\audit_test_pipeline_20260811\build_logs\MNSX_build.log","485","5c97d5cb951c2daa5576b6920455a0f6ff9e48c87d5250a56bd516cc0145b8e0"
"local-artifacts\output\delta_pipeline_2026-06_20260811\audit_test_pipeline_20260811\build_logs\MSIX_build.log","484","1d8213b51a175bacce4fb6ac037ca194c47018626166f748cc6a577ae2bd59ca"
"local-artifacts\output\delta_pipeline_2026-06_20260811\audit_test_pipeline_20260811\build_logs\NYNY_build.log","255","1af1c322c0a7ad90a2bdfdc5cf72592957f12c5fb0593b46fd2487f4619bfa07"
"local-artifacts\output\delta_pipeline_2026-06_20260811\audit_test_pipeline_20260811\build_logs\ODDZ_build.log","271","35309635f099942df4c77922306b2076afb2e55ac974a52c39f5f133d5b233f1"
"local-artifacts\output\delta_pipeline_2026-06_20260811\audit_test_pipeline_20260811\build_logs\ONTX_build.log","255","47ce4e6dda1b9a96e0caf9c26a3bc0dd33d8f9f4abbe0d06e768b1ceeaacf57b"
"local-artifacts\output\delta_pipeline_2026-06_20260811\audit_test_pipeline_20260811\build_logs\OWN_build.log","261","81562a56e6f3393c1657eb803cd0fe36fb5a34c485dfd1eab0cc142d6967440b"
"local-artifacts\output\delta_pipeline_2026-06_20260811\audit_test_pipeline_20260811\build_logs\PTNT_build.log","269","9331ddc47e79e2fdd75c07bfd8334e5b68c6af60b6feeb4d485c2a344dc13c06"
"local-artifacts\output\delta_pipeline_2026-06_20260811\audit_test_pipeline_20260811\build_logs\QJN_build.log","300","2f9e284bb039e5d121e69b0ed88ee09771b64a8d8af3a519ff7764af5f0ed038"
"local-artifacts\output\delta_pipeline_2026-06_20260811\audit_test_pipeline_20260811\build_logs\QMY_build.log","298","83593a7512e5432e879380bfc77329e9cecd586d1cc74c5593ac77fd3455b602"
"local-artifacts\output\delta_pipeline_2026-06_20260811\audit_test_pipeline_20260811\build_logs\QQJN_build.log","299","da7464c315e62d912e37d6aae3c22d98244cdb07815e74e66ebc7fde0505d91a"
"local-artifacts\output\delta_pipeline_2026-06_20260811\audit_test_pipeline_20260811\build_logs\QQMY_build.log","1312","55c581157becb4443ddefb452daa572f3ec6251eb84a158e9e9e6b6e7f193f90"
"local-artifacts\output\delta_pipeline_2026-06_20260811\audit_test_pipeline_20260811\build_logs\RMBC_build.log","485","80be94c197e2fcbb0f970692a12dd1e28a03a5480750e856265ff5f90fd8b94b"
"local-artifacts\output\delta_pipeline_2026-06_20260811\audit_test_pipeline_20260811\build_logs\SCJN_build.log","1309","9a12b76e3b3ecb3f4237ba4f37ee84ff6a19f4476c58a02e9d0d37376393c1c3"
"local-artifacts\output\delta_pipeline_2026-06_20260811\audit_test_pipeline_20260811\build_logs\SCMY_build.log","1306","81728e8aac9872c3e8675de26d026f414a4ac3a8fc9ba03dbfd5082b6e864618"
"local-artifacts\output\delta_pipeline_2026-06_20260811\audit_test_pipeline_20260811\build_logs\SIMX_build.log","485","8d00810156c357e8b347f618e28752fa27c9cf39da9d170e1bbe28d892d83209"
"local-artifacts\output\delta_pipeline_2026-06_20260811\audit_test_pipeline_20260811\build_logs\STYL_build.log","262","699c3157a08d1cbcddb53b3859f85571c1cd1b6f0b82678beda3b2250d1cbbd8"
"local-artifacts\output\delta_pipeline_2026-06_20260811\audit_test_pipeline_20260811\build_logs\TAJX_build.log","487","83e225c798ebc87f65d87d8338bc78439e25424f3d45cc8c0ab6b6cb20a5bc6c"
"local-artifacts\output\delta_pipeline_2026-06_20260811\audit_test_pipeline_20260811\build_logs\TPLX_build.log","254","9343c1006b2631b3098809b719aff986fba382f61d52049f4f768fcacbba837b"
"local-artifacts\output\delta_pipeline_2026-06_20260811\audit_test_pipeline_20260811\build_logs\UMCX_build.log","485","15fab938a97f1c51e211fdcc920e1c66f75f83b099311b3f99dde22c9e714aad"
"local-artifacts\output\delta_pipeline_2026-06_20260811\audit_test_pipeline_20260811\build_logs\USX_build.log","270","9087f13c100e3945b9701ab2ae4ae43d28050fd987ff78a55622d4790527d76a"
"local-artifacts\output\delta_pipeline_2026-06_20260811\audit_test_pipeline_20260811\build_logs\VBX_build.log","495","4443201b2ae0bf27e275fcbc659ab33a3715d70c91a171ea846d3b2f9b1fbc7a"
"local-artifacts\output\delta_pipeline_2026-06_20260811\audit_test_pipeline_20260811\build_logs\VOOX_build.log","267","3eea3779d6d64f5889f84f15aa71ff8c519427ae3c7db4c5fbbcf474acc06460"
"local-artifacts\output\delta_pipeline_2026-06_20260811\audit_test_pipeline_20260811\build_logs\WATS_build.log","276","f79e0473716a4da40300e0361a6cfebf59a092514c5f3d1a69e39d01e720d911"
"local-artifacts\output\delta_pipeline_2026-06_20260811\audit_test_pipeline_20260811\build_logs\WEBX_build.log","497","622298a84b39a2c0e4c71a01dd8c5dadf2b4d7cf95498ccd9a90b0f58978580b"
"local-artifacts\output\delta_pipeline_2026-06_20260811\audit_test_pipeline_20260811\build_logs\WNDR_build.log","262","c7e0f4d82779978991a77a4d9aa920afe6da8a0435ad351bc042ddde7255a267"
"local-artifacts\output\delta_pipeline_2026-06_20260811\audit_test_pipeline_20260811\build_logs\WR_build.log","260","6bd83447f38ad94e461b63af7c893404211980c6fc9d553c2f3abe0f7d8125e3"
"local-artifacts\output\delta_pipeline_2026-06_20260811\audit_test_pipeline_20260811\build_logs\WX_build.log","262","829afb953ef946d88b4adc4e7cd3d0fbfb7e45128bf5e5d50f35bfdabb4936e0"
"local-artifacts\output\delta_pipeline_2026-06_20260811\audit_test_pipeline_20260811\build_logs\XA_build.log","262","bc45e73c556bb20217068c9a60a1dc9dc401513e52d24ca0aed6b9055c036196"
"local-artifacts\output\delta_pipeline_2026-06_20260811\audit_test_pipeline_20260811\build_logs\XAGI_build.log","257","3fe18dc8aef2efda0c2fc91691d78d124e86c2a81c891136ab9cfa2e3e9ea85e"
"local-artifacts\output\delta_pipeline_2026-06_20260811\audit_test_pipeline_20260811\build_logs\XBIX_build.log","493","10d29eb61efacfc49bfe70e53d02a77d74046ad549f8eafba91de5f9664f0808"
"local-artifacts\output\delta_pipeline_2026-06_20260811\audit_test_pipeline_20260811\build_logs\XCOM_build.log","497","d255266ef1c5402e0b1dd586e2b108c6ab74b65d8fdd776793bf2ff63bad05e0"
"local-artifacts\output\delta_pipeline_2026-06_20260811\audit_test_pipeline_20260811\build_logs\XEUR_build.log","497","9480fb5441f77f41338140a8375a5862e97046f03c220cc1f541208f238fa4f8"
"local-artifacts\output\delta_pipeline_2026-06_20260811\audit_test_pipeline_20260811\build_logs\XHOA_build.log","269","152c822ec0f6e0caf89ef1a2539831baf0e5315481f0397be8cf627674f8e044"
"local-artifacts\output\delta_pipeline_2026-06_20260811\audit_test_pipeline_20260811\build_logs\XIWC_build.log","496","f2865fa288564f26dabda1174d12668ea7d01cc6b4c4ae01774206e34794880c"
"local-artifacts\output\delta_pipeline_2026-06_20260811\audit_test_pipeline_20260811\build_logs\XKRE_build.log","500","db90914898c5dd11a6c63ab1c5ebb02715cae2a2aacf5ae632efed14e3aad162"
"local-artifacts\output\delta_pipeline_2026-06_20260811\audit_test_pipeline_20260811\build_logs\XLBX_build.log","495","b8ba4c8ff2990cef9591212b47de450636417c1deecb548cb99d17470ad9ccdd"
"local-artifacts\output\delta_pipeline_2026-06_20260811\audit_test_pipeline_20260811\build_logs\XLEX_build.log","492","a67b17e5bed37d6b1e022e50312290826d5d241d22cc0e3831335ea41bda66a5"
"local-artifacts\output\delta_pipeline_2026-06_20260811\audit_test_pipeline_20260811\build_logs\XLFX_build.log","496","91f0e567aa1a15e388ca6e56210002922beb17f189cb493074306a395f934cbb"
"local-artifacts\output\delta_pipeline_2026-06_20260811\audit_test_pipeline_20260811\build_logs\XLIX_build.log","497","550a65c206b6779167d2d9ad7c63f25e687bb877637a4060957d5740ce5a0fe1"
"local-artifacts\output\delta_pipeline_2026-06_20260811\audit_test_pipeline_20260811\build_logs\XLKX_build.log","268","bcfca86e28e61b0dbd4e5e5f63981aa538ca47e04846d0a9371ebf8397a5ea92"
"local-artifacts\output\delta_pipeline_2026-06_20260811\audit_test_pipeline_20260811\build_logs\XLPX_build.log","274","c5bfc7598013577c6bd28db1906a38d757686c5228c71d2cacb2ea990cf5767e"
"local-artifacts\output\delta_pipeline_2026-06_20260811\audit_test_pipeline_20260811\build_logs\XLUX_build.log","267","a0e0881e58c305740b570850b63b5c4628adbb2f5e50428479b653469697bff3"
"local-artifacts\output\delta_pipeline_2026-06_20260811\audit_test_pipeline_20260811\build_logs\XLVX_build.log","268","e6cd1be4b9a1ca6e64473ca2309bb69cd7f39fb92ec38b57fe4cae32328a0415"
"local-artifacts\output\delta_pipeline_2026-06_20260811\audit_test_pipeline_20260811\build_logs\XLYX_build.log","509","258a254ff020218d388e36d2f2d10698cd719e1f79c8b1706ee79342fe345f7f"
"local-artifacts\output\delta_pipeline_2026-06_20260811\audit_test_pipeline_20260811\build_logs\XPAV_build.log","494","f52f4bb4ab3b10f6be81f99a030459f6e2062e3a83daa21947947d3529a4e9f6"
"local-artifacts\output\delta_pipeline_2026-06_20260811\audit_test_pipeline_20260811\build_logs\XSEM_build.log","272","5109413ce04d451ca894797bb343f8cf669263de0e32d0b9194668557682e23d"
"local-artifacts\output\delta_pipeline_2026-06_20260811\audit_test_pipeline_20260811\build_logs\XTAI_build.log","259","367ee47239815d709c75429a26d7bf897962f2b594bd54520606527ad2ef97f3"
"local-artifacts\output\delta_pipeline_2026-06_20260811\audit_test_pipeline_20260811\build_logs\XVO_build.log","493","1ed874d32064c7cff46c102977788b7a3f7816cb7f578685936d9a639079296d"
"local-artifacts\output\delta_pipeline_2026-06_20260811\audit_test_pipeline_20260811\build_logs\XVUG_build.log","264","d72a9f61744b423db25c888731fdbd5e824f8c8da11a5c3a2f813c82484c7621"
"local-artifacts\output\delta_pipeline_2026-06_20260811\audit_test_pipeline_20260811\build_logs\XW_build.log","496","4172d31951dfc0447d1a5b7fd3c1f894fb51e32fba6901cd330b769ae0098cb6"
"local-artifacts\output\delta_pipeline_2026-06_20260811\audit_test_pipeline_20260811\build_logs\YUNG_build.log","264","75fb9c47d3fe3c05dc815756b011b1e1562612576e7392c8d2b2c1e3e0a89c81"
"local-artifacts\output\delta_pipeline_2026-06_20260811\audit_test_pipeline_20260811\build_logs_pass2\ACLZ_build.log","485","d9c21bc79049bca4b76d34b7af358b62148406a191db2016e10f8c38e2731112"
"local-artifacts\output\delta_pipeline_2026-06_20260811\audit_test_pipeline_20260811\build_logs_pass2\ACMM_build.log","486","1dc6b27f59ca9a8969ff61bb532c739eb889875ac01966df6ea939f72c0b78dd"
"local-artifacts\output\delta_pipeline_2026-06_20260811\audit_test_pipeline_20260811\build_logs_pass2\AV_build.log","275","25959191ab3e5757a7d3934593a3a072c8a5caae9258b4e74cf8d21765767adb"
"local-artifacts\output\delta_pipeline_2026-06_20260811\audit_test_pipeline_20260811\build_logs_pass2\BAY_build.log","259","457ae5a903bdc0cf86204cd5d29dd6a895ea4e047df3b9cfe7bfaccad6a14541"
"local-artifacts\output\delta_pipeline_2026-06_20260811\audit_test_pipeline_20260811\build_logs_pass2\BLCK_build.log","267","60ebb527a4a51d1cf8b4b48707e68fef9c8d42fa9568df4dc2dca17c706e006a"
"local-artifacts\output\delta_pipeline_2026-06_20260811\audit_test_pipeline_20260811\build_logs_pass2\BREW_build.log","268","62762359e7207ed15d7761a8df2bfb3717193782125484d0599d28604b2c7338"
"local-artifacts\output\delta_pipeline_2026-06_20260811\audit_test_pipeline_20260811\build_logs_pass2\BRZX_build.log","487","a51546eab8a0e5fab4fa2452111739f4e36538d978e0e5d8d33709a83a77ba70"
"local-artifacts\output\delta_pipeline_2026-06_20260811\audit_test_pipeline_20260811\build_logs_pass2\BZZ_build.log","272","c8b41d79414e30311686ca9c61425af333051326ccad2691bef3101e7f6398e1"
"local-artifacts\output\delta_pipeline_2026-06_20260811\audit_test_pipeline_20260811\build_logs_pass2\CAMC_build.log","485","06c8cf73f885f97f748d179f905034b3c8d24decd8d5a1ee2e13d806f50c9c2b"
"local-artifacts\output\delta_pipeline_2026-06_20260811\audit_test_pipeline_20260811\build_logs_pass2\CARX_build.log","485","551db943b21ded0a90f585e984aca5e83ea8ce96bc626f47a2bc0f2c8dc0dfe7"
"local-artifacts\output\delta_pipeline_2026-06_20260811\audit_test_pipeline_20260811\build_logs_pass2\CBIL_build.log","263","323586851fbe520570e968c27357264aecaacb6ea51fef930bc3714213d2155f"
"local-artifacts\output\delta_pipeline_2026-06_20260811\audit_test_pipeline_20260811\build_logs_pass2\CBOT_build.log","264","3d8e6c5db7d93c957036c4c60f5a5f5f0f02bf7d46af0a7c3c59f7f6a6884c51"
"local-artifacts\output\delta_pipeline_2026-06_20260811\audit_test_pipeline_20260811\build_logs_pass2\CCPX_build.log","486","374650657e61179e4b35a3ad77ad250c34ce73e7b56b6bab190f72e05c9de344"
"local-artifacts\output\delta_pipeline_2026-06_20260811\audit_test_pipeline_20260811\build_logs_pass2\CGOV_build.log","262","f39f00e3c6e49f546ce52c91ae0881d6211134143013985b508a31eb019ea423"
"local-artifacts\output\delta_pipeline_2026-06_20260811\audit_test_pipeline_20260811\build_logs_pass2\CHYG_build.log","283","3ed3776e484096c78cf954ae120ef122e04059c3c6eeabe191851e89e27073c6"
"local-artifacts\output\delta_pipeline_2026-06_20260811\audit_test_pipeline_20260811\build_logs_pass2\CIEI_build.log","270","ec366c458a64218128b97a4a42481f7bb8e11609921a2a30ccf454d9bb04dd12"
"local-artifacts\output\delta_pipeline_2026-06_20260811\audit_test_pipeline_20260811\build_logs_pass2\CIVG_build.log","289","9d4cf2e38cc846777a25d417b0dbe942d1b937a7a2405a6566a9e3dbbaf84cdf"
"local-artifacts\output\delta_pipeline_2026-06_20260811\audit_test_pipeline_20260811\build_logs_pass2\CJUN_build.log","1307","e304ee1daf6731e71e00b2fcc9ba2fcbce0d1ee0d1736087233b876f18b9cdd1"
"local-artifacts\output\delta_pipeline_2026-06_20260811\audit_test_pipeline_20260811\build_logs_pass2\CMAG_build.log","1443","f6c22eed0106189802e58771ae85264a2b787e97e94c5c0e18ea3c1871a61ea4"
"local-artifacts\output\delta_pipeline_2026-06_20260811\audit_test_pipeline_20260811\build_logs_pass2\CMAY_build.log","1309","ca8a430b679f84503daa716137ed9061a7f9fd0abb2d48dfc5da90acd1c64acb"
"local-artifacts\output\delta_pipeline_2026-06_20260811\audit_test_pipeline_20260811\build_logs_pass2\CQTM_build.log","263","8727c4b0ec100ca112753e3cf4c025abafa0bd140c417027002e140e40d15b1c"
"local-artifacts\output\delta_pipeline_2026-06_20260811\audit_test_pipeline_20260811\build_logs_pass2\CRUC_build.log","486","4fa97f44a140a0f9e478770c4342f0a9f3f4b8a699a8a96ee91536bb3522d56f"
"local-artifacts\output\delta_pipeline_2026-06_20260811\audit_test_pipeline_20260811\build_logs_pass2\CTJN_build.log","1310","4c4c9b9bb7217d1e8cf7a1e83d5c8752948ad196a053393e88b8c0e655bbbbd1"
"local-artifacts\output\delta_pipeline_2026-06_20260811\audit_test_pipeline_20260811\build_logs_pass2\CTMA_build.log","1309","dc664b182b81392e07597a52a0d0425cc1576f2962bd6764353a8a0920e71360"
"local-artifacts\output\delta_pipeline_2026-06_20260811\audit_test_pipeline_20260811\build_logs_pass2\CUST_build.log","270","5e44ad9b4fdd28f595d8c9257a625cfa7d7bd5b3b2790cade56c6acd477dbadf"
"local-artifacts\output\delta_pipeline_2026-06_20260811\audit_test_pipeline_20260811\build_logs_pass2\DIPR_build.log","278","02dc24cd7e30de815f5b56d61c9982991c651b89cb3a670149a0b47aa7f135ea"
"local-artifacts\output\delta_pipeline_2026-06_20260811\audit_test_pipeline_20260811\build_logs_pass2\DOCK_build.log","267","ea252cf6f450a21f04390bc35a869c5c17ab3f05b5647b2d81a956b592f2d103"
"local-artifacts\output\delta_pipeline_2026-06_20260811\audit_test_pipeline_20260811\build_logs_pass2\EMJN_build.log","1312","38bb52256779c92a1aaee9aaa9f5f8b59c141ef4dbc35739a737fb3ce80c9d10"
"local-artifacts\output\delta_pipeline_2026-06_20260811\audit_test_pipeline_20260811\build_logs_pass2\EMMY_build.log","1306","547ece4ac9fb6d82d7949843fe07560fc92cbc4d7e5038d9024f1744d72da198"
"local-artifacts\output\delta_pipeline_2026-06_20260811\audit_test_pipeline_20260811\build_logs_pass2\EMXX_build.log","498","580c1646420276a40431d4041e69c2ab6aa7ac34199f1c423e763e8665dca915"
"local-artifacts\output\delta_pipeline_2026-06_20260811\audit_test_pipeline_20260811\build_logs_pass2\EUV_build.log","282","c3de57ed398a632571ab8251715265c13b834f6e6b3d0c492a38a7c4e4573d38"
"local-artifacts\output\delta_pipeline_2026-06_20260811\audit_test_pipeline_20260811\build_logs_pass2\EUVX_build.log","518","45c9699049df5e511fb2584f5f7d8de1bd00791cc61e48190c31a602f0e87f81"
"local-artifacts\output\delta_pipeline_2026-06_20260811\audit_test_pipeline_20260811\build_logs_pass2\EYES_build.log","265","d39bfb771ab3ef3f6856471251f7609e535749000217801b98ba7e60a84d88cf"
"local-artifacts\output\delta_pipeline_2026-06_20260811\audit_test_pipeline_20260811\build_logs_pass2\FDRS_build.log","251","9141646226a998cce591df8e24c9f5317fc4eed91593798ba92093abf89f276b"
"local-artifacts\output\delta_pipeline_2026-06_20260811\audit_test_pipeline_20260811\build_logs_pass2\FDRX_build.log","486","0931288770a3ac05a03c33f370cf89e9e8b25f184dc571f431a9c1c2837a50a8"
"local-artifacts\output\delta_pipeline_2026-06_20260811\audit_test_pipeline_20260811\build_logs_pass2\GASZ_build.log","274","c4a4c39aed64307140a82bcf14d084c132844c11f7e223be2d6d0caf998f760d"
"local-artifacts\output\delta_pipeline_2026-06_20260811\audit_test_pipeline_20260811\build_logs_pass2\GLAM_build.log","275","e83cbf9ad156e080beb1953150730ea0126665ec3cc3fb2f739f7d3ea78ac1a6"
"local-artifacts\output\delta_pipeline_2026-06_20260811\audit_test_pipeline_20260811\build_logs_pass2\GNMX_build.log","275","70eb17b1eab5d00c4cc933fbd5cf23d2d46759073e3d72a1947b399152febc3d"
"local-artifacts\output\delta_pipeline_2026-06_20260811\audit_test_pipeline_20260811\build_logs_pass2\HJUN_build.log","1014","2bf63bfc6fb7c07091c71f9bf4c29c8b0407de8033dc8ea5feda988b510a2389"
"local-artifacts\output\delta_pipeline_2026-06_20260811\audit_test_pipeline_20260811\build_logs_pass2\HMAY_build.log","1013","5e91e5697ff98bb92b5368b319f451fc1e1f9a6a6931128a7df7cb8e182dfaaf"
"local-artifacts\output\delta_pipeline_2026-06_20260811\audit_test_pipeline_20260811\build_logs_pass2\HULL_build.log","273","a81c1201a691843f1c376d80b956241708e0e529943acfdda2fc1c15c640ec7d"
"local-artifacts\output\delta_pipeline_2026-06_20260811\audit_test_pipeline_20260811\build_logs_pass2\IDJN_build.log","1324","0294a8a6a5fa07d85e8867b534386f36233aac5ab6f9e991b751e710ae99e9f4"
"local-artifacts\output\delta_pipeline_2026-06_20260811\audit_test_pipeline_20260811\build_logs_pass2\IDMY_build.log","1323","dcc281111c5b8d0abf581411775885aba921b29f2d3fb606206bd3c56ec485c8"
"local-artifacts\output\delta_pipeline_2026-06_20260811\audit_test_pipeline_20260811\build_logs_pass2\JOUL_build.log","273","255b422dd52b15334771eb28a0746db661777d60a503071f9ac56f10a355c7df"
"local-artifacts\output\delta_pipeline_2026-06_20260811\audit_test_pipeline_20260811\build_logs_pass2\JUNC_build.log","1310","a23d6b3f58c5c48613f64965f271ddc14a0d0f162c46fd9124ea9fbaaa0b65af"
"local-artifacts\output\delta_pipeline_2026-06_20260811\audit_test_pipeline_20260811\build_logs_pass2\KEYX_build.log","486","af1c45970cb1803cad9e39097e8a793377464ba62094993c201cdf5cb50cd03d"
"local-artifacts\output\delta_pipeline_2026-06_20260811\audit_test_pipeline_20260811\build_logs_pass2\KRWX_build.log","663","86baf00b3fd3bcac7258bc04214e565ff4ed8fa9d709124fad16bfe09353f091"
"local-artifacts\output\delta_pipeline_2026-06_20260811\audit_test_pipeline_20260811\build_logs_pass2\KYC_build.log","285","11ef3f54a867f11eeeb5b7d8ad775709094b3c816a9bedc911e7c2b42bc69453"
"local-artifacts\output\delta_pipeline_2026-06_20260811\audit_test_pipeline_20260811\build_logs_pass2\LASC_build.log","485","689dd70cc37d9a7e61bf84b782267ba44445368cc618296102a198759c173031"
"local-artifacts\output\delta_pipeline_2026-06_20260811\audit_test_pipeline_20260811\build_logs_pass2\LATR_build.log","263","0e16c4591ed09bd23cbb6330600618a2bd4a69c6b2b334657104673714e0cca7"
"local-artifacts\output\delta_pipeline_2026-06_20260811\audit_test_pipeline_20260811\build_logs_pass2\LRNX_build.log","484","fefed34280f067e1daea286e3bf349e50ea3c9ef6e94b57f0b11a9ab15156f0f"
"local-artifacts\output\delta_pipeline_2026-06_20260811\audit_test_pipeline_20260811\build_logs_pass2\MAYC_build.log","1309","65e3281ed9c9d959833754cf19c31356932b4fb22fa779f16231f6187ff54e73"
"local-artifacts\output\delta_pipeline_2026-06_20260811\audit_test_pipeline_20260811\build_logs_pass2\MGKX_build.log","502","a567f67b66852abb4ecd54d28a2424b27051b9c2239c5641ecce540a655db8ae"
"local-artifacts\output\delta_pipeline_2026-06_20260811\audit_test_pipeline_20260811\build_logs_pass2\MNSX_build.log","485","5ab33caaee63c1cacce99278d0b5f7f70e9f10e7cc65d4eece0d17cb72bcf00b"
"local-artifacts\output\delta_pipeline_2026-06_20260811\audit_test_pipeline_20260811\build_logs_pass2\MSIX_build.log","484","3bfdd3b8338a08c9d5405aef6cf4a5700cee85583c1bc7617eb97d344fcefcb7"
"local-artifacts\output\delta_pipeline_2026-06_20260811\audit_test_pipeline_20260811\build_logs_pass2\NYNY_build.log","255","1b9c2bcbd8d73ae541d5ef1d6365695309c18f3a57d7e754e5c0de197de091b2"
"local-artifacts\output\delta_pipeline_2026-06_20260811\audit_test_pipeline_20260811\build_logs_pass2\ODDZ_build.log","271","ebdc9553ec69d605209ccf485d455a646d0cc484d2ae7bbcdc93bbe97a8e6208"
"local-artifacts\output\delta_pipeline_2026-06_20260811\audit_test_pipeline_20260811\build_logs_pass2\ONTX_build.log","485","bf23fab86b070e071ece8331dff9295c0cb77e4772d0aa80be6348a0dd296555"
"local-artifacts\output\delta_pipeline_2026-06_20260811\audit_test_pipeline_20260811\build_logs_pass2\OWN_build.log","260","fceb6fcde49234a6f16166f8e8a3c70d9f7e2298cd4430775c56c925dca72a7f"
"local-artifacts\output\delta_pipeline_2026-06_20260811\audit_test_pipeline_20260811\build_logs_pass2\PTNT_build.log","270","dc17d049a10231c42355d51afe5f495deced10aea2eb5012443a12acb0c26231"
"local-artifacts\output\delta_pipeline_2026-06_20260811\audit_test_pipeline_20260811\build_logs_pass2\QJN_build.log","1312","0627615bf1579cba773fc64a872137c6b3864dbb4ed61a08c84bf1ec032e007b"
"local-artifacts\output\delta_pipeline_2026-06_20260811\audit_test_pipeline_20260811\build_logs_pass2\QMY_build.log","1310","677d66852e77d0c7515c66001a2b955516c267c5d9d5ed2c5da604abf0dcce67"
"local-artifacts\output\delta_pipeline_2026-06_20260811\audit_test_pipeline_20260811\build_logs_pass2\QQJN_build.log","1316","e87547693b6cb616d72d38ad81032aa36ea2df4ead6dc5db99183b8d1376ed79"
"local-artifacts\output\delta_pipeline_2026-06_20260811\audit_test_pipeline_20260811\build_logs_pass2\QQMY_build.log","1312","6da9066c6acea28cdd31b73749c0805c8f737c560a04ca79fe731da1216fdf56"
"local-artifacts\output\delta_pipeline_2026-06_20260811\audit_test_pipeline_20260811\build_logs_pass2\RMBC_build.log","485","3502df984284fb525c3788e8e46ebe689dd18aba96d5bf185b96e6fa92150eae"
"local-artifacts\output\delta_pipeline_2026-06_20260811\audit_test_pipeline_20260811\build_logs_pass2\SCJN_build.log","1309","5d4ff77f3ff172ed2bd9fd7a93b966dfcfd0441402496701f6a0610277743a5d"
"local-artifacts\output\delta_pipeline_2026-06_20260811\audit_test_pipeline_20260811\build_logs_pass2\SCMY_build.log","1306","ca6950640c42b62e57ef362e546113f94e0fe5b42bcf7f04299159c8b33dee55"
"local-artifacts\output\delta_pipeline_2026-06_20260811\audit_test_pipeline_20260811\build_logs_pass2\SIMX_build.log","485","2e158952cbd84a39b42985d2dbd6504055b37f8778388efc5f469f23b03adedc"
"local-artifacts\output\delta_pipeline_2026-06_20260811\audit_test_pipeline_20260811\build_logs_pass2\STYL_build.log","262","a2f0a77fe0c760ab9d98fc5869a9c0f1fec7cada9b853aab492231ddc3c4d1c3"
"local-artifacts\output\delta_pipeline_2026-06_20260811\audit_test_pipeline_20260811\build_logs_pass2\TAJX_build.log","487","f90ae65bc7976d68a6903b594b1d94d3c076f43f518854fe894461e6553a60b6"
"local-artifacts\output\delta_pipeline_2026-06_20260811\audit_test_pipeline_20260811\build_logs_pass2\TPLX_build.log","484","3ac95d8cbd27869c4cd48a160d449fc06b2758311de98718a9df108913ea4cbf"
"local-artifacts\output\delta_pipeline_2026-06_20260811\audit_test_pipeline_20260811\build_logs_pass2\UMCX_build.log","485","0e11ec40f9cef4432340240179bb5c61c63e65d3a324b7193675e27dd572e29a"
"local-artifacts\output\delta_pipeline_2026-06_20260811\audit_test_pipeline_20260811\build_logs_pass2\USX_build.log","498","d0c55a4b11391a41f1c5215c424518618f1192fbbfaf4ec8c0da3675e5e324d3"
"local-artifacts\output\delta_pipeline_2026-06_20260811\audit_test_pipeline_20260811\build_logs_pass2\VBX_build.log","495","f62e9c2677681b83b89986a7e05be3a547bd282155c31854015de3d174ce71d0"
"local-artifacts\output\delta_pipeline_2026-06_20260811\audit_test_pipeline_20260811\build_logs_pass2\VOOX_build.log","496","0e8a3151dd048864d8b27a20026770c50cab816a572a8aa05ea244bf4413fc64"
"local-artifacts\output\delta_pipeline_2026-06_20260811\audit_test_pipeline_20260811\build_logs_pass2\WATS_build.log","276","b219a6947a395d634110acb42ed0981c6bbae0bc7398b3b21c7c173245a15161"
"local-artifacts\output\delta_pipeline_2026-06_20260811\audit_test_pipeline_20260811\build_logs_pass2\WEBX_build.log","497","e426e1cd0236eb5a8b5268647ce074ec6e847287d85862499b1fb4f429d6249c"
"local-artifacts\output\delta_pipeline_2026-06_20260811\audit_test_pipeline_20260811\build_logs_pass2\WNDR_build.log","262","29bc0f5398531106ca44738039535d0051ba159302d3a3c2141841eecfa17153"
"local-artifacts\output\delta_pipeline_2026-06_20260811\audit_test_pipeline_20260811\build_logs_pass2\WR_build.log","260","2a428ac635cd87f2df8b91c67134bcaed72e7f64e2a05db267156dc55667b902"
"local-artifacts\output\delta_pipeline_2026-06_20260811\audit_test_pipeline_20260811\build_logs_pass2\WX_build.log","489","c3a69d106d488238177a76f112ea6f4d2ba76d6f1a305cc76edf05a199973e4e"
"local-artifacts\output\delta_pipeline_2026-06_20260811\audit_test_pipeline_20260811\build_logs_pass2\XA_build.log","260","5f0e52648014a24c2196ef0cb1e5bd987528f87548b45a38c995b06c2b920672"
"local-artifacts\output\delta_pipeline_2026-06_20260811\audit_test_pipeline_20260811\build_logs_pass2\XAGI_build.log","486","98d09fe388a57c1802827dadfbdd89e2bbf761b646061ade6f15113175544303"
"local-artifacts\output\delta_pipeline_2026-06_20260811\audit_test_pipeline_20260811\build_logs_pass2\XBIX_build.log","493","21c60efd7a5f6c8889b5dd7b7b393ef766050cbe9f0dfc28faf1f17ef201248d"
"local-artifacts\output\delta_pipeline_2026-06_20260811\audit_test_pipeline_20260811\build_logs_pass2\XCOM_build.log","497","8dbcef6d207ff96d9e328a52d83426c3a1f1505592f582d493764aae075da224"
"local-artifacts\output\delta_pipeline_2026-06_20260811\audit_test_pipeline_20260811\build_logs_pass2\XEUR_build.log","497","39d025f9f8f85d77f983804ea7f29209a9d210f10fbe25eed3d1c3779ed87a0a"
"local-artifacts\output\delta_pipeline_2026-06_20260811\audit_test_pipeline_20260811\build_logs_pass2\XHOA_build.log","498","ff560919573a1880ef1ff4f94a681a26e447d933b950f8742eb41f283dd48dea"
"local-artifacts\output\delta_pipeline_2026-06_20260811\audit_test_pipeline_20260811\build_logs_pass2\XIWC_build.log","496","90ed3fbaef7f6da0aa737b17d26db2117e407b9867bfc98308e2397de05ffdd7"
"local-artifacts\output\delta_pipeline_2026-06_20260811\audit_test_pipeline_20260811\build_logs_pass2\XKRE_build.log","500","37c245c8398e12af0a9e73f5c24a9a1ea422688556e672aafcf3e89d7309a373"
"local-artifacts\output\delta_pipeline_2026-06_20260811\audit_test_pipeline_20260811\build_logs_pass2\XLBX_build.log","495","0cdb65863950bbb137cc342ece1fa60ad8499372d31ecc31d12639956adaf152"
"local-artifacts\output\delta_pipeline_2026-06_20260811\audit_test_pipeline_20260811\build_logs_pass2\XLEX_build.log","492","8c4b974a3166c997ea9b92f5adf0c3876b88433b82015145301289fc758f7e8d"
"local-artifacts\output\delta_pipeline_2026-06_20260811\audit_test_pipeline_20260811\build_logs_pass2\XLFX_build.log","496","e7ab4b110436f600a9ada8679ebfb5919ffa6f580c5578401b40086e1ec7ae28"
"local-artifacts\output\delta_pipeline_2026-06_20260811\audit_test_pipeline_20260811\build_logs_pass2\XLIX_build.log","497","443f444bab7a8fcfb1538578c33685a2c111fee2974bea98534c60d3a93ae984"
"local-artifacts\output\delta_pipeline_2026-06_20260811\audit_test_pipeline_20260811\build_logs_pass2\XLKX_build.log","497","4627182694544f884b45d442db850866ef82fafda5337432384487cfa82a4494"
"local-artifacts\output\delta_pipeline_2026-06_20260811\audit_test_pipeline_20260811\build_logs_pass2\XLPX_build.log","503","4e23dfe362e5617112f331f33da8ac2def59e8ba0b4c4af34ed0ee5ec7fb37e3"
"local-artifacts\output\delta_pipeline_2026-06_20260811\audit_test_pipeline_20260811\build_logs_pass2\XLUX_build.log","496","6638e0f1e6b5f5c807604c853c54a8ebbf3b5202109085869ebe91bf9a5cdc08"
"local-artifacts\output\delta_pipeline_2026-06_20260811\audit_test_pipeline_20260811\build_logs_pass2\XLVX_build.log","497","67e9b93baad834c82d9678395f2d9265c197eff5ab83a90e7d11b29c947fccd3"
"local-artifacts\output\delta_pipeline_2026-06_20260811\audit_test_pipeline_20260811\build_logs_pass2\XLYX_build.log","509","d6178f6f5693e6449a6b0f7b9bb6231501c69cb5aad5fe883e555045e128b398"
"local-artifacts\output\delta_pipeline_2026-06_20260811\audit_test_pipeline_20260811\build_logs_pass2\XPAV_build.log","494","8c0d79efe478f886bcca8f1283e27f2371d1e3479174ea28ad449a5e8c8bae3c"
"local-artifacts\output\delta_pipeline_2026-06_20260811\audit_test_pipeline_20260811\build_logs_pass2\XSEM_build.log","501","5dafb5de59b84c255b645a2211e9bcc474baf51947bb4f06d8e6407f62ac6714"
"local-artifacts\output\delta_pipeline_2026-06_20260811\audit_test_pipeline_20260811\build_logs_pass2\XTAI_build.log","488","28c29ef4c4a4498e6e934dcfa7af2e49bf584f610bf5cd8da76472a6c88e4eb3"
"local-artifacts\output\delta_pipeline_2026-06_20260811\audit_test_pipeline_20260811\build_logs_pass2\XVO_build.log","493","78374c21670e91d969af5eef796e074aa9cc4019be6246140a68f95f670bd0c7"
"local-artifacts\output\delta_pipeline_2026-06_20260811\audit_test_pipeline_20260811\build_logs_pass2\XVUG_build.log","493","7a27b7383aec3a2494d6e42c167396be968c987856adafb9d10cdc400b289c92"
"local-artifacts\output\delta_pipeline_2026-06_20260811\audit_test_pipeline_20260811\build_logs_pass2\XW_build.log","496","bdd8d2f401687203a354621ac0c908a4ae8a1a06f707b2b73e044ce0f59a8c07"
"local-artifacts\output\delta_pipeline_2026-06_20260811\audit_test_pipeline_20260811\build_logs_pass2\YUNG_build.log","264","e1d60b45f5a95284f37dead01c04e2c7db732af5e21875c4addfd521dc17531c"
"local-artifacts\output\delta_pipeline_2026-06_20260811\audit_test_pipeline_20260811\delta_audit_vs_usbank_confidential.zip","2527751","853855f12454505e9da3b7e8ce2864f44b315b560af5036169590c3489c69e21"
"local-artifacts\output\delta_pipeline_2026-06_20260811\audit_test_pipeline_20260811\delta_vs_usbank\audit_na_deltas.csv","923880","2d9bade0129c105ce87620c49b4f73eb14ed3fe7488bd86a8f01d39dabd0e08c"
"local-artifacts\output\delta_pipeline_2026-06_20260811\audit_test_pipeline_20260811\delta_vs_usbank\delta_report.json","3285","c7fb507df9f3e9f5e36286e21ddc3a531f9d5e7c8ee75a9f3d2c5b86b78d4284"
"local-artifacts\output\delta_pipeline_2026-06_20260811\audit_test_pipeline_20260811\delta_vs_usbank\delta_rollup_by_category.csv","1138","80a3da592fd0bd0412b6ecaea8d80be59067cedd971067109d6064a59129f2b1"
"local-artifacts\output\delta_pipeline_2026-06_20260811\audit_test_pipeline_20260811\delta_vs_usbank\delta_rollup_by_path.csv","5627913","5a28e0cd7cd06aa78294dcd5221ee4a5533d7f04875f6d10fc3a07d03228a2a3"
"local-artifacts\output\delta_pipeline_2026-06_20260811\audit_test_pipeline_20260811\delta_vs_usbank\delta_summary.csv","39007","b0988f3f751c414f019e39f90b2871a398e7cfda47bd04fc08a55dac87675252"
"local-artifacts\output\delta_pipeline_2026-06_20260811\audit_test_pipeline_20260811\delta_vs_usbank\executive_summary.json","2404","c5082d25ed4c5f73f8af8649cd285e947a94a912a8b38190c3c9296b0a11d436"
"local-artifacts\output\delta_pipeline_2026-06_20260811\audit_test_pipeline_20260811\delta_vs_usbank\field_deltas.csv","24048583","8acfbdc3468ae505db1269bdeade8e9febedc4cf3efb46f31fd8ee6450d87ae9"
"local-artifacts\output\delta_pipeline_2026-06_20260811\audit_test_pipeline_20260811\delta_vs_usbank\field_deltas_categorized.csv","25015288","29fc8ba007f92a91a4e3deff7e6b0faa4f33ad1670b73b59e87b9ce4b2737bf3"
"local-artifacts\output\delta_pipeline_2026-06_20260811\audit_test_pipeline_20260811\delta_vs_usbank\format_only_deltas.csv","483456","a67d55434a00d3378bef5a49b3639f9327c80975a50b296517a0925f17fdf59a"
"local-artifacts\output\delta_pipeline_2026-06_20260811\audit_test_pipeline_20260811\delta_vs_usbank\per_fund\ACLZ_delta.csv","74485","fa0afcc3675303cee403fdefdb8bd38f34ba223d1a9c92199e56de5285861ca3"
"local-artifacts\output\delta_pipeline_2026-06_20260811\audit_test_pipeline_20260811\delta_vs_usbank\per_fund\ACMM_delta.csv","75259","26e2b7e013180142a9b3ed5bd12f916f0dbf0055f18d2d8c4c6aef56ac18c118"
"local-artifacts\output\delta_pipeline_2026-06_20260811\audit_test_pipeline_20260811\delta_vs_usbank\per_fund\AV_delta.csv","323760","8f96632800fed31bc9e7ef311c0fe0db30e2ac8f866e6ecd174504929e730376"
"local-artifacts\output\delta_pipeline_2026-06_20260811\audit_test_pipeline_20260811\delta_vs_usbank\per_fund\BAY_delta.csv","441766","b83341ec4a43c56a695912a10624b22bac2b030fbb54480322151535d2be53db"
"local-artifacts\output\delta_pipeline_2026-06_20260811\audit_test_pipeline_20260811\delta_vs_usbank\per_fund\BLCK_delta.csv","266880","596487a43c44491a4ef98ef4f29ea34f1af70b3ed3ff1ef0030a549bf4625113"
"local-artifacts\output\delta_pipeline_2026-06_20260811\audit_test_pipeline_20260811\delta_vs_usbank\per_fund\BREW_delta.csv","159873","9f6e50c22526539ac565d17a53d54c569e5613e67ec3e48ea5383b4020fc6914"
"local-artifacts\output\delta_pipeline_2026-06_20260811\audit_test_pipeline_20260811\delta_vs_usbank\per_fund\BRZX_delta.csv","75494","f5fa36b3d8c1a12fde7d1a57a98309654daf42f1579fb76607b36fec20911437"
"local-artifacts\output\delta_pipeline_2026-06_20260811\audit_test_pipeline_20260811\delta_vs_usbank\per_fund\BZZ_delta.csv","219414","e0e6a3c1bc9863dc6d5ff3716b8a61720f59d86f48ac91fbe61edeb70f6a5282"
"local-artifacts\output\delta_pipeline_2026-06_20260811\audit_test_pipeline_20260811\delta_vs_usbank\per_fund\CAMC_delta.csv","74394","9306908cc5ce3b22aa1d47d965802a1550d7b294d3b6684be7e63fa668043927"
"local-artifacts\output\delta_pipeline_2026-06_20260811\audit_test_pipeline_20260811\delta_vs_usbank\per_fund\CARX_delta.csv","74385","34e914450223bccf3bdd01fd294d8f9ca867f72d1d201c74fc82413957a73ad5"
"local-artifacts\output\delta_pipeline_2026-06_20260811\audit_test_pipeline_20260811\delta_vs_usbank\per_fund\CBIL_delta.csv","220055","fd3a2c4209cb84125775bbbf80d61eefaa07d7aefbd1d878882e7d52fc00d0de"
"local-artifacts\output\delta_pipeline_2026-06_20260811\audit_test_pipeline_20260811\delta_vs_usbank\per_fund\CBOT_delta.csv","194934","61912347e8a7fa6ac61027d16f02d94fb5d95960876384c5073e3f90bd08acc6"
"local-artifacts\output\delta_pipeline_2026-06_20260811\audit_test_pipeline_20260811\delta_vs_usbank\per_fund\CCPX_delta.csv","75556","0027c6e40fe1461f208c3a7210f1bdb873c2f87f8accca062f8b9b82d2770c78"
"local-artifacts\output\delta_pipeline_2026-06_20260811\audit_test_pipeline_20260811\delta_vs_usbank\per_fund\CGOV_delta.csv","203240","a8b641796ac8f3ec63db975d1a5c74f0a2a204d0c60b1316f9d2f12389d522b8"
"local-artifacts\output\delta_pipeline_2026-06_20260811\audit_test_pipeline_20260811\delta_vs_usbank\per_fund\CHYG_delta.csv","2315690","e7fb4467bd1259229135058ece8bea52809179aa37379f25cae6cc99395c6fc8"
"local-artifacts\output\delta_pipeline_2026-06_20260811\audit_test_pipeline_20260811\delta_vs_usbank\per_fund\CIEI_delta.csv","807689","21a7cda8bf1d148a78531cc82754d906ffc1b388414881e15f2dbe411fcfc915"
"local-artifacts\output\delta_pipeline_2026-06_20260811\audit_test_pipeline_20260811\delta_vs_usbank\per_fund\CIVG_delta.csv","2500937","305c3555c7fed00355f02df893fe017dc92bed1ce8f24d8708f2d2a574c68d0f"
"local-artifacts\output\delta_pipeline_2026-06_20260811\audit_test_pipeline_20260811\delta_vs_usbank\per_fund\CJUN_delta.csv","210025","0b572334583f6556c1ac83e3d78bd4e63da87b9ee5a2c224dab8331b148c5d47"
"local-artifacts\output\delta_pipeline_2026-06_20260811\audit_test_pipeline_20260811\delta_vs_usbank\per_fund\CMAG_delta.csv","427221","52b6426fa2b161b136366a3f291292f0bc6bc45264708f076f63ba77204aa699"
"local-artifacts\output\delta_pipeline_2026-06_20260811\audit_test_pipeline_20260811\delta_vs_usbank\per_fund\CMAY_delta.csv","213480","6affe0a415c460a38081fd08b5d8d9c74db392cff4e7ba7a5cff1e5914293233"
"local-artifacts\output\delta_pipeline_2026-06_20260811\audit_test_pipeline_20260811\delta_vs_usbank\per_fund\CQTM_delta.csv","151962","304d010d5efaa4a488d709c0b0a7396342adf580c1ed673d84e39790962e1433"
"local-artifacts\output\delta_pipeline_2026-06_20260811\audit_test_pipeline_20260811\delta_vs_usbank\per_fund\CRUC_delta.csv","74447","19b452387e42322504b96af970b8b326abb1d65e7de9228ee22a99ce1f6308c7"
"local-artifacts\output\delta_pipeline_2026-06_20260811\audit_test_pipeline_20260811\delta_vs_usbank\per_fund\CTJN_delta.csv","210116","620c97aaa21b64723f5232ad5ac7f30dc8fb6decbbdba338156fc66cfa994104"
"local-artifacts\output\delta_pipeline_2026-06_20260811\audit_test_pipeline_20260811\delta_vs_usbank\per_fund\CTMA_delta.csv","212940","647ff7d85217f00a635b3ab7c173084f46c30c09ddb89a682d2e7b538d335383"
"local-artifacts\output\delta_pipeline_2026-06_20260811\audit_test_pipeline_20260811\delta_vs_usbank\per_fund\CUST_delta.csv","814675","65ef96c564c880b976283baf7adf36ec9e2ada876329308a7e94b7a1132efa3c"
"local-artifacts\output\delta_pipeline_2026-06_20260811\audit_test_pipeline_20260811\delta_vs_usbank\per_fund\DIPR_delta.csv","248614","814e98749c7c68593acee1a803695b77fca38195b2a0fbc4749da20968bf8b16"
"local-artifacts\output\delta_pipeline_2026-06_20260811\audit_test_pipeline_20260811\delta_vs_usbank\per_fund\DOCK_delta.csv","359277","7b7793409059a7d20347bef0685a80722710440e19d9df6d1942c741686de456"
"local-artifacts\output\delta_pipeline_2026-06_20260811\audit_test_pipeline_20260811\delta_vs_usbank\per_fund\EMJN_delta.csv","220471","e35c877769b9bf1e50e82399490ffc0d8597101f4489a2899d3003089b048064"
"local-artifacts\output\delta_pipeline_2026-06_20260811\audit_test_pipeline_20260811\delta_vs_usbank\per_fund\EMMY_delta.csv","224314","6b54c75be5f7ddbce360be3dafa083d1f87bda77ccea92fce5f48e33c857dbe3"
"local-artifacts\output\delta_pipeline_2026-06_20260811\audit_test_pipeline_20260811\delta_vs_usbank\per_fund\EMXX_delta.csv","79357","b4635b79066df73c8c8853b41bb7d9f27704e7f87ce3aa7f888a0dce154ecb00"
"local-artifacts\output\delta_pipeline_2026-06_20260811\audit_test_pipeline_20260811\delta_vs_usbank\per_fund\EUV_delta.csv","336636","46a383309b6510273f04eed7d68d960a4cc207070fa33e0c577e837a7d6d01f3"
"local-artifacts\output\delta_pipeline_2026-06_20260811\audit_test_pipeline_20260811\delta_vs_usbank\per_fund\EUVX_delta.csv","88250","60135bc0a0463a1acf2084a64381f5998f29912bdda48f4d1a53ef0b729ece13"
"local-artifacts\output\delta_pipeline_2026-06_20260811\audit_test_pipeline_20260811\delta_vs_usbank\per_fund\EYES_delta.csv","272131","99df3056031cdc1ca5475f47d1e2fe0f6f8950690277cc785830a9455a19b287"
"local-artifacts\output\delta_pipeline_2026-06_20260811\audit_test_pipeline_20260811\delta_vs_usbank\per_fund\FDRS_delta.csv","442997","044a64a8b37e6091a576f7af0ccc7b0ef303f52b9a37acc9a1329a848be5b73b"
"local-artifacts\output\delta_pipeline_2026-06_20260811\audit_test_pipeline_20260811\delta_vs_usbank\per_fund\FDRX_delta.csv","93556","f23c60fe7028d38f81826a037cc2d5bee2ebab1a1822c1a8d877d4cc52abbec6"
"local-artifacts\output\delta_pipeline_2026-06_20260811\audit_test_pipeline_20260811\delta_vs_usbank\per_fund\GASZ_delta.csv","191476","59c5deca678ab05893f49be2bf5d3b88ac82286822b28ee45b8e9c06b7538490"
"local-artifacts\output\delta_pipeline_2026-06_20260811\audit_test_pipeline_20260811\delta_vs_usbank\per_fund\GLAM_delta.csv","216865","11883656a78bd6587833f16b78087d65b1a23c18f9bf4548a7d27bcd86d22e94"
"local-artifacts\output\delta_pipeline_2026-06_20260811\audit_test_pipeline_20260811\delta_vs_usbank\per_fund\GNMX_delta.csv","463132","49903e70d97d291b37efa49cd177f2d5abaabcd13f5681fbfec34e4024ae30e1"
"local-artifacts\output\delta_pipeline_2026-06_20260811\audit_test_pipeline_20260811\delta_vs_usbank\per_fund\HJUN_delta.csv","167604","eb7860a81eb60e4113b4fe75ae782df1881fdb970c5abc649a33ffe6b502e23e"
"local-artifacts\output\delta_pipeline_2026-06_20260811\audit_test_pipeline_20260811\delta_vs_usbank\per_fund\HMAY_delta.csv","171043","85b7029df5203abbae330b5b0770d740c911643d7e32512d70bdf1c4f474e0bf"
"local-artifacts\output\delta_pipeline_2026-06_20260811\audit_test_pipeline_20260811\delta_vs_usbank\per_fund\HULL_delta.csv","352121","b62f434eebd01101ad8f98eb6179c9adc8e27ab50edd98a8576269e9e5e9339d"
"local-artifacts\output\delta_pipeline_2026-06_20260811\audit_test_pipeline_20260811\delta_vs_usbank\per_fund\IDJN_delta.csv","226288","3de4cb8ce87f4c055f071185e9b0c5c085204c046283d8d61d19e84ed722628e"
"local-artifacts\output\delta_pipeline_2026-06_20260811\audit_test_pipeline_20260811\delta_vs_usbank\per_fund\IDMY_delta.csv","229652","b116c9fa56bedee1ccb3422ab1923b8a1540dd8e2eddf0486c21379342d60fe2"
"local-artifacts\output\delta_pipeline_2026-06_20260811\audit_test_pipeline_20260811\delta_vs_usbank\per_fund\JOUL_delta.csv","168215","6de5c0033e87bf55aeddb6ba993f51793d8a83adaee00cfde24a9b9edf04d793"
"local-artifacts\output\delta_pipeline_2026-06_20260811\audit_test_pipeline_20260811\delta_vs_usbank\per_fund\JUNC_delta.csv","210116","689d796d4882d273c6a175bc19e4d46a3b0cbe0d2e06095262a511dd4ee19173"
"local-artifacts\output\delta_pipeline_2026-06_20260811\audit_test_pipeline_20260811\delta_vs_usbank\per_fund\KEYX_delta.csv","74493","9fe26eac76b693faa3d3500a6f41e16155301398b22d39689767ba32f54b8f1f"
"local-artifacts\output\delta_pipeline_2026-06_20260811\audit_test_pipeline_20260811\delta_vs_usbank\per_fund\KRWX_delta.csv","129499","d877a36d6bfa8df9a3e066fc4388e8c10ada3335bfbbae5c55846e99517e5bb3"
"local-artifacts\output\delta_pipeline_2026-06_20260811\audit_test_pipeline_20260811\delta_vs_usbank\per_fund\KYC_delta.csv","489453","fbbeb81ceb23abd757a3bfc772fe6ca987e63e3d7584c40f8e50dabae530e5f6"
"local-artifacts\output\delta_pipeline_2026-06_20260811\audit_test_pipeline_20260811\delta_vs_usbank\per_fund\LASC_delta.csv","75812","33061e3c6d3bb6b1b93f6e6008db302fd33c778a68ccc2d473122a7a1f430371"
"local-artifacts\output\delta_pipeline_2026-06_20260811\audit_test_pipeline_20260811\delta_vs_usbank\per_fund\LATR_delta.csv","189741","63e3015ec388cdf5513ba8cf84aa84fe7255bd7a67f3f0d47924a4c546e98b2a"
"local-artifacts\output\delta_pipeline_2026-06_20260811\audit_test_pipeline_20260811\delta_vs_usbank\per_fund\LRNX_delta.csv","73935","549697305aea84bd385fb02dde7192fb37ddd1a47e69d7ea7464b8de9a1da6d8"
"local-artifacts\output\delta_pipeline_2026-06_20260811\audit_test_pipeline_20260811\delta_vs_usbank\per_fund\MAYC_delta.csv","212991","4d4eb7c210afd9efda6e1841bf75d0ef1b94e7c884e987fb2ea883774cb79e47"
"local-artifacts\output\delta_pipeline_2026-06_20260811\audit_test_pipeline_20260811\delta_vs_usbank\per_fund\MGKX_delta.csv","81739","265dcdd820c521fff2f67308d80d533462a4fa0702e11d619e3fd8d432d3f76c"
"local-artifacts\output\delta_pipeline_2026-06_20260811\audit_test_pipeline_20260811\delta_vs_usbank\per_fund\MNSX_delta.csv","74474","f2a2675b608d27fea2fdd6f49ddd661e3588ded60f2cc581d287230d7de7bfc6"
"local-artifacts\output\delta_pipeline_2026-06_20260811\audit_test_pipeline_20260811\delta_vs_usbank\per_fund\MSIX_delta.csv","74015","eb400525d1ea1cdbd1bbae8648f2c280577334264c169f8a9d8d1a150b679963"
"local-artifacts\output\delta_pipeline_2026-06_20260811\audit_test_pipeline_20260811\delta_vs_usbank\per_fund\NYNY_delta.csv","418481","68c1ddb9103bb5c7ca9b11409dcb31deaea3fe39c8ae0c711df9893acfed3ab7"
"local-artifacts\output\delta_pipeline_2026-06_20260811\audit_test_pipeline_20260811\delta_vs_usbank\per_fund\ODDZ_delta.csv","205256","47ecc33f66758828cf40b0385d63b4567441f9682e9ff3b7faa6f0882e59ae8a"
"local-artifacts\output\delta_pipeline_2026-06_20260811\audit_test_pipeline_20260811\delta_vs_usbank\per_fund\ONTX_delta.csv","75650","094bb733554b10ec5cddaf83abae43a46dfc91b025ef3940f8ea1678cc905637"
"local-artifacts\output\delta_pipeline_2026-06_20260811\audit_test_pipeline_20260811\delta_vs_usbank\per_fund\OWN_delta.csv","675606","caa024c5213c4cacf0985e03a80f0b48e4323de154da34e49a39f9f8c8dd1d7f"
"local-artifacts\output\delta_pipeline_2026-06_20260811\audit_test_pipeline_20260811\delta_vs_usbank\per_fund\PTNT_delta.csv","246462","2e2532dd2812ab69f32ab680593579f1170f935a9bcbd115595cdd179c206dfa"
"local-artifacts\output\delta_pipeline_2026-06_20260811\audit_test_pipeline_20260811\delta_vs_usbank\per_fund\QJN_delta.csv","213960","69be71d430abaafd1317ef53505147499ebe3786406502fc8bde1f1bc4541b5b"
"local-artifacts\output\delta_pipeline_2026-06_20260811\audit_test_pipeline_20260811\delta_vs_usbank\per_fund\QMY_delta.csv","217194","c86d2750caff53aea18e401c3737baded682fd8009f125d305ceb0a2fc95e852"
"local-artifacts\output\delta_pipeline_2026-06_20260811\audit_test_pipeline_20260811\delta_vs_usbank\per_fund\QQJN_delta.csv","215397","0a87f8322e64d49145861d3e5567656127a6cc41d01174ad10ff050db9b5e035"
"local-artifacts\output\delta_pipeline_2026-06_20260811\audit_test_pipeline_20260811\delta_vs_usbank\per_fund\QQMY_delta.csv","218196","88c0170d0e160342d792b3a30131ddf1c55e00e3e1e280b286413fa39f84860b"
"local-artifacts\output\delta_pipeline_2026-06_20260811\audit_test_pipeline_20260811\delta_vs_usbank\per_fund\RMBC_delta.csv","75204","653faf657b0ae03bd8ee10c31cfd71b0b3a160e345fbb878a5610fc094036cd9"
"local-artifacts\output\delta_pipeline_2026-06_20260811\audit_test_pipeline_20260811\delta_vs_usbank\per_fund\SCJN_delta.csv","210817","9c1daedbe6c8b39d344dfe9338d8bd2a55cd7711f61082c57638aca9b6a8a98f"
"local-artifacts\output\delta_pipeline_2026-06_20260811\audit_test_pipeline_20260811\delta_vs_usbank\per_fund\SCMY_delta.csv","213567","1eef17b134f2f47efacf2d94ab967aab98526028eb96e9c3a13e90f5e38c6b56"
"local-artifacts\output\delta_pipeline_2026-06_20260811\audit_test_pipeline_20260811\delta_vs_usbank\per_fund\SIMX_delta.csv","74537","b534570fb96b178ac56488e00782b89224763792e15a42327d31c65a48a28a57"
"local-artifacts\output\delta_pipeline_2026-06_20260811\audit_test_pipeline_20260811\delta_vs_usbank\per_fund\STYL_delta.csv","364383","c6ece2c3fd2b5a4b89cbdd8a4f82ae5c4efc95e45edf3a3d69e87bdd3fff465e"
"local-artifacts\output\delta_pipeline_2026-06_20260811\audit_test_pipeline_20260811\delta_vs_usbank\per_fund\TAJX_delta.csv","75999","e077a8bc68a156750db619b4ad714b54e4c10d6cdf859ad26faf83b0af28173e"
"local-artifacts\output\delta_pipeline_2026-06_20260811\audit_test_pipeline_20260811\delta_vs_usbank\per_fund\TPLX_delta.csv","74041","0ed6490838cd490922101973c82bd04fa870b67ade54036e651b8a76735418e4"
"local-artifacts\output\delta_pipeline_2026-06_20260811\audit_test_pipeline_20260811\delta_vs_usbank\per_fund\UMCX_delta.csv","74464","3455dac6c74c1f8f96fd6f605e1c43d07a1e6220dd556a960ace1fab4eadb5b6"
"local-artifacts\output\delta_pipeline_2026-06_20260811\audit_test_pipeline_20260811\delta_vs_usbank\per_fund\USX_delta.csv","79378","3efc555a23ed563b900c3acdcc559758372527b829bcf71e19c336e6aa13c174"
"local-artifacts\output\delta_pipeline_2026-06_20260811\audit_test_pipeline_20260811\delta_vs_usbank\per_fund\VBX_delta.csv","78995","e884dd947675a2ccde40f791d386294dc3c0828acab9f5d7b4955fe334373734"
"local-artifacts\output\delta_pipeline_2026-06_20260811\audit_test_pipeline_20260811\delta_vs_usbank\per_fund\VOOX_delta.csv","78498","15cb8e4efc02903e0df531f7b63574d98ff46a024900e687fb150377dd16d87e"
"local-artifacts\output\delta_pipeline_2026-06_20260811\audit_test_pipeline_20260811\delta_vs_usbank\per_fund\WATS_delta.csv","200880","579a034684e0933ad045834ded5f0ad14df392b4a87c003db7463065f020f810"
"local-artifacts\output\delta_pipeline_2026-06_20260811\audit_test_pipeline_20260811\delta_vs_usbank\per_fund\WEBX_delta.csv","79423","2cb8039d27c793dad7dfeac96e438cb51eb9260ea0d5ab97d55ff92d4ea7adce"
"local-artifacts\output\delta_pipeline_2026-06_20260811\audit_test_pipeline_20260811\delta_vs_usbank\per_fund\WNDR_delta.csv","436920","2ca96520fb1660eddd6cab8e777a0346c63fc16221aa6bacbaca642eec1ab538"
"local-artifacts\output\delta_pipeline_2026-06_20260811\audit_test_pipeline_20260811\delta_vs_usbank\per_fund\WR_delta.csv","419725","6a57c524707501e0b5f69a20f9a009f1af0dcd9b332698fea07f5a3ec5e37f86"
"local-artifacts\output\delta_pipeline_2026-06_20260811\audit_test_pipeline_20260811\delta_vs_usbank\per_fund\WX_delta.csv","75903","f8db58c5d733f52808adb4a3ffe88949f7b7a8a243d5652a8952b53a1a9e4167"
"local-artifacts\output\delta_pipeline_2026-06_20260811\audit_test_pipeline_20260811\delta_vs_usbank\per_fund\XA_delta.csv","201121","6ed7eae46154d4070db59b70c984e7057c922c1d2ad27f6ccf67538e721e50f2"
"local-artifacts\output\delta_pipeline_2026-06_20260811\audit_test_pipeline_20260811\delta_vs_usbank\per_fund\XAGI_delta.csv","75832","93cb651e735e514d7e94b95f5b42deb6eca8adf84fdbb192c1cc5f62b6cce384"
"local-artifacts\output\delta_pipeline_2026-06_20260811\audit_test_pipeline_20260811\delta_vs_usbank\per_fund\XBIX_delta.csv","79094","4987eb3c285591272a09d4544a257759fb2076d0e4f36bfa146901a21931fe97"
"local-artifacts\output\delta_pipeline_2026-06_20260811\audit_test_pipeline_20260811\delta_vs_usbank\per_fund\XCOM_delta.csv","80006","a15a5851e7c60f54978db8e2dd317353b35d6d356a19eb32f6ab60450b552b1b"
"local-artifacts\output\delta_pipeline_2026-06_20260811\audit_test_pipeline_20260811\delta_vs_usbank\per_fund\XEUR_delta.csv","79768","cdd9f1f006994580569803f6860ed1cc1503ea27e34936a57704afab49d45f1c"
"local-artifacts\output\delta_pipeline_2026-06_20260811\audit_test_pipeline_20260811\delta_vs_usbank\per_fund\XHOA_delta.csv","80315","7e7bcc907b88925a1e5d2770fa8e70170bde952ee2c5ca0ac5f56797a20f8008"
"local-artifacts\output\delta_pipeline_2026-06_20260811\audit_test_pipeline_20260811\delta_vs_usbank\per_fund\XIWC_delta.csv","79370","a2c94034c6c0f187089c9e036684cddb2c8e576aa0b506bdb4c72fec1da63c6e"
"local-artifacts\output\delta_pipeline_2026-06_20260811\audit_test_pipeline_20260811\delta_vs_usbank\per_fund\XKRE_delta.csv","80505","4e735d0c85ac0b959391e34bc283821156c9889ca5f056da474cf65d00b3c2dd"
"local-artifacts\output\delta_pipeline_2026-06_20260811\audit_test_pipeline_20260811\delta_vs_usbank\per_fund\XLBX_delta.csv","78629","f3658a644ac9b50792325acfa52d418db2c738d33e44a2d310ea7e50fc3381c5"
"local-artifacts\output\delta_pipeline_2026-06_20260811\audit_test_pipeline_20260811\delta_vs_usbank\per_fund\XLEX_delta.csv","77492","32894c00528de00cff54b50fb1b7e163fb0fa3308c43f1fb361a6de1e3eb1a4e"
"local-artifacts\output\delta_pipeline_2026-06_20260811\audit_test_pipeline_20260811\delta_vs_usbank\per_fund\XLFX_delta.csv","78999","a915af85a303ed9ba7a5617d42ae1a25cdb2e6621c245430dafa0609be4fd9f7"
"local-artifacts\output\delta_pipeline_2026-06_20260811\audit_test_pipeline_20260811\delta_vs_usbank\per_fund\XLIX_delta.csv","80260","0aec3a90af4961e40ab2875fa6b0959581e2da1e81dc7d67f302a2927e4e2bfe"
"local-artifacts\output\delta_pipeline_2026-06_20260811\audit_test_pipeline_20260811\delta_vs_usbank\per_fund\XLKX_delta.csv","79008","1ce0be5d44bcb9d2747179eb3d00d909f5c00fb69f56d8247f385464ea64153b"
"local-artifacts\output\delta_pipeline_2026-06_20260811\audit_test_pipeline_20260811\delta_vs_usbank\per_fund\XLPX_delta.csv","81288","b984c8e4baeb7cb90e9969e6d96b95ada3e1098f10e1197f111f55e8eaa41842"
"local-artifacts\output\delta_pipeline_2026-06_20260811\audit_test_pipeline_20260811\delta_vs_usbank\per_fund\XLUX_delta.csv","78617","788a3160773a3980bcb36b4e08d4001fad6be4b68ce875fdc5af9f015d60b383"
"local-artifacts\output\delta_pipeline_2026-06_20260811\audit_test_pipeline_20260811\delta_vs_usbank\per_fund\XLVX_delta.csv","79010","42b15b4783b31947f7193516bd09ea31e6fe3357fc547cf864100709345d92a9"
"local-artifacts\output\delta_pipeline_2026-06_20260811\audit_test_pipeline_20260811\delta_vs_usbank\per_fund\XLYX_delta.csv","83581","e4ff240fa6ea6cf347e864d7ee1d6347b69009f2c98304248236e7b9c1df08aa"
"local-artifacts\output\delta_pipeline_2026-06_20260811\audit_test_pipeline_20260811\delta_vs_usbank\per_fund\XPAV_delta.csv","79662","75780f6a134adea937d3ce687edd791a3b4f20087512a7c26c6b2cc4ff31e131"
"local-artifacts\output\delta_pipeline_2026-06_20260811\audit_test_pipeline_20260811\delta_vs_usbank\per_fund\XSEM_delta.csv","81304","38cf2ce38fd17b2fdc09e9ebf62b0d4c0946649c80f0d2b4f3f9fe403701408c"
"local-artifacts\output\delta_pipeline_2026-06_20260811\audit_test_pipeline_20260811\delta_vs_usbank\per_fund\XTAI_delta.csv","76342","8073b7460a84afff2c36a54f33255e1f326c3e4d3c2bdf02b1fc72c40f988232"
"local-artifacts\output\delta_pipeline_2026-06_20260811\audit_test_pipeline_20260811\delta_vs_usbank\per_fund\XVO_delta.csv","77360","8a0287f63be17cd4f9c466d0b930d19a446a5ba84c47ab1ba1dafb8a89ce5923"
"local-artifacts\output\delta_pipeline_2026-06_20260811\audit_test_pipeline_20260811\delta_vs_usbank\per_fund\XVUG_delta.csv","77432","330c0c9de4dae99c8cc49fe529b37e14cabb16c90f08565dcef693de34f5cba7"
"local-artifacts\output\delta_pipeline_2026-06_20260811\audit_test_pipeline_20260811\delta_vs_usbank\per_fund\XW_delta.csv","79577","6663b05117d2667bd0111848238d1d5ac7a8f2a55255cf89dbbd9ed8350da60b"
"local-artifacts\output\delta_pipeline_2026-06_20260811\audit_test_pipeline_20260811\delta_vs_usbank\per_fund\YUNG_delta.csv","366465","7a0438183a27322948a77b5c2ae9172df1ffab2c77591fb6d94da7c206f6e4d1"
"local-artifacts\output\delta_pipeline_2026-06_20260811\audit_test_pipeline_20260811\delta_vs_usbank\priority_deltas.csv","6583535","358d9bc287586272a8e6cefdfd7d1bd340ef1eef3297b8a8fd9fe7ccd8639760"
"local-artifacts\output\delta_pipeline_2026-06_20260811\audit_test_pipeline_20260811\delta_vs_usbank\README.md","1397","3441b5530376c4f56709ff49bd28a6d868eae555f10181a45e40f4b0ca77fb5e"
"local-artifacts\output\delta_pipeline_2026-06_20260811\audit_test_pipeline_20260811\delta_vs_usbank\unmatched_funds.csv","4020","34f1c00044b83153cfcf119db9d46bf485f407f0247cbde41fa9542451a05798"
"local-artifacts\output\delta_pipeline_2026-06_20260811\audit_test_pipeline_20260811\internal_test_xml_104.zip","369785","b509ec49bc15f39815d490b55be5e442d399626a629e22565d3ca04b52d981a7"
"local-artifacts\output\delta_pipeline_2026-06_20260811\audit_test_pipeline_20260811\verification_summary.json","1429","df96702e2ad3b4f2fcacc212c5f1d11fa8dfc895d529a7a4e8bd85d2ead98d64"
"local-artifacts\output\delta_pipeline_2026-06_20260811\audit_test_pipeline_20260811\xml\ACLZ_2026-06.manifest.json","1443","0162bfa3810f7116176b6d100f4a5942be950232dde954435dd88645c4c3f7dd"
"local-artifacts\output\delta_pipeline_2026-06_20260811\audit_test_pipeline_20260811\xml\ACLZ_2026-06.xml","6568","ba32710e92d043312758afda37068354cd0944031cc87987ebeaf4446b2833a8"
"local-artifacts\output\delta_pipeline_2026-06_20260811\audit_test_pipeline_20260811\xml\ACMM_2026-06.manifest.json","1443","20df27c20fe7db824e32bf682db58f1899100798e780eebedf0f0dc2302a5c94"
"local-artifacts\output\delta_pipeline_2026-06_20260811\audit_test_pipeline_20260811\xml\ACMM_2026-06.xml","6545","3a1135da58f08f234b386f049c08f2aa250d1fb85ded45d216f29f8a4b4c968a"
"local-artifacts\output\delta_pipeline_2026-06_20260811\audit_test_pipeline_20260811\xml\AV_2026-06.manifest.json","1433","19409116939024f0250a7070c0dc081449be3a22ff98e5a36ad9bc41b9682f10"
"local-artifacts\output\delta_pipeline_2026-06_20260811\audit_test_pipeline_20260811\xml\AV_2026-06.xml","37126","c8efa2c922db502306865733fb83ae56d8f7a0bb964ca0ce0b05c53eb3277f90"
"local-artifacts\output\delta_pipeline_2026-06_20260811\audit_test_pipeline_20260811\xml\BAY_2026-06.manifest.json","1438","96fcf9cc90614d29ec0b5a81deb90f1c01a4acc469ef8d169f2a15c6ae15bf98"
"local-artifacts\output\delta_pipeline_2026-06_20260811\audit_test_pipeline_20260811\xml\BAY_2026-06.xml","53829","769b165a9fe61d20498d958ae4824d1ac3a711e6f6e069c805a340a1d9f378be"
"local-artifacts\output\delta_pipeline_2026-06_20260811\audit_test_pipeline_20260811\xml\BLCK_2026-06.manifest.json","1443","ed191544a0c37585104a61f0e49886605ec1fd159b3450f18accabbf0c770f90"
"local-artifacts\output\delta_pipeline_2026-06_20260811\audit_test_pipeline_20260811\xml\BLCK_2026-06.xml","32014","75c90e2654c7077ae0f16c5aac25a69fa8688d2d1f61f3e173fda8515037d9b2"
"local-artifacts\output\delta_pipeline_2026-06_20260811\audit_test_pipeline_20260811\xml\BREW_2026-06.manifest.json","1443","9c2cb38c00937cbbdaadc8171104ff71c1b937d48e044751fe8f04e4da723877"
"local-artifacts\output\delta_pipeline_2026-06_20260811\audit_test_pipeline_20260811\xml\BREW_2026-06.xml","20249","691c9cca169d18b5f61c2cd4430ef9e6ac58cdc6ac15478090846ad6ca4eeac4"
"local-artifacts\output\delta_pipeline_2026-06_20260811\audit_test_pipeline_20260811\xml\BRZX_2026-06.manifest.json","1443","d8d38a965f5b67501ca8dc34be4d302eb2367b6db4a51140af9f6234f8737bb4"
"local-artifacts\output\delta_pipeline_2026-06_20260811\audit_test_pipeline_20260811\xml\BRZX_2026-06.xml","6566","38297cf8eb9c360dceaeede31bc79533d504b95ca44c47e1491cc628703b3978"
"local-artifacts\output\delta_pipeline_2026-06_20260811\audit_test_pipeline_20260811\xml\BZZ_2026-06.manifest.json","1438","9063b2a684058b292e5076ce005bc7e87a036e03acc35b3359a2627d2f5d8b05"
"local-artifacts\output\delta_pipeline_2026-06_20260811\audit_test_pipeline_20260811\xml\BZZ_2026-06.xml","26209","153e0124449ece626e3f2852a9799aaa631e932259dbb6b1543b1ef516b82663"
"local-artifacts\output\delta_pipeline_2026-06_20260811\audit_test_pipeline_20260811\xml\CAMC_2026-06.manifest.json","1443","5e3a0b8f70db1727ddd45151d610dbd3efa01a8e00943cc16a068f49106f7d78"
"local-artifacts\output\delta_pipeline_2026-06_20260811\audit_test_pipeline_20260811\xml\CAMC_2026-06.xml","6523","edf04921de1b20e65240fde992c2b27e3a03b32b50ed5c0b062d7802d3d90c40"
"local-artifacts\output\delta_pipeline_2026-06_20260811\audit_test_pipeline_20260811\xml\CARX_2026-06.manifest.json","1443","d935fedf08e5395270e1f4e26c2b6330f7722703adbaff3ddeee835166eaca5a"
"local-artifacts\output\delta_pipeline_2026-06_20260811\audit_test_pipeline_20260811\xml\CARX_2026-06.xml","6532","6e4ca5463fb7ce7632ca56b5e6e0c73cdb7f93e70892259f1b986fc1ef1d5162"
"local-artifacts\output\delta_pipeline_2026-06_20260811\audit_test_pipeline_20260811\xml\CBIL_2026-06.manifest.json","1443","dbc83ceab7caf197adfbe9ed662298c8f035d319b51bf63163499370b217c691"
"local-artifacts\output\delta_pipeline_2026-06_20260811\audit_test_pipeline_20260811\xml\CBIL_2026-06.xml","32104","f21ffba601052766c65fb170417bd1330ca33830a066e321afb7c114bdb3349a"
"local-artifacts\output\delta_pipeline_2026-06_20260811\audit_test_pipeline_20260811\xml\CBOT_2026-06.manifest.json","1443","efad69917626c5e4565cffbd3134136c130a069ba8ba005c55c1ea142c7359ec"
"local-artifacts\output\delta_pipeline_2026-06_20260811\audit_test_pipeline_20260811\xml\CBOT_2026-06.xml","24391","78537b0deb38145c3950283ef9b34e955abb63e96a5f4acd0188f64c8f58c5d9"
"local-artifacts\output\delta_pipeline_2026-06_20260811\audit_test_pipeline_20260811\xml\CCPX_2026-06.manifest.json","1443","7b7e5ba98138b7705b88c3a89c19ec1611e745c0279fb47ce1e5589295da1662"
"local-artifacts\output\delta_pipeline_2026-06_20260811\audit_test_pipeline_20260811\xml\CCPX_2026-06.xml","6584","3cf04399bd98f6e48e4259d57a2e578a4f5f0482553f7eb2cf03dbd6558ccc2f"
"local-artifacts\output\delta_pipeline_2026-06_20260811\audit_test_pipeline_20260811\xml\CGOV_2026-06.manifest.json","1443","91d892a37242b72c416980effd9b2179b9f22922a9db980ca35c6a02ccd86a4d"
"local-artifacts\output\delta_pipeline_2026-06_20260811\audit_test_pipeline_20260811\xml\CGOV_2026-06.xml","29676","84a918aec7ee7d09cbe4850df74e919a9ccd6f97db849c9ee0f28c8ebbb6f916"
"local-artifacts\output\delta_pipeline_2026-06_20260811\audit_test_pipeline_20260811\xml\CHYG_2026-06.manifest.json","1443","16ff07bac825ad89f5f095bfc2ff6391a205de2d6e00218940022fe686ef94ff"
"local-artifacts\output\delta_pipeline_2026-06_20260811\audit_test_pipeline_20260811\xml\CHYG_2026-06.xml","178648","f9feb8a189064c7a3ec1d5ccaf1ed44a43eb51937a7199a329897c7b999a4d27"
"local-artifacts\output\delta_pipeline_2026-06_20260811\audit_test_pipeline_20260811\xml\CIEI_2026-06.manifest.json","1443","17f3c0575879ef0ebb8c1b9d3b7e37d300c902bde310274d03e4aefa4982ffbc"
"local-artifacts\output\delta_pipeline_2026-06_20260811\audit_test_pipeline_20260811\xml\CIEI_2026-06.xml","117230","3ae40738117f2670925febf18f320cb8401f4429cb1e9a280a06c865851221e5"
"local-artifacts\output\delta_pipeline_2026-06_20260811\audit_test_pipeline_20260811\xml\CIVG_2026-06.manifest.json","1443","0c0565ea6d06151d4d58c38a1b8d882a29ab0e7c640d34cd778e946c960c35ce"
"local-artifacts\output\delta_pipeline_2026-06_20260811\audit_test_pipeline_20260811\xml\CIVG_2026-06.xml","185040","4809438424597102619ee3cfb407c37f229e278a46d448bc2857f2932263fa33"
"local-artifacts\output\delta_pipeline_2026-06_20260811\audit_test_pipeline_20260811\xml\CJUN_2026-06.manifest.json","1443","23954fe8f29f8146f29a20f3fcafc1c8e581b6d28360e87f8ef64d255a15b2c3"
"local-artifacts\output\delta_pipeline_2026-06_20260811\audit_test_pipeline_20260811\xml\CJUN_2026-06.xml","12655","4a90fa00d9fb4851dae22718f7f7d6fa3fd00c52de351519fb8af8f00897236d"
"local-artifacts\output\delta_pipeline_2026-06_20260811\audit_test_pipeline_20260811\xml\CMAG_2026-06.manifest.json","1443","45caa91f8bc8360b25a6dc99e338759bc0bf90cd82501da93089200f6ea96853"
"local-artifacts\output\delta_pipeline_2026-06_20260811\audit_test_pipeline_20260811\xml\CMAG_2026-06.xml","26903","d22f15ab46a819cd86a68cdff86e0a501a23a0e059421635b1c5ef3a31192d2c"
"local-artifacts\output\delta_pipeline_2026-06_20260811\audit_test_pipeline_20260811\xml\CMAY_2026-06.manifest.json","1443","5ea60c74b037ca4262ec2f192957be6e31d7f0da7892aeaf4b29ecd62770e800"
"local-artifacts\output\delta_pipeline_2026-06_20260811\audit_test_pipeline_20260811\xml\CMAY_2026-06.xml","12679","80a76fa889d2ceb3a47d0bf716f7f9c95cb337670cbfa41e15b5d8aa8fdb8b48"
"local-artifacts\output\delta_pipeline_2026-06_20260811\audit_test_pipeline_20260811\xml\CQTM_2026-06.manifest.json","1443","1f68f172fc4d653c9b419fcc4b29b67f03efc37fb738c2ab10716837e95f4f98"
"local-artifacts\output\delta_pipeline_2026-06_20260811\audit_test_pipeline_20260811\xml\CQTM_2026-06.xml","19498","d1eadb3b25d18d28073689997cb3c9b24d36c5914bd944abe91d9843c93f5e2e"
"local-artifacts\output\delta_pipeline_2026-06_20260811\audit_test_pipeline_20260811\xml\CRUC_2026-06.manifest.json","1443","8b7040f3beb199c98f655db395e0024368422514764bcbd902c23589e071cddf"
"local-artifacts\output\delta_pipeline_2026-06_20260811\audit_test_pipeline_20260811\xml\CRUC_2026-06.xml","6545","c1164eb19da1fac1cd276bb9a0ef2468bab02b9a0536169b001f5556081e24bb"
"local-artifacts\output\delta_pipeline_2026-06_20260811\audit_test_pipeline_20260811\xml\CTJN_2026-06.manifest.json","1443","20ba66d1e1b368424fb3861a795c269b6fdef48a125bde24a0bcf6029db8d3b8"
"local-artifacts\output\delta_pipeline_2026-06_20260811\audit_test_pipeline_20260811\xml\CTJN_2026-06.xml","12656","6041466db3f2cd3eab8161195e89ee364097926b2d56dfb973de4c81b64ac8c2"
"local-artifacts\output\delta_pipeline_2026-06_20260811\audit_test_pipeline_20260811\xml\CTMA_2026-06.manifest.json","1443","7e8364af9c6f0db807ef72ae631318ee8bc7cb163890360eb487ed75ecddec71"
"local-artifacts\output\delta_pipeline_2026-06_20260811\audit_test_pipeline_20260811\xml\CTMA_2026-06.xml","12673","ba29d066a47ff6434f3f0da3095b95e59498e7db213e31293d5b3208334f0da8"
"local-artifacts\output\delta_pipeline_2026-06_20260811\audit_test_pipeline_20260811\xml\CUST_2026-06.manifest.json","1443","49336f3b52b702782290d9e3542497a80a92caad5f7d4bda1d9d5a3f2ff9f306"
"local-artifacts\output\delta_pipeline_2026-06_20260811\audit_test_pipeline_20260811\xml\CUST_2026-06.xml","118488","356b92fcbee89e1bf94e66f42a91ed8436d7d657dde33f80681bf1a1a2828858"
"local-artifacts\output\delta_pipeline_2026-06_20260811\audit_test_pipeline_20260811\xml\DIPR_2026-06.manifest.json","1443","a35523967496ce5d1716852a1a303eec576e16ea09731e566450110f65908842"
"local-artifacts\output\delta_pipeline_2026-06_20260811\audit_test_pipeline_20260811\xml\DIPR_2026-06.xml","28783","89b5a683c4005fc64fcf25dee490e0797ed660dde8228003c456c4b994f46d55"
"local-artifacts\output\delta_pipeline_2026-06_20260811\audit_test_pipeline_20260811\xml\DOCK_2026-06.manifest.json","1443","2b5d29906dc8b0e8fd91f7bee9377c8195967b503ce15ffe0a140ab9659184e7"
"local-artifacts\output\delta_pipeline_2026-06_20260811\audit_test_pipeline_20260811\xml\DOCK_2026-06.xml","42386","d7d9e60dddc09343517cbac7bad9ee1abfd134a6c36c507a706c5524afceb30c"
"local-artifacts\output\delta_pipeline_2026-06_20260811\audit_test_pipeline_20260811\xml\EMJN_2026-06.manifest.json","1443","0d19254aea23961163ac18545b233ba0e6d6af864e6e663dac36c76f8a1d615a"
"local-artifacts\output\delta_pipeline_2026-06_20260811\audit_test_pipeline_20260811\xml\EMJN_2026-06.xml","12664","b0019835af5016da1b56f2039f6391b19dca1948e2ab89d1c200bacf62327566"
"local-artifacts\output\delta_pipeline_2026-06_20260811\audit_test_pipeline_20260811\xml\EMMY_2026-06.manifest.json","1443","ceb7e5e99acc2e24161f102e2e6e5672c255b0f9ce7933b29cd6c5fa537f7480"
"local-artifacts\output\delta_pipeline_2026-06_20260811\audit_test_pipeline_20260811\xml\EMMY_2026-06.xml","12670","25641e184a5ec19639522224c70a10e8d22ee9163aa4cc0f0a4aaf6bb52af739"
"local-artifacts\output\delta_pipeline_2026-06_20260811\audit_test_pipeline_20260811\xml\EMXX_2026-06.manifest.json","1443","aa616150fe78c833b4843335521005cdd0a2badc41d4b07ccfba717f7409ed62"
"local-artifacts\output\delta_pipeline_2026-06_20260811\audit_test_pipeline_20260811\xml\EMXX_2026-06.xml","6631","565ea7f03241aa87324c53d7d1d68709e5890b433b727c5a411b9a2fcaa61202"
"local-artifacts\output\delta_pipeline_2026-06_20260811\audit_test_pipeline_20260811\xml\EUV_2026-06.manifest.json","1438","c192ef75da5cc5b5b2789f5eba3692b9d420fceeddf82dc1ff46126e934b586f"
"local-artifacts\output\delta_pipeline_2026-06_20260811\audit_test_pipeline_20260811\xml\EUV_2026-06.xml","37346","b570efd2923270c14e45b61bd32efbb773ffa9ab38a40bf6b7744f51d76ea3e5"
"local-artifacts\output\delta_pipeline_2026-06_20260811\audit_test_pipeline_20260811\xml\EUVX_2026-06.manifest.json","1443","be3507909bf3e1f1092a00bd230da7cae0e93707dd2ac742c926fae5d2a14d8d"
"local-artifacts\output\delta_pipeline_2026-06_20260811\audit_test_pipeline_20260811\xml\EUVX_2026-06.xml","6630","481e7ee739819f610a0d976c0518f5e3790c13030fafd7f12bcd1e0a84639ca9"
"local-artifacts\output\delta_pipeline_2026-06_20260811\audit_test_pipeline_20260811\xml\EYES_2026-06.manifest.json","1443","e7ecfb027ee81e0836323161baf7a7a9c788f0f952611856bae3da131d8b0cd9"
"local-artifacts\output\delta_pipeline_2026-06_20260811\audit_test_pipeline_20260811\xml\EYES_2026-06.xml","32940","8c2ef0eba423805111ab4aae5d78cc75ae89909c37ed85dbc54d3cce275d5217"
"local-artifacts\output\delta_pipeline_2026-06_20260811\audit_test_pipeline_20260811\xml\FDRS_2026-06.manifest.json","1443","fe3d46922f0733dd1209d2ea37527ac3e0198325cf1188fbffe62d65177474fe"
"local-artifacts\output\delta_pipeline_2026-06_20260811\audit_test_pipeline_20260811\xml\FDRS_2026-06.xml","46597","f9572fc770df4444dd9deb5132d816c3422c8dac93835d41918fc56d9e2aa706"
"local-artifacts\output\delta_pipeline_2026-06_20260811\audit_test_pipeline_20260811\xml\FDRX_2026-06.manifest.json","1443","01436dca1948c952d3854128dcd9bdcbc38817ff46153e54e90174e8d1ff1379"
"local-artifacts\output\delta_pipeline_2026-06_20260811\audit_test_pipeline_20260811\xml\FDRX_2026-06.xml","6538","d33dde217f72b83812b45f0e6383e897e392ffb97eb728e23e88f5ff212be4a5"
"local-artifacts\output\delta_pipeline_2026-06_20260811\audit_test_pipeline_20260811\xml\GASZ_2026-06.manifest.json","1443","66bddc0bc56bff83a34611ed52275419954c20181c68153c78f665bf68376cb5"
"local-artifacts\output\delta_pipeline_2026-06_20260811\audit_test_pipeline_20260811\xml\GASZ_2026-06.xml","22756","24aa12383de331a00f63dec948f87b594d916c70df17616a398f704c35181f18"
"local-artifacts\output\delta_pipeline_2026-06_20260811\audit_test_pipeline_20260811\xml\GLAM_2026-06.manifest.json","1443","728aac48f2f768a511c4d38b6bfc9c732f78e6db03195d9f49dd197c9a375b3b"
"local-artifacts\output\delta_pipeline_2026-06_20260811\audit_test_pipeline_20260811\xml\GLAM_2026-06.xml","25399","31e9d3e959b579bbe6fb9374c2db0b228c1e77cc20bceec9e7371e38572f0c61"
"local-artifacts\output\delta_pipeline_2026-06_20260811\audit_test_pipeline_20260811\xml\GNMX_2026-06.manifest.json","1443","2e166c9a013becf72438b93bb8cc7f17ed2dc0156ff32cdd4040e02cc9ad7cc5"
"local-artifacts\output\delta_pipeline_2026-06_20260811\audit_test_pipeline_20260811\xml\GNMX_2026-06.xml","53548","effbbcfe92a68d25ce1826551d255a462c25168f89cc2e116a206f5431bd6c9d"
"local-artifacts\output\delta_pipeline_2026-06_20260811\audit_test_pipeline_20260811\xml\HJUN_2026-06.manifest.json","1443","a89daa0b4dc099ab4449a8f93b3a1083afc43a72272cdc93e33e7fbb5d0f2be4"
"local-artifacts\output\delta_pipeline_2026-06_20260811\audit_test_pipeline_20260811\xml\HJUN_2026-06.xml","10845","402a31442d92c32edbb2409a99e100367eb28036e6e1108b654682d6b74621e2"
"local-artifacts\output\delta_pipeline_2026-06_20260811\audit_test_pipeline_20260811\xml\HMAY_2026-06.manifest.json","1443","a423044c5bd907ae34679f4a1cb6916ce726dced16517050817543a22dd56012"
"local-artifacts\output\delta_pipeline_2026-06_20260811\audit_test_pipeline_20260811\xml\HMAY_2026-06.xml","10855","cda753e9d29eb36c38b8182848206d3eb435698cb5c653e5afdfaeb4f0692638"
"local-artifacts\output\delta_pipeline_2026-06_20260811\audit_test_pipeline_20260811\xml\HULL_2026-06.manifest.json","1443","85a57138f0ba6552a84647a95e544f88b920db79aedc0361076a60b95ffa8c5a"
"local-artifacts\output\delta_pipeline_2026-06_20260811\audit_test_pipeline_20260811\xml\HULL_2026-06.xml","39759","bea0f304c1ce95e05836efcfd94c3d8c4d2297b2c8dc3e150b7f610c56c18e36"
"local-artifacts\output\delta_pipeline_2026-06_20260811\audit_test_pipeline_20260811\xml\IDJN_2026-06.manifest.json","1443","c0ecd71282260e2376ce91eafd4c9c311a54289175f1c6c3714df287ba5f9f31"
"local-artifacts\output\delta_pipeline_2026-06_20260811\audit_test_pipeline_20260811\xml\IDJN_2026-06.xml","12669","a4b8230091597636412b35cb1b43e6e7287504533b6f305a7890ff4751e0fcff"
"local-artifacts\output\delta_pipeline_2026-06_20260811\audit_test_pipeline_20260811\xml\IDMY_2026-06.manifest.json","1443","969ed8ca8ce52c158c05e43c579c3c8ff02a0a4744077f3159d299038ee8a7a9"
"local-artifacts\output\delta_pipeline_2026-06_20260811\audit_test_pipeline_20260811\xml\IDMY_2026-06.xml","12683","6bdaa4c0d1cf72a6f656d972a9d64602853620cea4c20c0ac1296cd92621f80a"
"local-artifacts\output\delta_pipeline_2026-06_20260811\audit_test_pipeline_20260811\xml\JOUL_2026-06.manifest.json","1443","f1f166ada3ac18a6e1590b99c21b43593ded621292023f35868eedf329e385f0"
"local-artifacts\output\delta_pipeline_2026-06_20260811\audit_test_pipeline_20260811\xml\JOUL_2026-06.xml","20284","6fb629d572333590313a2824e732c7d37413e3d6b0e6b524ae7baf43294f6af2"
"local-artifacts\output\delta_pipeline_2026-06_20260811\audit_test_pipeline_20260811\xml\JUNC_2026-06.manifest.json","1443","c04f1b25ee3046061816552210c1962dd07faa28909907535b7596b332f0a44a"
"local-artifacts\output\delta_pipeline_2026-06_20260811\audit_test_pipeline_20260811\xml\JUNC_2026-06.xml","12658","d831d22b90568e7614c881c4657ed45ae71f1081ad90176aa7b36a18d92efc32"
"local-artifacts\output\delta_pipeline_2026-06_20260811\audit_test_pipeline_20260811\xml\KEYX_2026-06.manifest.json","1443","04ee564718f9e51f0f5c7a992e91ce76b90896b4574a290e7d6907d0e61e17ef"
"local-artifacts\output\delta_pipeline_2026-06_20260811\audit_test_pipeline_20260811\xml\KEYX_2026-06.xml","6571","6e8b1e8f4694074667afa092f8852d492417746dceb0267d82a46c48d207d10a"
"local-artifacts\output\delta_pipeline_2026-06_20260811\audit_test_pipeline_20260811\xml\KRWX_2026-06.manifest.json","1443","1cd4e4911740a890f32f6ef22b70a6f9973ae3a73c4b9190c42b8e5078cac8db"
"local-artifacts\output\delta_pipeline_2026-06_20260811\audit_test_pipeline_20260811\xml\KRWX_2026-06.xml","9043","fe3f5ea3e382284c9a3d86947fb56270f6500776c1e62a81c607b26524e7b656"
"local-artifacts\output\delta_pipeline_2026-06_20260811\audit_test_pipeline_20260811\xml\KYC_2026-06.manifest.json","1438","17fa1e0a64bc893d32f0ebe8a489da8ac38231ad94302ef8792d5c20a8665c89"
"local-artifacts\output\delta_pipeline_2026-06_20260811\audit_test_pipeline_20260811\xml\KYC_2026-06.xml","51416","82f16459534f921274a3c35e966572d1ccabae087eb1a8e7c8bd17b19e78a44f"
"local-artifacts\output\delta_pipeline_2026-06_20260811\audit_test_pipeline_20260811\xml\LASC_2026-06.manifest.json","1443","65388f196d95c46a9aba2654bf49143f977db372be27496e75ec0d95ccf8a16d"
"local-artifacts\output\delta_pipeline_2026-06_20260811\audit_test_pipeline_20260811\xml\LASC_2026-06.xml","6526","0c64c83a540bccb5d0b83c84977ac7b7f75cf59c3439e461ea520cb03699fafc"
"local-artifacts\output\delta_pipeline_2026-06_20260811\audit_test_pipeline_20260811\xml\LATR_2026-06.manifest.json","1443","435ac27d6cfec5b5a63127864b3b8fab9e02f1617e7d971853a74ab8f17f6f4f"
"local-artifacts\output\delta_pipeline_2026-06_20260811\audit_test_pipeline_20260811\xml\LATR_2026-06.xml","21839","b40009ea498b79319bb397985539c6a69fe0c64f838d3943dc48200b7c4e2c6b"
"local-artifacts\output\delta_pipeline_2026-06_20260811\audit_test_pipeline_20260811\xml\LRNX_2026-06.manifest.json","1443","3e530126db86b6c79967182cdfbdf31acf25ac401b79d018ca173cf0896dc375"
"local-artifacts\output\delta_pipeline_2026-06_20260811\audit_test_pipeline_20260811\xml\LRNX_2026-06.xml","6525","2352c7d2c94856d70c59de6a36d59814f4664e80d10ddf8219d72486e63f5812"
"local-artifacts\output\delta_pipeline_2026-06_20260811\audit_test_pipeline_20260811\xml\MAYC_2026-06.manifest.json","1443","39551d04e5a77865c9ca739cdf645484bebebaf83a05e9793184a002627cbd44"
"local-artifacts\output\delta_pipeline_2026-06_20260811\audit_test_pipeline_20260811\xml\MAYC_2026-06.xml","12673","be2ced94b5da40056bfd40216fc7e707a3574dfaf00711dfb6124526d841dcd8"
"local-artifacts\output\delta_pipeline_2026-06_20260811\audit_test_pipeline_20260811\xml\MGKX_2026-06.manifest.json","1443","b66de81f26b7b8e9cc0d2fe4fa5191b5472186530872f729cc98c4b1ec5e502e"
"local-artifacts\output\delta_pipeline_2026-06_20260811\audit_test_pipeline_20260811\xml\MGKX_2026-06.xml","6619","aed667fa619c01b2d59629eb9eaa927252a847cd0027b94ceaf3e0e7d044b3a4"
"local-artifacts\output\delta_pipeline_2026-06_20260811\audit_test_pipeline_20260811\xml\MNSX_2026-06.manifest.json","1443","05a811710117b7926111521022a2c87220c5bec72644666649bf830e79ad8f51"
"local-artifacts\output\delta_pipeline_2026-06_20260811\audit_test_pipeline_20260811\xml\MNSX_2026-06.xml","6574","09ebb55f8323dc57628707bb10b51aaf214d99d6104edd6cd7a0b3a6421dbcf0"
"local-artifacts\output\delta_pipeline_2026-06_20260811\audit_test_pipeline_20260811\xml\MSIX_2026-06.manifest.json","1443","1469bc7d35e65e7db9ee4e567171637e86260724c9321d74e932431feb644824"
"local-artifacts\output\delta_pipeline_2026-06_20260811\audit_test_pipeline_20260811\xml\MSIX_2026-06.xml","6561","e8d6628206b629562550fbc7b9de920aabed74df389463848b9910c6a3f0f045"
"local-artifacts\output\delta_pipeline_2026-06_20260811\audit_test_pipeline_20260811\xml\NYNY_2026-06.manifest.json","1443","07cc9d3c6adc13c622b3bb14e8debe87273ab49956de16d66e99abe0f4f7400f"
"local-artifacts\output\delta_pipeline_2026-06_20260811\audit_test_pipeline_20260811\xml\NYNY_2026-06.xml","52391","2eece8b3b3d18b57cb93d66e416bda895de2ea0e25cfe1f57b6ecdec2238c907"
"local-artifacts\output\delta_pipeline_2026-06_20260811\audit_test_pipeline_20260811\xml\ODDZ_2026-06.manifest.json","1443","57d5e6671845ea6b9b91a29c2598224b402dcdff8c0660ec0291a2943ff74f00"
"local-artifacts\output\delta_pipeline_2026-06_20260811\audit_test_pipeline_20260811\xml\ODDZ_2026-06.xml","24633","4bc33e553d7497261c146a1e17924aae2504f08d70e512c9412093b9f3f705a5"
"local-artifacts\output\delta_pipeline_2026-06_20260811\audit_test_pipeline_20260811\xml\ONTX_2026-06.manifest.json","1443","95a73eb27426fc2384238c3fa9c19ec5f9ed7abf4900b2cdcc3198681bce0d94"
"local-artifacts\output\delta_pipeline_2026-06_20260811\audit_test_pipeline_20260811\xml\ONTX_2026-06.xml","6551","6519dab883a830adf5af8c90e12a5063d105ad5b2aaef213367970954cbdea7c"
"local-artifacts\output\delta_pipeline_2026-06_20260811\audit_test_pipeline_20260811\xml\OWN_2026-06.manifest.json","1438","453ec3914fe8961e2078e5331ff33f64f6ad18e83571e529782890f1b9d0247d"
"local-artifacts\output\delta_pipeline_2026-06_20260811\audit_test_pipeline_20260811\xml\OWN_2026-06.xml","88642","64b43ddedece630e544dbca11e18b3576bb06dd5fd3db888b23edd8714191ef8"
"local-artifacts\output\delta_pipeline_2026-06_20260811\audit_test_pipeline_20260811\xml\PTNT_2026-06.manifest.json","1443","92f232433152644c9de89096ba995d1b543ae76840219271dc26dff252204dd7"
"local-artifacts\output\delta_pipeline_2026-06_20260811\audit_test_pipeline_20260811\xml\PTNT_2026-06.xml","29518","6d3ba320796850e44f9f60890378d571e3b820524aabb9f4a6551456879d2acf"
"local-artifacts\output\delta_pipeline_2026-06_20260811\audit_test_pipeline_20260811\xml\QJN_2026-06.manifest.json","1438","7b4a85ea126ed047ff233bd175b4b7fa5896f47ef77d833ca22c4700d9f0fc19"
"local-artifacts\output\delta_pipeline_2026-06_20260811\audit_test_pipeline_20260811\xml\QJN_2026-06.xml","12662","cf18a0633bc7d76052912b6bd9107dfd4c1c0527288fe64c6d74cc3be680d6da"
"local-artifacts\output\delta_pipeline_2026-06_20260811\audit_test_pipeline_20260811\xml\QMY_2026-06.manifest.json","1438","5297a3277e10136bd00978f8290a63670c18fe622a8361e6472774c3730dd18f"
"local-artifacts\output\delta_pipeline_2026-06_20260811\audit_test_pipeline_20260811\xml\QMY_2026-06.xml","12674","2d8bf22edddf8fc5b81f543f85a4ca5bf9b0d684991cc414c01dd4a5eb95cc22"
"local-artifacts\output\delta_pipeline_2026-06_20260811\audit_test_pipeline_20260811\xml\QQJN_2026-06.manifest.json","1443","9b9fbb2777b764e431f0ff2ee310207253e35ae914c0ffe251e86dac44c924f4"
"local-artifacts\output\delta_pipeline_2026-06_20260811\audit_test_pipeline_20260811\xml\QQJN_2026-06.xml","12672","4d5e0ed16f259f7ff3636235d35bff3972eec13c6ba3bb590eebc9d9cd23259c"
"local-artifacts\output\delta_pipeline_2026-06_20260811\audit_test_pipeline_20260811\xml\QQMY_2026-06.manifest.json","1443","07fcfc21215a55774e8c54feafa032d2a82ab9812adac47b3cc4ada7ad776cd7"
"local-artifacts\output\delta_pipeline_2026-06_20260811\audit_test_pipeline_20260811\xml\QQMY_2026-06.xml","12685","01bf5b8995de85cc1aa77e3842c72abdb6751d60891f30916b809b5f9f66d08c"
"local-artifacts\output\delta_pipeline_2026-06_20260811\audit_test_pipeline_20260811\xml\RMBC_2026-06.manifest.json","1443","8aa54bea18b5fea2383c1369163ab0cafada57174159b465d410ed2838753678"
"local-artifacts\output\delta_pipeline_2026-06_20260811\audit_test_pipeline_20260811\xml\RMBC_2026-06.xml","6523","39c650f98cbda4f4c7d303c68ac356d1e4c14371c168b12c038113154ea2ee0b"
"local-artifacts\output\delta_pipeline_2026-06_20260811\audit_test_pipeline_20260811\xml\SCJN_2026-06.manifest.json","1443","0cafb7fa1a265db0be48260372131ff025ff2366f95e3ff6875e6a8ec32c5fc1"
"local-artifacts\output\delta_pipeline_2026-06_20260811\audit_test_pipeline_20260811\xml\SCJN_2026-06.xml","12655","e20cb4c7e42850b0776164193747e944d6a8ceb2d8174a1cbac4f328fc2fbdba"
"local-artifacts\output\delta_pipeline_2026-06_20260811\audit_test_pipeline_20260811\xml\SCMY_2026-06.manifest.json","1443","89e562a833902c172e726404e652f2ef50d06d1b9ba6f1a8303a67e72de28e97"
"local-artifacts\output\delta_pipeline_2026-06_20260811\audit_test_pipeline_20260811\xml\SCMY_2026-06.xml","12663","9b26986a4a54bdca885023153c8a951f254afde1cf7e719357b1bc1ef599389d"
"local-artifacts\output\delta_pipeline_2026-06_20260811\audit_test_pipeline_20260811\xml\SIMX_2026-06.manifest.json","1443","15ef69c3260d5d5197426d7c6c5b96f37a02f4e4cc5f022d8cf93ea18628567b"
"local-artifacts\output\delta_pipeline_2026-06_20260811\audit_test_pipeline_20260811\xml\SIMX_2026-06.xml","6601","6f1710774e8006e89ab2d47044f89e6addc214f37e1e25a1d46aa8ba5ad9b1db"
"local-artifacts\output\delta_pipeline_2026-06_20260811\audit_test_pipeline_20260811\xml\STYL_2026-06.manifest.json","1443","2dbdff37605ea1a59dd76f42516b1df8ab28a928c667d8a05810d361c3b90651"
"local-artifacts\output\delta_pipeline_2026-06_20260811\audit_test_pipeline_20260811\xml\STYL_2026-06.xml","43795","63163dc8de37fbc077f15f7401056e7d158978919dd7d0c893ff89dae1b86be7"
"local-artifacts\output\delta_pipeline_2026-06_20260811\audit_test_pipeline_20260811\xml\TAJX_2026-06.manifest.json","1443","f84e8e02dc0ffbc1aa24c67b26e2c0029f3c5783e17274257a62eb621dd56c5c"
"local-artifacts\output\delta_pipeline_2026-06_20260811\audit_test_pipeline_20260811\xml\TAJX_2026-06.xml","6563","049b8ca5df38bd8b44caebcad459d209371fa6e4cbbef9e31c1cefe6e000d7ee"
"local-artifacts\output\delta_pipeline_2026-06_20260811\audit_test_pipeline_20260811\xml\TPLX_2026-06.manifest.json","1443","a4f97f42dfbb870d816f4e1d99ba6135d6bfb42cf24d43c1d951745a6b5e08c5"
"local-artifacts\output\delta_pipeline_2026-06_20260811\audit_test_pipeline_20260811\xml\TPLX_2026-06.xml","6579","142e897ec25fd3c0dfbc6a6d2897173b17cdc654837e1dbd8af1060d4cd3759b"
"local-artifacts\output\delta_pipeline_2026-06_20260811\audit_test_pipeline_20260811\xml\UMCX_2026-06.manifest.json","1443","4addbc7f49fde4976a46469ec715b2d32bfb734e78fdb3a6def7a06e77b95863"
"local-artifacts\output\delta_pipeline_2026-06_20260811\audit_test_pipeline_20260811\xml\UMCX_2026-06.xml","6595","4b7d612aa5af62fae1b0d4dcca61586da3b1a74359bfa67948033be644f82547"
"local-artifacts\output\delta_pipeline_2026-06_20260811\audit_test_pipeline_20260811\xml\USX_2026-06.manifest.json","1438","030655a16a3b21b8df1010a832942f557c78efad8479ada25c695953c7f1a07d"
"local-artifacts\output\delta_pipeline_2026-06_20260811\audit_test_pipeline_20260811\xml\USX_2026-06.xml","6653","d5358b32f6a24ce0a4987703671fb3d69ce58d99316a917e45c98dff86158e3e"
"local-artifacts\output\delta_pipeline_2026-06_20260811\audit_test_pipeline_20260811\xml\VBX_2026-06.manifest.json","1438","c4e9c94323db7ff5dd6ade0207fbe4e433f43663a064a6bbed061bb6199c3db7"
"local-artifacts\output\delta_pipeline_2026-06_20260811\audit_test_pipeline_20260811\xml\VBX_2026-06.xml","6630","3bce5bf13d0222d0274790c92726cbb6177fa3f205402dd7c9b422c180860c2b"
"local-artifacts\output\delta_pipeline_2026-06_20260811\audit_test_pipeline_20260811\xml\VOOX_2026-06.manifest.json","1443","6119470dc38598f94282723e82c14a704ed3e9fdbb40bb6061e94f0a71dd0057"
"local-artifacts\output\delta_pipeline_2026-06_20260811\audit_test_pipeline_20260811\xml\VOOX_2026-06.xml","6577","d929af9f773ee94942fffbbfc8066cb1c90a460da4d39b10841e86848ed1f3bb"
"local-artifacts\output\delta_pipeline_2026-06_20260811\audit_test_pipeline_20260811\xml\WATS_2026-06.manifest.json","1443","06921d082edecfbdc1a9963030fb1c1d2f9961777db9d25aa5c6c027fc976ef8"
"local-artifacts\output\delta_pipeline_2026-06_20260811\audit_test_pipeline_20260811\xml\WATS_2026-06.xml","23657","49902bb58f79bd770269b7e84fd3e0e5da2257001a66e30da834853d93229cef"
"local-artifacts\output\delta_pipeline_2026-06_20260811\audit_test_pipeline_20260811\xml\WEBX_2026-06.manifest.json","1443","5bdf7382fae7d6603736ed32681b9b6326c83e7b17b0d4f7d4e71e9d3db1f7d9"
"local-artifacts\output\delta_pipeline_2026-06_20260811\audit_test_pipeline_20260811\xml\WEBX_2026-06.xml","6604","75620c9634592479ecb3b0b743ee050c0e95312857ad3824fd745ce0b4b020ee"
"local-artifacts\output\delta_pipeline_2026-06_20260811\audit_test_pipeline_20260811\xml\WNDR_2026-06.manifest.json","1443","2d3840a02c78b8cc88493d945ac9dbe8e68814be11bbdfdd75dcf922e751406e"
"local-artifacts\output\delta_pipeline_2026-06_20260811\audit_test_pipeline_20260811\xml\WNDR_2026-06.xml","52926","c84e7a9bcd9b2cf39115ed19422c7ff4f37de6368405853c21ea189eb71e6d52"
"local-artifacts\output\delta_pipeline_2026-06_20260811\audit_test_pipeline_20260811\xml\WR_2026-06.manifest.json","1433","f390b63a522ffde215682cfb660bbcf8ef83ef45ca8965fafe7d771cdddf1860"
"local-artifacts\output\delta_pipeline_2026-06_20260811\audit_test_pipeline_20260811\xml\WR_2026-06.xml","51656","da05247d93a7fea516ea5eb02acd630e3fde1e11bc1aa835a033c5e2aaa8b3b1"
"local-artifacts\output\delta_pipeline_2026-06_20260811\audit_test_pipeline_20260811\xml\WX_2026-06.manifest.json","1433","490b0062ca4d83e9d8399ccea030c44c9271cfe22650ff427e6416fb91896085"
"local-artifacts\output\delta_pipeline_2026-06_20260811\audit_test_pipeline_20260811\xml\WX_2026-06.xml","6647","c0142935ab54498f21e96ae260ebb3203dcb7dc01893697a2e46337d52a073f7"
"local-artifacts\output\delta_pipeline_2026-06_20260811\audit_test_pipeline_20260811\xml\XA_2026-06.manifest.json","1433","d83717ea0aa7fe1b96ed85e922846f532fbcdfafc2dafe6e8c285c8087049eb6"
"local-artifacts\output\delta_pipeline_2026-06_20260811\audit_test_pipeline_20260811\xml\XA_2026-06.xml","25168","6c7070c440f89f58dd48da2b9343bc58535f56762076dd7acff30d757d29631f"
"local-artifacts\output\delta_pipeline_2026-06_20260811\audit_test_pipeline_20260811\xml\XAGI_2026-06.manifest.json","1443","e2b486646ae812de98b9dbd13bcead95eb44f7531b810451460ab206c62ca1bf"
"local-artifacts\output\delta_pipeline_2026-06_20260811\audit_test_pipeline_20260811\xml\XAGI_2026-06.xml","6715","c6f79c64d3114248d04ded28c31c60d5a44259954e786e8562220b8cb11cbbde"
"local-artifacts\output\delta_pipeline_2026-06_20260811\audit_test_pipeline_20260811\xml\XBIX_2026-06.manifest.json","1443","b993d9059d117d29819d687f58ee20ed2e36ec8fc423d20dca7973e84a450eb6"
"local-artifacts\output\delta_pipeline_2026-06_20260811\audit_test_pipeline_20260811\xml\XBIX_2026-06.xml","6620","db79ff3b8a4b2ea93bb8ae4eb65f382e5992e1acdc51c031bb6ddff89b39457e"
"local-artifacts\output\delta_pipeline_2026-06_20260811\audit_test_pipeline_20260811\xml\XCOM_2026-06.manifest.json","1443","1fc7fb824bf8aa75589d4678c798dda3b9548ab008511cd430ab6e53cc25f256"
"local-artifacts\output\delta_pipeline_2026-06_20260811\audit_test_pipeline_20260811\xml\XCOM_2026-06.xml","6696","ea4b09ba6ae2a6621f33762916c1f0341c03fdd396eafeffda821406b8243457"
"local-artifacts\output\delta_pipeline_2026-06_20260811\audit_test_pipeline_20260811\xml\XEUR_2026-06.manifest.json","1443","388c7cbe396566c8ccd1bfebb31a6ca89bb860416a977292f07b5aab2d1ca5e1"
"local-artifacts\output\delta_pipeline_2026-06_20260811\audit_test_pipeline_20260811\xml\XEUR_2026-06.xml","6576","df8972acfaf506a498ccfbe5c23bec2fb85f2811dc61e38cea73393b7c79f50d"
"local-artifacts\output\delta_pipeline_2026-06_20260811\audit_test_pipeline_20260811\xml\XHOA_2026-06.manifest.json","1443","5f1e1aafeb9639d292774c8f75144ee4da30df7ed001d9688e5787090aee953f"
"local-artifacts\output\delta_pipeline_2026-06_20260811\audit_test_pipeline_20260811\xml\XHOA_2026-06.xml","6644","f7365dd2bac9d54dde3ffa810117a48ded758aad9ad5e5089e8ad382c0953966"
"local-artifacts\output\delta_pipeline_2026-06_20260811\audit_test_pipeline_20260811\xml\XIWC_2026-06.manifest.json","1443","131190033aa71e953861cc516bc29d9c38f720aa32499daf0355408fef6954e8"
"local-artifacts\output\delta_pipeline_2026-06_20260811\audit_test_pipeline_20260811\xml\XIWC_2026-06.xml","6569","3d846681fe3ff695c2aadcb7ead55a1ba66a04269fbb1a0606f5f69e7f14dba4"
"local-artifacts\output\delta_pipeline_2026-06_20260811\audit_test_pipeline_20260811\xml\XKRE_2026-06.manifest.json","1443","cf3d053eefd2bf1689e100481c33a0adf2df1a2ee3891c232132e3142d6e54ec"
"local-artifacts\output\delta_pipeline_2026-06_20260811\audit_test_pipeline_20260811\xml\XKRE_2026-06.xml","6648","80d79e074f71fecc06597d0055a93c2e125e3e4ea2f1313477b797e76da26afd"
"local-artifacts\output\delta_pipeline_2026-06_20260811\audit_test_pipeline_20260811\xml\XLBX_2026-06.manifest.json","1443","e0ff5fb154aa0960b16be6cb9c0c31961dc49845c68d2752f041d919e42ab6fd"
"local-artifacts\output\delta_pipeline_2026-06_20260811\audit_test_pipeline_20260811\xml\XLBX_2026-06.xml","6637","4fd36ebac45fc3cbdff9c2cb2547709a29882b0f066ad49de4f14f810924da83"
"local-artifacts\output\delta_pipeline_2026-06_20260811\audit_test_pipeline_20260811\xml\XLEX_2026-06.manifest.json","1443","de3d4a0f34ca72bab3f8b9fe4fa6e703d6d76d2b22a5508c69e17cfcf39315b5"
"local-artifacts\output\delta_pipeline_2026-06_20260811\audit_test_pipeline_20260811\xml\XLEX_2026-06.xml","6628","c0f202da5a58052614c659a6203e018ae06b0c010eff6b7e3795e195a244d1d5"
"local-artifacts\output\delta_pipeline_2026-06_20260811\audit_test_pipeline_20260811\xml\XLFX_2026-06.manifest.json","1443","8480851558a82a06dc413a8a83d3898132aa5d6366beb229285e3799f642d241"
"local-artifacts\output\delta_pipeline_2026-06_20260811\audit_test_pipeline_20260811\xml\XLFX_2026-06.xml","6638","196edd9aeabc0faadc2d1cf3e35df8a2d72afd8d444a465b5f6b3d3a10e33d86"
"local-artifacts\output\delta_pipeline_2026-06_20260811\audit_test_pipeline_20260811\xml\XLIX_2026-06.manifest.json","1443","b2d684ecc3e1193063d391f9c8ef398b1e1fce47562ffeb8e9abed0657f67712"
"local-artifacts\output\delta_pipeline_2026-06_20260811\audit_test_pipeline_20260811\xml\XLIX_2026-06.xml","6647","b0cc3679151d312a0b150380525d8cf2cc9e39d419bb7651c057733bc2c9ec1b"
"local-artifacts\output\delta_pipeline_2026-06_20260811\audit_test_pipeline_20260811\xml\XLKX_2026-06.manifest.json","1443","35ad276ed351fffb9ef17932ab2a2ed70aed18d94382a3d3ce21030357efbc5c"
"local-artifacts\output\delta_pipeline_2026-06_20260811\audit_test_pipeline_20260811\xml\XLKX_2026-06.xml","6645","58d3f4072dd5e9c68587c239d8601a934b2bbfae724fb51961328683a72e7353"
"local-artifacts\output\delta_pipeline_2026-06_20260811\audit_test_pipeline_20260811\xml\XLPX_2026-06.manifest.json","1443","d2695b7354d88b27eecb8d8e6b4b5f42baddfda964d00768897ad4d41e53b796"
"local-artifacts\output\delta_pipeline_2026-06_20260811\audit_test_pipeline_20260811\xml\XLPX_2026-06.xml","6671","92305c62beea2df7d0d9127707b45999c91769d07de3cdbd09969aa4eb589407"
"local-artifacts\output\delta_pipeline_2026-06_20260811\audit_test_pipeline_20260811\xml\XLUX_2026-06.manifest.json","1443","124528c7a0d5e68e56f0dc4a654eb623c4327c96541e4c0221878c78005a77dd"
"local-artifacts\output\delta_pipeline_2026-06_20260811\audit_test_pipeline_20260811\xml\XLUX_2026-06.xml","6640","7ff8847a1503860d758065ddc8567ddeafb1a685c0a5274d31f71685ffcf63b1"
"local-artifacts\output\delta_pipeline_2026-06_20260811\audit_test_pipeline_20260811\xml\XLVX_2026-06.manifest.json","1443","1b52138ad64328628e2cc12171aed8594ceda3de364b5cb20b57e09064fdac6a"
"local-artifacts\output\delta_pipeline_2026-06_20260811\audit_test_pipeline_20260811\xml\XLVX_2026-06.xml","6652","e2a58fe72f142c671393986b6adfb37bf7066b23ccf4a947f6472769d0503b79"
"local-artifacts\output\delta_pipeline_2026-06_20260811\audit_test_pipeline_20260811\xml\XLYX_2026-06.manifest.json","1443","5278f87c515f8288fe72861b89f290e4c841930fdd245bffdd6f0c8c633b0e05"
"local-artifacts\output\delta_pipeline_2026-06_20260811\audit_test_pipeline_20260811\xml\XLYX_2026-06.xml","6690","9966909738eafc00e7e687d726bf85ac5a7334b826cd0107e226c4f9dbd05957"
"local-artifacts\output\delta_pipeline_2026-06_20260811\audit_test_pipeline_20260811\xml\XPAV_2026-06.manifest.json","1443","d6ae7a36798ba1eeec8f5ff54ebff1b3cc01c8a4cd04d49d00814d075a44f5b4"
"local-artifacts\output\delta_pipeline_2026-06_20260811\audit_test_pipeline_20260811\xml\XPAV_2026-06.xml","6631","9812250aa470ed96228272788a864cf605d68d08d8d9fd7221ea1156e758cd59"
"local-artifacts\output\delta_pipeline_2026-06_20260811\audit_test_pipeline_20260811\xml\XSEM_2026-06.manifest.json","1443","b21adfb7e2333588c2e6f86c292a808fde418e0aca4476f586d436dbda0e3386"
"local-artifacts\output\delta_pipeline_2026-06_20260811\audit_test_pipeline_20260811\xml\XSEM_2026-06.xml","6582","a938a40fdc080474e33a8f96f83b5ee88e347590f81feaa08bab9f75dbd78c1e"
"local-artifacts\output\delta_pipeline_2026-06_20260811\audit_test_pipeline_20260811\xml\XTAI_2026-06.manifest.json","1443","d1a4c1fc2e880c7339b17c360d741fda73bfc31f672ce858175ee5dc5fad2d65"
"local-artifacts\output\delta_pipeline_2026-06_20260811\audit_test_pipeline_20260811\xml\XTAI_2026-06.xml","6566","ccd9c3acd8e970edbc1735136858373db10477c805ede1911ebb0174bfd0d32e"
"local-artifacts\output\delta_pipeline_2026-06_20260811\audit_test_pipeline_20260811\xml\XVO_2026-06.manifest.json","1438","99b03f8d47c3d6ca86df7b67c3669f7773b940f00d81ce7a98f62e103afb80a1"
"local-artifacts\output\delta_pipeline_2026-06_20260811\audit_test_pipeline_20260811\xml\XVO_2026-06.xml","6617","62edfde644c719ffc2c98c893a768d88855e81d8ee5db4d584189cf61e60430c"
"local-artifacts\output\delta_pipeline_2026-06_20260811\audit_test_pipeline_20260811\xml\XVUG_2026-06.manifest.json","1443","341205743a82f7438f02f77b9f5e5a4b9f8b3c2440b55095c79a4e374db80b5d"
"local-artifacts\output\delta_pipeline_2026-06_20260811\audit_test_pipeline_20260811\xml\XVUG_2026-06.xml","6616","9459b254b2196e0f849a7ca45b490d258dae2ccf40057a64a4e37baaacacd3da"
"local-artifacts\output\delta_pipeline_2026-06_20260811\audit_test_pipeline_20260811\xml\XW_2026-06.manifest.json","1433","5c0e4e0de2dcd749b068e4659e97f4a1df4895a78b32d961da497f9dafbe1b95"
"local-artifacts\output\delta_pipeline_2026-06_20260811\audit_test_pipeline_20260811\xml\XW_2026-06.xml","6671","b80d7a6295d5cf3d0c07feb55c8185c8d47f9ba0d5d6c1ed430f67a902f2392c"
"local-artifacts\output\delta_pipeline_2026-06_20260811\audit_test_pipeline_20260811\xml\YUNG_2026-06.manifest.json","1443","e296a1f77a18ad5192a83ad506b2f3f8292a83dbab564042476402e7b8890f07"
"local-artifacts\output\delta_pipeline_2026-06_20260811\audit_test_pipeline_20260811\xml\YUNG_2026-06.xml","44274","135262902ac49bc872223eb30be8719f18cf011f0ff8adeb6955e5d4dfa72e1a"
"local-artifacts\output\delta_pipeline_2026-06_20260811\build_results.json","44502","89189564fb094edb9190e52d28db80a37b6a8783e1cc7b9c167dbbdcd1e677cd"
"local-artifacts\output\delta_pipeline_2026-06_20260811\logs\ACLZ_build.log","25017","681ade1eba0918cd70ce106ede6a1580495414d10f454627a2d1a3d8cb8ac2bb"
"local-artifacts\output\delta_pipeline_2026-06_20260811\logs\ACMM_build.log","25017","1c38ec23ec0726b072df91593302f7b2de0620ab6e11f2d11c195761e624c0f3"
"local-artifacts\output\delta_pipeline_2026-06_20260811\logs\AV_build.log","39009","ff6342b820cd2fdfad7bc6bfd84508c3e39b9a20119088d4e5cf216af1a58819"
"local-artifacts\output\delta_pipeline_2026-06_20260811\logs\BAY_build.log","49206","2859e0a1d235bf4310d5d77e37a6b9cde8e3798232e1516883600ecc3babad83"
"local-artifacts\output\delta_pipeline_2026-06_20260811\logs\BLCK_build.log","36061","f9142db46881c33c022bb7817f1e24babbf4f2b1c01b3d209caa33ba30af79b1"
"local-artifacts\output\delta_pipeline_2026-06_20260811\logs\BREW_build.log","28907","42595cb5f11c323d099654303bcfb1c287be85aa58aab6202774f382b4136d66"
"local-artifacts\output\delta_pipeline_2026-06_20260811\logs\BRZX_build.log","25017","90197fccc5d6867525edcc079fcd3d6a7a4c8f73c00de3dc787f44290515fb50"
"local-artifacts\output\delta_pipeline_2026-06_20260811\logs\BZZ_build.log","32465","6eea8ca92bbb5468859448d680ab1d624829f48b6261be7770dcfac5f28bd5b7"
"local-artifacts\output\delta_pipeline_2026-06_20260811\logs\CAMC_build.log","25017","a82ed9586300abffa6928a9b677c8e41d79f28ba007c42c3c15516f541f79794"
"local-artifacts\output\delta_pipeline_2026-06_20260811\logs\CARX_build.log","25017","b5718e702564251ce7cb2f15671bf2dbc23e7a7a5c91f9e10a6c21c6e2fa2e15"
"local-artifacts\output\delta_pipeline_2026-06_20260811\logs\CBIL_build.log","57985","d43522898736f30c7ce1dcd8df4d2ef76bacfd90e2593198ae9f05394311a536"
"local-artifacts\output\delta_pipeline_2026-06_20260811\logs\CBOT_build.log","31456","0bc115c2bb36cf9e6f0cc16f94910f646948aa1ac6ed4a90a371b6066dacae59"
"local-artifacts\output\delta_pipeline_2026-06_20260811\logs\CCPX_build.log","25017","5c64e3c0cf4f69d7d998757f53f4894ee252b3a679a7baf3ee6faab2baed95b7"
"local-artifacts\output\delta_pipeline_2026-06_20260811\logs\CGOV_build.log","54619","fa8340f65ae1c984e714e2b8b3f6d2c2fd0171bd5d9e5b2440bb9e2f22c09778"
"local-artifacts\output\delta_pipeline_2026-06_20260811\logs\CHYG_build.log","443981","d538e7f4b2a0ea6787a18b58375a1e390a787e1c4a7f1092b87176ad8db1bec2"
"local-artifacts\output\delta_pipeline_2026-06_20260811\logs\CIEI_build.log","174112","9ae966620c5d3cc41023a7e2c1c79ebb48f52763b5e003d6db437c137023cca8"
"local-artifacts\output\delta_pipeline_2026-06_20260811\logs\CIVG_build.log","461677","a0db97284405181cecb29a463adec08b5f3a72e94c1ac7d5ea49ce4f27c8b91f"
"local-artifacts\output\delta_pipeline_2026-06_20260811\logs\CJUN_build.log","37635","14cb339aa9f4f705c5865fb53b91f6f2a15a8e1c247cd9593a4d7582548e7520"
"local-artifacts\output\delta_pipeline_2026-06_20260811\logs\CMAG_build.log","63037","1478b601957a349165c196017029f21a623b5297ac452eac34d0224d9a5f903e"
"local-artifacts\output\delta_pipeline_2026-06_20260811\logs\CMAY_build.log","37663","649674d30ec750c92f8a880158093883fab16ec8ba54935ca9b748b778427e08"
"local-artifacts\output\delta_pipeline_2026-06_20260811\logs\CQTM_build.log","28414","098866326d1762f3e566f0eb90fccd4f8d6cd1c686e92abdd6ba76dccddff46b"
"local-artifacts\output\delta_pipeline_2026-06_20260811\logs\CRUC_build.log","25017","f9acda750cf15cb22d5ab547633e9dc3b7159fcbb0f30c02c6517300ed7d363f"
"local-artifacts\output\delta_pipeline_2026-06_20260811\logs\CTJN_build.log","37663","d906a6b91e0a1c9203ba97aefe9204aa6ed6508a38938fc513f436d98e5f9cc0"
"local-artifacts\output\delta_pipeline_2026-06_20260811\logs\CTMA_build.log","37663","b271fa0ceeb4a1726daedc735de6dfac18219256066c61a37d0dcddd5c23ff1f"
"local-artifacts\output\delta_pipeline_2026-06_20260811\logs\CUST_build.log","175795","5594400fcb75e7f9da65cfa0693afdbf247b7f3eac9842b49a98bf6390ba4fb4"
"local-artifacts\output\delta_pipeline_2026-06_20260811\logs\DIPR_build.log","34009","56fd3ce0daccdd02838437e7a6431ff54001164b3d6e708550386536db6a4bdc"
"local-artifacts\output\delta_pipeline_2026-06_20260811\logs\DOCK_build.log","42085","ac78b90293ad19283fbeb02e87acc47ab821c0f7801e650501fa5b225f97ea43"
"local-artifacts\output\delta_pipeline_2026-06_20260811\logs\EMJN_build.log","37551","13f81a2e047e38d5933dee7f784de2e5d6311e2318fd94d9cc3bab9c51f55531"
"local-artifacts\output\delta_pipeline_2026-06_20260811\logs\EMMY_build.log","37495","15a4f2d4d49e47447c76ca5de7b6e6fd9d6dbf7bfb6838cb2713c87281c0c233"
"local-artifacts\output\delta_pipeline_2026-06_20260811\logs\EMXX_build.log","25017","08ee36ac4466230d08dfcef493fc923fadb1f63762d3eae2a886cdd019baf3b9"
"local-artifacts\output\delta_pipeline_2026-06_20260811\logs\EUV_build.log","39102","77736cf2e003f4c0e75089e2672534fb92679d4f65cc3cb5e92a1d252910cbda"
"local-artifacts\output\delta_pipeline_2026-06_20260811\logs\EUVX_build.log","25017","45abc553ea2c6145daed925e41bc906dafae10be3d2a67da37160e227a1887f8"
"local-artifacts\output\delta_pipeline_2026-06_20260811\logs\EYES_build.log","36522","293aa0800657ac57ac991d7272584c83c4506bccc4b0f2966861aadc39396129"
"local-artifacts\output\delta_pipeline_2026-06_20260811\logs\FDRS_build.log","44646","e1c931b1b2f0cc28a78d0924d0b3a58a7f90ff54d76aa17c43b12dce0550935c"
"local-artifacts\output\delta_pipeline_2026-06_20260811\logs\FDRX_build.log","24837","1ddab81d945de72a3a11c4c0efed527805f6c08b0f4506713918c30e9dceabb6"
"local-artifacts\output\delta_pipeline_2026-06_20260811\logs\GASZ_build.log","30398","74c43b3efa075d6b83d24d5e8d76ee0db35fba0eb2c340b75fd9f459ffbb7b5a"
"local-artifacts\output\delta_pipeline_2026-06_20260811\logs\GLAM_build.log","31957","e62404b86b47cf78125fcbe582767a9480be1dce2cee233f0edfda044fe99ef5"
"local-artifacts\output\delta_pipeline_2026-06_20260811\logs\GNMX_build.log","48762","d2de194055e00fc843af31265a7fc95cc6b3e525d549bdee50e763c684bbdd53"
"local-artifacts\output\delta_pipeline_2026-06_20260811\logs\HJUN_build.log","33487","a65b35d2cb6a4a71a6833885273540d0c93c34786b3e9814313fa9ef33d6def4"
"local-artifacts\output\delta_pipeline_2026-06_20260811\logs\HMAY_build.log","33487","8592e6fb14475a8fa69ba31261a84beac94c2cd8b283b284cb9f911b4ff56c52"
"local-artifacts\output\delta_pipeline_2026-06_20260811\logs\HULL_build.log","40578","88f25f892e8e5bdb47e6e17eebbdfa3307ccf7f5b0f8ca8627c203dcab7da63b"
"local-artifacts\output\delta_pipeline_2026-06_20260811\logs\IDJN_build.log","37607","38ad951c1855f285493bc24e226438757c325f4f60d6b9b4211389d81dd71abd"
"local-artifacts\output\delta_pipeline_2026-06_20260811\logs\IDMY_build.log","37607","f2d038070d58ca08fa959e266e199053bcf10aaa0016f32e6c9b9870d35dd592"
"local-artifacts\output\delta_pipeline_2026-06_20260811\logs\JOUL_build.log","28903","c17dceeffbf588b80a3ed58912c0715ff74eeb292cb4eb2c1013b1af5758e4fb"
"local-artifacts\output\delta_pipeline_2026-06_20260811\logs\JUNC_build.log","37663","78e7e56316b4057dc622581ad43f97f147ec86f495fbfd756a0ad3b2de1a9b3b"
"local-artifacts\output\delta_pipeline_2026-06_20260811\logs\KEYX_build.log","25017","fdd8ec3033da447fec6d9a38ea3f4c08474b9a6770f210c5572f5cbc265200b9"
"local-artifacts\output\delta_pipeline_2026-06_20260811\logs\KRWX_build.log","30760","6f7174b44f27786ac89702f03cb8cc99c0d66bb6eff1c625be38fcc29e9ba5d1"
"local-artifacts\output\delta_pipeline_2026-06_20260811\logs\KYC_build.log","47687","5e29df89fd668af86d2fb0bb3f4867ac50f96a667d49d7cad126a86f7cdad906"
"local-artifacts\output\delta_pipeline_2026-06_20260811\logs\LASC_build.log","25017","288d9e1321ff7ea02d2eff169c990badb2c45fcd203cd53443754bb5be187238"
"local-artifacts\output\delta_pipeline_2026-06_20260811\logs\LATR_build.log","29901","3d4bfb5e0091c6adb2befbc9e63ed04e8a980be0ee98a6f4fc0e9fb664ff3ee7"
"local-artifacts\output\delta_pipeline_2026-06_20260811\logs\LRNX_build.log","25017","01b7b4a9c8e979ba0bb941c9f04fef6c0608bb7b72a28800a09c4836939456e3"
"local-artifacts\output\delta_pipeline_2026-06_20260811\logs\MAYC_build.log","37663","f447464941d86b125c0241891c99643c280a3a52fe637e50d3af6054dc876756"
"local-artifacts\output\delta_pipeline_2026-06_20260811\logs\MGKX_build.log","25017","a3d04f7e13b27e49d33edf0a6ededcd2d7abe66b77a6ece5368dd7157d6af574"
"local-artifacts\output\delta_pipeline_2026-06_20260811\logs\MNSX_build.log","25017","292792f27a7594ab40b27c2d1fba35c0b6229bbf862801c7446cc134e599e9e8"
"local-artifacts\output\delta_pipeline_2026-06_20260811\logs\MSIX_build.log","25017","f21aa115f5e75f9a81a7410dc41dd6de69d0e66ca847ce2522fff88adf56fe24"
"local-artifacts\output\delta_pipeline_2026-06_20260811\logs\NYNY_build.log","48077","27b3fd49b2c0f6f078080f7bb0528fb8f43152c2b5b872530aeff7e7b47fcb23"
"local-artifacts\output\delta_pipeline_2026-06_20260811\logs\ODDZ_build.log","31464","0610fd52b88b244a8506c4e75a488494d08372f4a7495d4da7855704af828cfc"
"local-artifacts\output\delta_pipeline_2026-06_20260811\logs\ONTX_build.log","25017","5dcc409208f0057a5116f82bce40f0a971d8426c74c90f613646e4121d50f5f6"
"local-artifacts\output\delta_pipeline_2026-06_20260811\logs\OWN_build.log","69955","0153d287ed86a04ed81f4b289c287a2c64ea2dcdca7feff7d534524e14098f90"
"local-artifacts\output\delta_pipeline_2026-06_20260811\logs\PTNT_build.log","34502","1c7a7a450279edf33eb1daa5f56f8b94f9b4fbfba3fe30307916c26749c4ee42"
"local-artifacts\output\delta_pipeline_2026-06_20260811\logs\QJN_build.log","37634","b80c864cc86fae5ba49c111c2c9923f7215611a19552c6fe171a61ba523cc427"
"local-artifacts\output\delta_pipeline_2026-06_20260811\logs\QMY_build.log","37606","2fd38e59060b1fce78663189241f4031677e34631e95add06d91c2e7ef0e6d1b"
"local-artifacts\output\delta_pipeline_2026-06_20260811\logs\QQJN_build.log","37663","83e6eefda50c36375174cdbd8cbbd4530e513ee0249d22a57a240408144bc25a"
"local-artifacts\output\delta_pipeline_2026-06_20260811\logs\QQMY_build.log","37635","09b30bf5742831fce07da6f12ac40396f3dd168373eca787a8230ac37909c4e4"
"local-artifacts\output\delta_pipeline_2026-06_20260811\logs\RMBC_build.log","25017","e03c25cb193eb6179819b6725ae32cd0c992cd43844f3149d5835350c12ff9ac"
"local-artifacts\output\delta_pipeline_2026-06_20260811\logs\SCJN_build.log","37635","a6479357a8165cb78caef85ca55560e4fc4476d5915b54ec0f8c1fedccda4106"
"local-artifacts\output\delta_pipeline_2026-06_20260811\logs\SCMY_build.log","37607","c00dc3a24c4e06b1984490ad9e94ae8f83601b190c976effc48761425f95d31b"
"local-artifacts\output\delta_pipeline_2026-06_20260811\logs\SIMX_build.log","25017","dbb3ba0182e2c5ce212723e9661e5824e83aa23fd757ec0c65edc595fc072d99"
"local-artifacts\output\delta_pipeline_2026-06_20260811\logs\STYL_build.log","43103","ecded7f18a87b4ce53ad4e6257c402594aebccf6d7c2dcc10384c3f5736659fd"
"local-artifacts\output\delta_pipeline_2026-06_20260811\logs\TAJX_build.log","25017","d6b544f66a9157d81bf2816223b9b4b553ac21146a6f459c7be7e13ed5d03c55"
"local-artifacts\output\delta_pipeline_2026-06_20260811\logs\TPLX_build.log","25017","bb504bbd3d729eead00735dc758c47cb152e5013308029fd0811c1065c18a929"
"local-artifacts\output\delta_pipeline_2026-06_20260811\logs\UMCX_build.log","25017","9d08c8edfe62fe01536dd1fbedc4a2eba15905058611de483cf55ae0dad370f8"
"local-artifacts\output\delta_pipeline_2026-06_20260811\logs\USX_build.log","25016","c8ef4e7d019d549b8ec98b9770f2cc1df03522f597aebe0b08b155d5e69eb471"
"local-artifacts\output\delta_pipeline_2026-06_20260811\logs\VBX_build.log","25016","2be7c8c0fff8fc700b5a4f66162d5d3b707428443f5c31b5c4ac43a8eeb46dba"
"local-artifacts\output\delta_pipeline_2026-06_20260811\logs\VOOX_build.log","25017","72f682e845db7d6b5eaa123218ccedd348ebabd6cab1c56c3c5f971dda8be9d5"
"local-artifacts\output\delta_pipeline_2026-06_20260811\logs\WATS_build.log","30943","f26b5969c232478a6e59fcb6ef3b8e848091d38e4fbd7d72490ecbba653d70ce"
"local-artifacts\output\delta_pipeline_2026-06_20260811\logs\WEBX_build.log","25017","917d58b0fd8d96914754c7bd48a704cebe9805c1350991336f05d6d4f4c3c625"
"local-artifacts\output\delta_pipeline_2026-06_20260811\logs\WNDR_build.log","48133","a2f8ec9913297e8c503634b24083dd706b0d3d9c93aa14388fb57e46bf04e8ca"
"local-artifacts\output\delta_pipeline_2026-06_20260811\logs\WR_build.log","47634","a35b0c6f3db3caedcee3aff27fd4b9457edc444cf955f1e54cad2277df017b83"
"local-artifacts\output\delta_pipeline_2026-06_20260811\logs\WX_build.log","25015","2218947d98e3202b1e91998cb93fc4df34c6f74f5f4bab05717f487edeff5225"
"local-artifacts\output\delta_pipeline_2026-06_20260811\logs\XA_build.log","31975","d3bdbfbbfa101a38b7a9fba449bdc7c2f8a88b0ecc36e895dbe20d66a4bd27f3"
"local-artifacts\output\delta_pipeline_2026-06_20260811\logs\XAGI_build.log","25017","775c2f9bfff6cb68bef0ae90a318a1f89fec2d3eba79c680a47bd3272c10c3ce"
"local-artifacts\output\delta_pipeline_2026-06_20260811\logs\XBIX_build.log","25017","acadf9db6993172d481da0d22df9484c0e0c92669683567823ec83a037300244"
"local-artifacts\output\delta_pipeline_2026-06_20260811\logs\XCOM_build.log","25017","47296c6512ac083618ab06d26c812f2ec54c7dcd284368cba07beab8a9449af4"
"local-artifacts\output\delta_pipeline_2026-06_20260811\logs\XEUR_build.log","25017","02cea8c4ebf2050cb285eccac15b2db9c8632c5627a2f667e39deac30bf65d78"
"local-artifacts\output\delta_pipeline_2026-06_20260811\logs\XHOA_build.log","25017","1bce00dcaacb4759de4203961bd3a521401227225f516391fb738a11b86c4480"
"local-artifacts\output\delta_pipeline_2026-06_20260811\logs\XIWC_build.log","25017","79c0c277956e2d1582aea1b7f4cfc018119903647533967460b910a23f7f2c4d"
"local-artifacts\output\delta_pipeline_2026-06_20260811\logs\XKRE_build.log","25017","2e07b172a731f07cbd54a28c23e652417c1da03f8c9c2de70b70b6f786767ad3"
"local-artifacts\output\delta_pipeline_2026-06_20260811\logs\XLBX_build.log","25017","05ccf6fc5b5ee3c2a3bb997debc7e52c6596273a22011c2857be6d62f60a5c66"
"local-artifacts\output\delta_pipeline_2026-06_20260811\logs\XLEX_build.log","25017","c42794005929131ba3a4c914b983f638362a625da5be64aac4db14b1197bada8"
"local-artifacts\output\delta_pipeline_2026-06_20260811\logs\XLFX_build.log","25017","fcfb04d41eb766b33bd70dcfa8293fcd5827ea294080d294fe1672cac2582e42"
"local-artifacts\output\delta_pipeline_2026-06_20260811\logs\XLIX_build.log","25017","8fdc0d953a128e9afdebabd88766452438487e20bc756b8327d8c7b68c375b4d"
"local-artifacts\output\delta_pipeline_2026-06_20260811\logs\XLKX_build.log","25017","f3d24ea57940676e21a48b219e2855bc1e750a1c0aee8cad89387aaa280b5d69"
"local-artifacts\output\delta_pipeline_2026-06_20260811\logs\XLPX_build.log","25017","ace111fe8d06fa92e82ac014c5e855240bdd10b7124a2a2cc816ddc6a1652b5b"
"local-artifacts\output\delta_pipeline_2026-06_20260811\logs\XLUX_build.log","25017","a54886bc6b4271a2728e7e6e9c9493cf4e32356b6ef2eab778ef298b643cb04c"
"local-artifacts\output\delta_pipeline_2026-06_20260811\logs\XLVX_build.log","25017","d44fbe62a09690912f26729a912f66a7f32ba3409d10ee305fde5f2a4fc20861"
"local-artifacts\output\delta_pipeline_2026-06_20260811\logs\XLYX_build.log","25017","c7c411da3e3b4ad360dc80a08e8cba449f20b61e490cf6921b2738a1e9a79078"
"local-artifacts\output\delta_pipeline_2026-06_20260811\logs\XPAV_build.log","25017","db228612a03b2c7a88c08d9bd5b0b0c667c46d28e38e08fe5555274858e714c0"
"local-artifacts\output\delta_pipeline_2026-06_20260811\logs\XSEM_build.log","25017","85d180becf92dae9de12f01d56c120182236de70047065ca70e9545920e897e5"
"local-artifacts\output\delta_pipeline_2026-06_20260811\logs\XTAI_build.log","25017","a57c86c068a96f929abb6bd50c424564638b79b7b8154c3386e7ea5113a7d00d"
"local-artifacts\output\delta_pipeline_2026-06_20260811\logs\XVO_build.log","25016","1508b505be17b51d408e931ad125bde1e046dccb0e38c72e9a642b9d613e19ac"
"local-artifacts\output\delta_pipeline_2026-06_20260811\logs\XVUG_build.log","25017","25bfce24bd899b8e85fde69b74efc8ae4c746858f692ee8213082bbfb03637a1"
"local-artifacts\output\delta_pipeline_2026-06_20260811\logs\XW_build.log","25015","f43ce8f6eeb4df78affc6d95be53ef0ab06a3552fa93544debb128c61f28c8de"
"local-artifacts\output\delta_pipeline_2026-06_20260811\logs\YUNG_build.log","43083","6f797c72c0af9b0cc7e1c3ac42fef0934e4fa8ed928653432f09e775146911ee"
"local-artifacts\output\delta_pipeline_2026-06_20260811\verification_summary.json","326","51ffdfc35238572b0fd3bceb003d4e58921cc7a32d01f450e4b875715954f074"
"local-artifacts\output\delta_pipeline_2026-06_20260811\workbook_inventory.csv","21236","1027f3db5d69979ee7ff32db4603505fd287d3bb82e6168c51b13e531ab9cd27"
"local-artifacts\output\NPORT_TEST_2026-06_one-pass_2026-08-05.zip","336392","ffd4502c75a720fee0401b3c75e8f52bcae953ee037cfc9fcec734ae430ff4e3"
"local-artifacts\output\pdf\June_2026_NPORT_Delta_Audit_Confidential.pdf","18873","d0db4f557eca017e43831451c50548863a2cf40df7fa7518e22e9c21864cd903"
"local-artifacts\output\pdf\June_2026_NPORT_Missing_Fields_Delta_Table.pdf","13734","5d98a10b0b3929c41b54cead3658218fc79ab5bdd65f48d73c5389fbe4775911"
"local-artifacts\output\pdf\NPORT_Comprehensive_Final_Audit.pdf","344319","f4c330bee3b72409e15623e55ab0034d1f2d9aeb78715e7e6049c20785f87708"
"local-artifacts\output\pdf\NPORT_In_House_Runbook.pdf","1084440","c3ad04ced499012a7c6bc8f560a0d5fc3df926f581291b92730ff657b0319b1c"
"local-artifacts\outputs\market_cap_weighted\NYNY_50_calculation.pdf","277484","917967ea5e5a359f3c229dedd0d3ee98c8bd6a60bb35a968762faac1a27a1bd3"
"local-artifacts\outputs\market_cap_weighted\NYNY_50_calculation_contact.png","291042","7406cf2457e75c16030a2d6e9d7cb395edc0b8c8a8dd16266e41a0c848547583"
"local-artifacts\outputs\market_cap_weighted\NYNY_50_calculation_page1.png","156926","fdbf36ef6d9c5ec9b417cc9b0ffb745ab0ac7a225cb5d926af3fc0cdb62f4533"
"local-artifacts\outputs\market_cap_weighted\NYNY_50_cap_4_99_calculation.pdf","277524","4f590bc2bc03d969af57b487cc65febc24f40248bb2604fa2e62eeb17500bff7"
"local-artifacts\outputs\market_cap_weighted\NYNY_50_cap_4_99_calculation_contact.png","290548","2b1c4afb3e73a9d0a49d235fdb6e9ae4913ec69ab84b0b520f585080a364bd43"
"local-artifacts\outputs\market_cap_weighted\NYNY_50_cap_4_99_calculation_page1.png","156782","03a3f037cd1eecbbfca5feb915470727b7fdc27a0171026c12d854c732747d0e"
"local-artifacts\outputs\market_cap_weighted\NYNY_50_cap_4_99_main.pdf","235643","a4fdc466c5a6af53111388cd6620625c8274053f8ecd67ec9106e338b24ebb90"
"local-artifacts\outputs\market_cap_weighted\NYNY_50_cap_4_99_main_contact.png","432193","aae2bd7faf5b4b5eea3c644034f9c9116563d9563109d2e964ddb63df51f9e98"
"local-artifacts\outputs\market_cap_weighted\NYNY_50_cap_4_99_main_page1.png","215696","5844d688ab1eed956dff6f639c1cdfd3ae60bc792879fde6f497b53f8f9f4f59"
"local-artifacts\outputs\market_cap_weighted\NYNY_50_cap_4_99_main_page2.png","61455","172d991f68f8645cb0dac5f13f3179a3cea25f566b5f42d1f82d23a7113d427d"
"local-artifacts\outputs\market_cap_weighted\NYNY_50_cap_4_99_market_data.pdf","314209","ddd48ce8dc571db40eb2b1a99b5593feed502c11ee744583824ab2ccbc6d7f02"
"local-artifacts\outputs\market_cap_weighted\NYNY_50_cap_4_99_market_data_contact.png","341322","3087c8e41bb7d005c670d18a5c303bb06538f2610bc453ed42f49bfbc416a613"
"local-artifacts\outputs\market_cap_weighted\NYNY_50_cap_4_99_market_data_page1.png","167467","8b5b47a888cf70c8261d8e456d6c298df0d1730eed7efc09cfa797706bc42a27"
"local-artifacts\outputs\market_cap_weighted\NYNY_50_cap_4_99_market_data_page2.png","58492","29db51723acd6b6d414f5350c5bdeb163bc5684530e015884bcf3afcb0c24495"
"local-artifacts\outputs\market_cap_weighted\NYNY_50_cap_4_99_old_data.pdf","233934","c8e6319e5e253a5cb6819d7705bf5d25fb81bee1bf5e271ec5e7090698a2a721"
"local-artifacts\outputs\market_cap_weighted\NYNY_50_cap_4_99_old_data_contact.png","395707","077671cbf7720e728b8edf8e03b786ba7d1d27b3bde5c53b640f236f5834fbf0"
"local-artifacts\outputs\market_cap_weighted\NYNY_50_cap_4_99_old_data_page1.png","128527","4a2a498804ee9baf806f77b1d015fb9b27aab5c0e18d51cf84f04050a811f515"
"local-artifacts\outputs\market_cap_weighted\NYNY_50_cap_4_99_old_data_page2.png","109468","4d5d0fb4e7bec4d9e23408bd4961d35983002bca2c6742c488df164772da7b90"
"local-artifacts\outputs\market_cap_weighted\NYNY_50_main.pdf","235658","a448b1f052eef69892fbbc1c229682cae2ac4796fb2afcb0961c8ed940015301"
"local-artifacts\outputs\market_cap_weighted\NYNY_50_main_contact.png","431167","dc2c45914a2e81eea73430d254dbdbfcb25500fd60ed407e3cea2ca7715943f2"
"local-artifacts\outputs\market_cap_weighted\NYNY_50_main_page1.png","216018","75de8e210a4ed2102bda8b7e94150bd8eeb17527ec0861ab1299b1d6a9661e66"
"local-artifacts\outputs\market_cap_weighted\NYNY_50_main_page2.png","61378","f37257267a4510e2e52975e90f2fe163f8fb5d2af02385022201417951af7ddc"
"local-artifacts\outputs\market_cap_weighted\NYNY_50_market_data.pdf","314204","ed993125481d5ac1310546d8a1434776a99d338d49a7c6d6cd25537ccd7c189b"
"local-artifacts\outputs\market_cap_weighted\NYNY_50_market_data_contact.png","340964","3fc697fcb1a1dc74840a79b0b22e488ab1fa44f40f0afdec261223cccef21bd6"
"local-artifacts\outputs\market_cap_weighted\NYNY_50_market_data_page1.png","167394","1940cde495c754a90e9b79634b1908267bc965df0e74ca3b25c9b802c7471353"
"local-artifacts\outputs\market_cap_weighted\NYNY_50_market_data_page2.png","58492","29db51723acd6b6d414f5350c5bdeb163bc5684530e015884bcf3afcb0c24495"
"local-artifacts\outputs\market_cap_weighted\NYNY_50_name_4_5_cap_with_trade_analysis.xlsx","79787","3dfbfe62d3e133cee00e4a1fdf074eb7f6dd4c28c40c2d42d2c45f4af45acd56"
"local-artifacts\outputs\market_cap_weighted\NYNY_50_name_portfolio_cash_2_cap_4_99.xlsx","67879","28282caa2e5a1cce7e11d92cfeae455ad301b699919c1a634c99f91cdc1a9578"
"local-artifacts\outputs\market_cap_weighted\NYNY_50_name_portfolio_cash_2_cap_6.xlsx","72347","06b86bbdba443352ad4fafd3651f9e6dc41df3fc7c6349f1db84f5fea67d6849"
"local-artifacts\outputs\market_cap_weighted\NYNY_50_name_single_4_5_sorted_with_trades.xlsx","78947","397b509840b5dc1c1cdddc972a058845b4d84e12f13f06cab1e6bef0b94afca9"
"local-artifacts\outputs\market_cap_weighted\NYNY_50_name_target_caps_with_trade_analysis.xlsx","85574","3581a4d5c8494a98d798fd8f143766b128d8188592a0f26b8561bb1f7c9dfec9"
"local-artifacts\outputs\market_cap_weighted\NYNY_50_old_data.pdf","233934","7de2418b8726cf086fd856ea990a94278e3b946867b2c234e7aa679da1ec87ee"
"local-artifacts\outputs\market_cap_weighted\NYNY_50_old_data_contact.png","395481","29f80e2e3b1938977c29f07e799864719351e594719e8afadcfd0b96c3d93563"
"local-artifacts\outputs\market_cap_weighted\NYNY_50_old_data_page1.png","128527","4a2a498804ee9baf806f77b1d015fb9b27aab5c0e18d51cf84f04050a811f515"
"local-artifacts\outputs\market_cap_weighted\NYNY_50_old_data_page2.png","109468","4d5d0fb4e7bec4d9e23408bd4961d35983002bca2c6742c488df164772da7b90"
"local-artifacts\outputs\market_cap_weighted\NYNY_before.pdf","165608","ed3d8e3048a58348cfb9daedcd96a6ab834ca5f39a8eac0eb80c1afb34115bb1"
"local-artifacts\outputs\market_cap_weighted\NYNY_before_page1.png","94472","0f763b04ea619c2d9963ed290770a3bfa7c59c6fc58c3f41a5a9012c9d8ce48f"
"local-artifacts\outputs\market_cap_weighted\NYNY_before_page2.png","44555","e7deeb4aca426143dd097d7ee265e57512528e304805612c05bff56b4cd73b77"
"local-artifacts\outputs\market_cap_weighted\NYNY_cash_cap_calculation.pdf","289133","2d04830a67bb249edbd6bf8e5ab7e915f8128c7a4b8b87ac972cdc72f6a5254b"
"local-artifacts\outputs\market_cap_weighted\NYNY_cash_cap_calculation_contact.png","341592","5379df21e7fa4c815e69c662cb8a2aa1c3d59902274e58f2db60592d28644aae"
"local-artifacts\outputs\market_cap_weighted\NYNY_cash_cap_calculation_page1.png","157890","eaa496bb363d9964ae8cc4074da2fbe1d79c349c29c31a0da0a44c6802198600"
"local-artifacts\outputs\market_cap_weighted\NYNY_cash_cap_calculation_page2.png","26349","1917d6facfa475438864ed8cee2028a135d180d1fab55c1b5131c2a1b5589d94"
"local-artifacts\outputs\market_cap_weighted\NYNY_cash_cap_main.pdf","236463","1eb724a733b8151d498b807c69942e87cb9a61f043a2733c827829af9efe5df6"
"local-artifacts\outputs\market_cap_weighted\NYNY_cash_cap_main_contact.png","469714","73d1b2c2f8099ce69f0485da77210cfb99caf715405299937c3eb653901c269e"
"local-artifacts\outputs\market_cap_weighted\NYNY_cash_cap_main_page1.png","204070","996c418494f810e500bb1d33c9141577731b476e1b1db43a82d24d089420220e"
"local-artifacts\outputs\market_cap_weighted\NYNY_cash_cap_main_page2.png","86064","7bd537c8107373a0d562111cc43afff05510953b1f3fb873429c1d6b24227c44"
"local-artifacts\outputs\market_cap_weighted\NYNY_cash_cap_market_data.pdf","313579","852a49a0edf9de6cd4b9fe4d15b60da1192ad3afe575ea88288250fe6c1a05c2"
"local-artifacts\outputs\market_cap_weighted\NYNY_cash_cap_market_data_contact.png","333794","123391909faad3362f0eb7a93b917a17b3f11b5b203ba366b6393d517d1654b9"
"local-artifacts\outputs\market_cap_weighted\NYNY_cash_cap_market_data_page1.png","165023","81668b79f25e35f5d78c0d5a155d57aa00ef1251eaef98be4e4acbf652034bc0"
"local-artifacts\outputs\market_cap_weighted\NYNY_cash_cap_market_data_page2.png","52990","8d6baa526c7d11337564976cf4ec18509f7a4afa6935dce9d34bdc5e734c0e53"
"local-artifacts\outputs\market_cap_weighted\NYNY_cash_cap_old_data.pdf","233934","03a87db2ef459e6080265c0f7deb7b30cdd0ec92859a13e09f3d3a0a5ee152cf"
"local-artifacts\outputs\market_cap_weighted\NYNY_cash_cap_old_data_contact.png","395613","3185ef80300eb99151b551a1bd6b578479a66729934523ec943c54d5e405ba6f"
"local-artifacts\outputs\market_cap_weighted\NYNY_cash_cap_old_data_page1.png","128527","4a2a498804ee9baf806f77b1d015fb9b27aab5c0e18d51cf84f04050a811f515"
"local-artifacts\outputs\market_cap_weighted\NYNY_cash_cap_old_data_page2.png","109468","4d5d0fb4e7bec4d9e23408bd4961d35983002bca2c6742c488df164772da7b90"
"local-artifacts\outputs\market_cap_weighted\NYNY_comparison_main.pdf","237426","2f83232c3bb9a1d81c8779ae54ca79213c612a9d4996d6a6f2d49e0e0153825f"
"local-artifacts\outputs\market_cap_weighted\NYNY_comparison_main_contact.png","462767","6faf6dae68ac6f55c05533eb6b65f852157d7d08ed545e77b9616015bfb4ade3"
"local-artifacts\outputs\market_cap_weighted\NYNY_comparison_main_page1.png","219362","ea7546018d8ae44c69896a43492ef1f25490357b33622b82099eee75e2f5c2d8"
"local-artifacts\outputs\market_cap_weighted\NYNY_comparison_main_page2.png","57970","5833f32a1bb97cdc0631af98b5c0f6daa3b5912dd58ec7f19132d3947312ff06"
"local-artifacts\outputs\market_cap_weighted\NYNY_comparison_market_data.pdf","273401","b0e3a5cda0a01de72b13355ff6422621f0abf28222843c3fe56f058308613fa2"
"local-artifacts\outputs\market_cap_weighted\NYNY_comparison_market_data_contact.png","407365","1446ea710b4cffc2033d43478e032b47b9877ddeb064006d6c52835c18b6c327"
"local-artifacts\outputs\market_cap_weighted\NYNY_comparison_market_data_page1.png","146399","387cb8b216bfaaa5a843c87b51cf85e74186feed4546d04ae6bbe4619a502254"
"local-artifacts\outputs\market_cap_weighted\NYNY_comparison_market_data_page2.png","113172","1227984fe07f49275cf5488a2dd16aac76e2fa0e83e9419c0869dc809af0b0bc"
"local-artifacts\outputs\market_cap_weighted\NYNY_comparison_old_data.pdf","233934","2aa3d93c1ed90211e1d6036a826ae5529c1b16fdb5c203688fb2d71a38dacabc"
"local-artifacts\outputs\market_cap_weighted\NYNY_comparison_old_data_contact.png","395670","5e781c2b5aeff5a506bee8621d9c060c15aa6def41f2701ad57475e61c5c0c39"
"local-artifacts\outputs\market_cap_weighted\NYNY_comparison_old_data_page1.png","128527","4a2a498804ee9baf806f77b1d015fb9b27aab5c0e18d51cf84f04050a811f515"
"local-artifacts\outputs\market_cap_weighted\NYNY_comparison_old_data_page2.png","109468","4d5d0fb4e7bec4d9e23408bd4961d35983002bca2c6742c488df164772da7b90"
"local-artifacts\outputs\market_cap_weighted\NYNY_exact_calculation.pdf","286967","72aa0e85132ee2e5c8912fd9ef9e97b1b7e9a13be7fd230c95bbb35f1871b74c"
"local-artifacts\outputs\market_cap_weighted\NYNY_exact_calculation_contact.png","332085","5181da7dc9a650d0fc8ee0a3aa8c7ae8d5ec1581a8feee562412e27124dd1f8b"
"local-artifacts\outputs\market_cap_weighted\NYNY_exact_calculation_page1.png","158772","bc5d59556057707015d20fe740b092b6765f97cbe5d1ff448999c8034bd5d7a1"
"local-artifacts\outputs\market_cap_weighted\NYNY_exact_calculation_page2.png","21432","0ce33b1279d65b294db5904c01d18b2af78dc1704f1bd3f4ea743e52c4f932a3"
"local-artifacts\outputs\market_cap_weighted\NYNY_exact_main.pdf","236573","d642e01e8bea4e3ce421c9bebee896a834c18b220934031532472e71b9cb176c"
"local-artifacts\outputs\market_cap_weighted\NYNY_exact_main_contact.png","462943","f476a8b83ce6ca1e391e2778d08d96bfae19e00011117d20b02381803674c366"
"local-artifacts\outputs\market_cap_weighted\NYNY_exact_main_page1.png","214874","a3bcc5b6f008b370b41a82efec6c24dfc8a22b8941959c316de0eb51c4aff98c"
"local-artifacts\outputs\market_cap_weighted\NYNY_exact_main_page2.png","82439","f685c802ef6dd27b93336b29b18c306004d4f707a7944509ded94587dd1c8ebf"
"local-artifacts\outputs\market_cap_weighted\NYNY_exact_market_data.pdf","313830","dcce129cf2d2e9892d8d0f9a5af5c7b78efcca7c7ff17b7e2471b2f99aa9c87a"
"local-artifacts\outputs\market_cap_weighted\NYNY_exact_market_data_contact.png","335100","5802566a4d3a1f9151fe4e9258f1e60f5eb4c62d59a9f7dd2eab9d2ca4e81a93"
"local-artifacts\outputs\market_cap_weighted\NYNY_exact_market_data_page1.png","166804","0f5170ff5e858cbec8a2ae9a175c10f21c047cc26d490324b3e023b7a6a0de74"
"local-artifacts\outputs\market_cap_weighted\NYNY_exact_market_data_page2.png","52990","8d6baa526c7d11337564976cf4ec18509f7a4afa6935dce9d34bdc5e734c0e53"
"local-artifacts\outputs\market_cap_weighted\NYNY_exact_new_portfolio_cash_2_cap_6.xlsx","74696","48c49dec665910067dd3c457d4f5cc396290401e62ae2852910b39466c35f4fb"
"local-artifacts\outputs\market_cap_weighted\NYNY_exact_old_data.pdf","233934","089c7d23e53c7e5d93290d3fb3d25db37fa2ecdfe4d86a5b18c800f0cccf6564"
"local-artifacts\outputs\market_cap_weighted\NYNY_exact_old_data_contact.png","395568","065eb9fa1bcbb261385e5fff6fc301111d2363c71709491f6e31922a49fb3b7c"
"local-artifacts\outputs\market_cap_weighted\NYNY_exact_old_data_page1.png","128527","4a2a498804ee9baf806f77b1d015fb9b27aab5c0e18d51cf84f04050a811f515"
"local-artifacts\outputs\market_cap_weighted\NYNY_exact_old_data_page2.png","109468","4d5d0fb4e7bec4d9e23408bd4961d35983002bca2c6742c488df164772da7b90"
"local-artifacts\outputs\market_cap_weighted\NYNY_free_float_cash_2_cap_6.xlsx","75541","6873d05f9fb000536abe10791cb94d38da37913914fd2828079f12df77574b23"
"local-artifacts\outputs\market_cap_weighted\NYNY_free_float_main.pdf","233447","bac266694966422322299cc5ba6b32f5c2325c02fc9455c0e2644aaa568bed79"
"local-artifacts\outputs\market_cap_weighted\NYNY_free_float_main_contact.png","471637","86f1ff75e5b2198d5eb398afb133667aff28c9b0de5dc12eb2386f279e89ea58"
"local-artifacts\outputs\market_cap_weighted\NYNY_free_float_main_page1.png","204289","146e8310bd2dd0c40e61f9c315c5c4a12d862d66b8e9a86dc0131e339dc1b005"
"local-artifacts\outputs\market_cap_weighted\NYNY_free_float_main_page2.png","86002","98c6f63a1007f5911fec9567c9db2816c19bdc7918db0260b916b3eb2597e4db"
"local-artifacts\outputs\market_cap_weighted\NYNY_free_float_market_cap_weighted.xlsx","53393","3c892a354da6e1f04db4bcf8841e2a81cb0a66faccb0f16ae8b882aa38c3412f"
"local-artifacts\outputs\market_cap_weighted\NYNY_free_float_market_data.pdf","313445","1d4e925379684f0196a00cd92a254a7813d6f8bea5bcb47d695e10b23012db49"
"local-artifacts\outputs\market_cap_weighted\NYNY_free_float_market_data_contact.png","332576","e931c78c73367f8c70e5219554f3c7bc7c6cc36b1e95c1396adf598aeff0d57d"
"local-artifacts\outputs\market_cap_weighted\NYNY_free_float_market_data_page1.png","163920","b35950d8fbd07d3a1e8e89464829d67fc15501bd75ac4b99707ed1b8beea913c"
"local-artifacts\outputs\market_cap_weighted\NYNY_free_float_market_data_page2.png","52990","8d6baa526c7d11337564976cf4ec18509f7a4afa6935dce9d34bdc5e734c0e53"
"local-artifacts\outputs\market_cap_weighted\NYNY_free_float_old_data.pdf","233934","28710eb64b08ad3dea5a3b5e12ade903ebbf2b2851d4e09abd328838fae89c94"
"local-artifacts\outputs\market_cap_weighted\NYNY_free_float_old_data_contact.png","395616","7076a1a68fc0b5228f632cedb7b0344f5bb948e28a9d3bf9f88c419dbe406ab2"
"local-artifacts\outputs\market_cap_weighted\NYNY_free_float_old_data_page1.png","128527","4a2a498804ee9baf806f77b1d015fb9b27aab5c0e18d51cf84f04050a811f515"
"local-artifacts\outputs\market_cap_weighted\NYNY_free_float_old_data_page2.png","109468","4d5d0fb4e7bec4d9e23408bd4961d35983002bca2c6742c488df164772da7b90"
"local-artifacts\outputs\market_cap_weighted\NYNY_market_cap_weighted.xlsx","35683","91780aa5684aed7fe73e91ec1479227874915adf003b23799f48a457c88115a8"
"local-artifacts\outputs\market_cap_weighted\NYNY_single_4_5_sorted_calculation.pdf","286662","e2fbc22185eb9fb665f9c83e986d0b35cce18ca702f7311a2d8b46d4491fabf0"
"local-artifacts\outputs\market_cap_weighted\NYNY_single_4_5_sorted_calculation_contact.png","302193","49d705a811dd93e14860ee63b8d9ebf4edfcb36d5fc331cf46f947cfff26109c"
"local-artifacts\outputs\market_cap_weighted\NYNY_single_4_5_sorted_calculation_page1.png","155147","b7fc97b69a37d2ea3ee2f3c909e0aac92350da2cc1fe201a8fa11d5f561a0ab8"
"local-artifacts\outputs\market_cap_weighted\NYNY_single_4_5_sorted_main.pdf","234054","2d7a706f4dc91701a67f0db9d8f82c375e187bccc9871be6f26c59089464d050"
"local-artifacts\outputs\market_cap_weighted\NYNY_single_4_5_sorted_main_contact.png","430338","b10007c28f4d3826fa4fdb6f3775798e8de18d16a5a2f90fd9f416c59a465025"
"local-artifacts\outputs\market_cap_weighted\NYNY_single_4_5_sorted_main_page1.png","214367","88c07f81af9dbb3cc2fa2c3ba0bcfcffd73a214373d8609e983aab670506aafd"
"local-artifacts\outputs\market_cap_weighted\NYNY_single_4_5_sorted_main_page2.png","61503","97aa9e81538ddc58a0f1e23292392b61536944dc641541353bca5dfc93c8a5c3"
"local-artifacts\outputs\market_cap_weighted\NYNY_single_4_5_sorted_market_data.pdf","314264","646a2344985e276e44c7dfcc41cba2f0fcb6204056fd51638c6acfe602c66d2a"
"local-artifacts\outputs\market_cap_weighted\NYNY_single_4_5_sorted_market_data_contact.png","342005","6eff47b71d49b1cdd05474d9761c79d3ca26725e1f14bcb976ba1d94a6bf062a"
"local-artifacts\outputs\market_cap_weighted\NYNY_single_4_5_sorted_market_data_page1.png","167823","16ad5300d466fdf7f60f2aa9b37055d2a4fe8c84a4ad75a0f1bc4817d8d3eb0c"
"local-artifacts\outputs\market_cap_weighted\NYNY_single_4_5_sorted_market_data_page2.png","58492","29db51723acd6b6d414f5350c5bdeb163bc5684530e015884bcf3afcb0c24495"
"local-artifacts\outputs\market_cap_weighted\NYNY_single_4_5_sorted_old_data.pdf","233934","75d5bea7248eaa3b16dd10b532f27d0d3df79b15fab4b8df545d53a7df4eaf24"
"local-artifacts\outputs\market_cap_weighted\NYNY_single_4_5_sorted_old_data_contact.png","395850","bde06afeb38fbc7ee264121c62253fa42280e915520cebc004c6b5ce311c7818"
"local-artifacts\outputs\market_cap_weighted\NYNY_single_4_5_sorted_old_data_page1.png","128527","4a2a498804ee9baf806f77b1d015fb9b27aab5c0e18d51cf84f04050a811f515"
"local-artifacts\outputs\market_cap_weighted\NYNY_single_4_5_sorted_old_data_page2.png","109468","4d5d0fb4e7bec4d9e23408bd4961d35983002bca2c6742c488df164772da7b90"
"local-artifacts\outputs\market_cap_weighted\NYNY_single_4_5_sorted_trade_analysis.pdf","128495","2a55d43fa579929f9cf21ffd50d343eda28be61b2ee8a1cbd5563fad4756d745"
"local-artifacts\outputs\market_cap_weighted\NYNY_single_4_5_sorted_trade_analysis_contact.png","413214","41a2891b4b7f9cfab0f6c16a410c5ca0ef3680c199bf1242f37c4187a906be69"
"local-artifacts\outputs\market_cap_weighted\NYNY_single_4_5_sorted_trade_analysis_page1.png","156483","047967d08773edfff64dc256b1fea1b701c140047be48f010465f4f5da1e1ff4"
"local-artifacts\outputs\market_cap_weighted\NYNY_single_4_5_sorted_trade_analysis_page2.png","154868","b771b3e272f4917c9b9fd8ee6f41f784f7545e12ef53e48595b26894203ca3de"
"local-artifacts\outputs\market_cap_weighted\NYNY_target_caps_calculation.pdf","287514","5cf7e962db5bc6fcb833356dd53d71836e151c803bbe2079e625dfa2545702e6"
"local-artifacts\outputs\market_cap_weighted\NYNY_target_caps_calculation_contact.png","303947","7f252625080e28f5d597ed353bf2c9c1567cae14290a5729013dc9b9f191e107"
"local-artifacts\outputs\market_cap_weighted\NYNY_target_caps_calculation_page1.png","153729","1c0cea04a7fba7ca17b867997778a6da393f13f9d08b30453eb8df9c4318e54d"
"local-artifacts\outputs\market_cap_weighted\NYNY_target_caps_main.pdf","235164","87c04fe0660b96764d23fa94e08e0e2975f21877412b69d9ac1f9d211e63ff1a"
"local-artifacts\outputs\market_cap_weighted\NYNY_target_caps_main_contact.png","432185","5e85865d40e1cf78c19d3d77cdda1a05c49abb8aedd55b3bc64139584705c051"
"local-artifacts\outputs\market_cap_weighted\NYNY_target_caps_main_page1.png","216197","f2277b4194ea71a2c15b935b800375aa6896b88a4b4503f9c2eb2e46d8d57a35"
"local-artifacts\outputs\market_cap_weighted\NYNY_target_caps_main_page2.png","61350","28428e0d518b3c4c5054a5e1bcc31d43ab98d855bbc665a8bd5f350a2ecdd504"
"local-artifacts\outputs\market_cap_weighted\NYNY_target_caps_market_data.pdf","314248","ec5cd9935d82b960b82c9a01b3a1654614450e58b4a31c20ff732298eca0242b"
"local-artifacts\outputs\market_cap_weighted\NYNY_target_caps_market_data_contact.png","341778","97446fb168d6980696e355e91449ae4ffd79642d8666460384b78d039763263d"
"local-artifacts\outputs\market_cap_weighted\NYNY_target_caps_market_data_page1.png","167760","bd3182c7eea49615bfd992c88995b2648236041d5f198f52e578e21a6c385be9"
"local-artifacts\outputs\market_cap_weighted\NYNY_target_caps_market_data_page2.png","58492","29db51723acd6b6d414f5350c5bdeb163bc5684530e015884bcf3afcb0c24495"
"local-artifacts\outputs\market_cap_weighted\NYNY_target_caps_old_data.pdf","233934","bf54be592a05ed277f0647bb136aa4ebc5bf3385730f6954245eb8154f278fc2"
"local-artifacts\outputs\market_cap_weighted\NYNY_target_caps_old_data_contact.png","395687","f05b7381c8a91f341630676c2e8367462d1a88d0742e6c4f0819d90decb1c5a3"
"local-artifacts\outputs\market_cap_weighted\NYNY_target_caps_old_data_page1.png","128527","4a2a498804ee9baf806f77b1d015fb9b27aab5c0e18d51cf84f04050a811f515"
"local-artifacts\outputs\market_cap_weighted\NYNY_target_caps_old_data_page2.png","109468","4d5d0fb4e7bec4d9e23408bd4961d35983002bca2c6742c488df164772da7b90"
"local-artifacts\outputs\market_cap_weighted\NYNY_target_caps_trade_analysis.pdf","126498","32f02eb18a9cca08daaa3909638f970a78779ec8786e1953fbe8f1501ca9fbed"
"local-artifacts\outputs\market_cap_weighted\NYNY_target_caps_trade_analysis_contact.png","408988","68072afe28c3c3a45e50bf9138717586236e24e2b773af0721b1449b77771f45"
"local-artifacts\outputs\market_cap_weighted\NYNY_target_caps_trade_analysis_page1.png","144239","c22a84141e6a483b77c7e1e10bb9502eaf0fac30e27d812e84b4c84a936f464e"
"local-artifacts\outputs\market_cap_weighted\NYNY_target_caps_trade_analysis_page2.png","163274","c345b54c951334d9478bb8824d6712f2b965f3da8cae976f407cdb98e53257b7"
"local-artifacts\outputs\market_cap_weighted\NYNY_uniform_4_5_calculation.pdf","284965","b45fd8def5a9da92d22cbe757ae39056590aa83bd63e381f4aaedccb7e2958fe"
"local-artifacts\outputs\market_cap_weighted\NYNY_uniform_4_5_calculation_contact.png","301310","ae159e01b4ad6f4a49ec1f7092e14dabd5b2c23a0e52497b6e7b8aa2a75b30bb"
"local-artifacts\outputs\market_cap_weighted\NYNY_uniform_4_5_calculation_page1.png","153379","efd2187248049ac7b4ac6fb13d8e2f1d60719e70a92744350c6e74b4b6bf9727"
"local-artifacts\outputs\market_cap_weighted\NYNY_uniform_4_5_main.pdf","235998","851f9d963f862ed1b1815d160570e42b7ba14f56a3a33d70a9e15491c739064e"
"local-artifacts\outputs\market_cap_weighted\NYNY_uniform_4_5_main_contact.png","432601","33512070f5ec5735a9f259d657253db545fe8f9cf7446c68af601cbfdea1ede9"
"local-artifacts\outputs\market_cap_weighted\NYNY_uniform_4_5_main_page1.png","215559","ff90935b4e9443765931a67b091ccb3bf76276b193f8a5e9acee44433b2e8f03"
"local-artifacts\outputs\market_cap_weighted\NYNY_uniform_4_5_main_page2.png","61334","dfad52115c6af24f9b2ca154a283b77d117bd4a654b5e408d547bd7a78967865"
"local-artifacts\outputs\market_cap_weighted\NYNY_uniform_4_5_market_data.pdf","314247","84a5ac7e93f72aa05bed450b4669ee8d6b29950ddc0dc1189bd8a355f6730a3b"
"local-artifacts\outputs\market_cap_weighted\NYNY_uniform_4_5_market_data_contact.png","341712","b74a880f07e7bd78c386b66d4167b1918bb1605e7d5b87274351ecd963dab923"
"local-artifacts\outputs\market_cap_weighted\NYNY_uniform_4_5_market_data_page1.png","167727","8c122baf9a515d40e3bd766d5d6e756765d07a0b1c66add1f7f18420b5bf87f6"
"local-artifacts\outputs\market_cap_weighted\NYNY_uniform_4_5_market_data_page2.png","58492","29db51723acd6b6d414f5350c5bdeb163bc5684530e015884bcf3afcb0c24495"
"local-artifacts\outputs\market_cap_weighted\NYNY_uniform_4_5_old_data.pdf","233934","df436d3cda2f990847e76f6a1948742e3e5ba7be87933f9c98248204d1db683c"
"local-artifacts\outputs\market_cap_weighted\NYNY_uniform_4_5_old_data_contact.png","395668","a883b30be3e624f1417b19df66c7b09df515c4bd415ef8c1f38013a6e49d78d9"
"local-artifacts\outputs\market_cap_weighted\NYNY_uniform_4_5_old_data_page1.png","128527","4a2a498804ee9baf806f77b1d015fb9b27aab5c0e18d51cf84f04050a811f515"
"local-artifacts\outputs\market_cap_weighted\NYNY_uniform_4_5_old_data_page2.png","109468","4d5d0fb4e7bec4d9e23408bd4961d35983002bca2c6742c488df164772da7b90"
"local-artifacts\outputs\market_cap_weighted\NYNY_uniform_4_5_trade_analysis.pdf","128897","e69bd1e286372ae72fe65689a0ce37a44ddcb2a606ff52fd08a2bf5ab2d4e39c"
"local-artifacts\outputs\market_cap_weighted\NYNY_uniform_4_5_trade_analysis_contact.png","413073","f02957fe61db7eb6ee9abc1a0684ae25f0d6df685cfe891df16d088b4594e2cd"
"local-artifacts\outputs\market_cap_weighted\NYNY_uniform_4_5_trade_analysis_page1.png","150071","601728df58ad4e7283bcb534e5713801d32385044d21f83ca0f6ec72321c2830"
"local-artifacts\outputs\market_cap_weighted\NYNY_uniform_4_5_trade_analysis_page2.png","160777","e6cb97aeefd7fb8d809391a5735197ff43e84a0b3f16a228be527d3137c865b5"
"local-artifacts\outputs\market_cap_weighted\NYNY_updated_main.pdf","222697","c4c4d7d86dc54f3d278751cb6e23db73939e0287d25fa9743e7f7c782ba0a0de"
"local-artifacts\outputs\market_cap_weighted\NYNY_updated_main_contact.png","410809","3825bf024f7af31fcd35fb7a50ea605074af1dbd0230f9fbd2727bc5814cb1ae"
"local-artifacts\outputs\market_cap_weighted\NYNY_updated_main_page1.png","186386","1eebd9298a2b1f4fc6c9ce3501e70512620ecc0736d91db8852141fcf0d5f5cd"
"local-artifacts\outputs\market_cap_weighted\NYNY_updated_main_page2.png","71217","b8be7f64b8dee08253db6e88cc3f6515a078a32334ac800d3beb3ee1cdc150b1"
"local-artifacts\outputs\market_cap_weighted\NYNY_updated_market_data.pdf","272533","0b2a3a4ae077e91d425a8c10cd57cc816dcd582bf8c0aa2304a935341c66d80d"
"local-artifacts\outputs\market_cap_weighted\NYNY_updated_market_data_contact.png","405642","74cf69014a3718a145d61f86836d643ddbb8b956e2789fb0d00e0cd51e3ef7ff"
"local-artifacts\outputs\market_cap_weighted\NYNY_updated_market_data_page1.png","145144","1961efa7afd2dea8d2dbe1eae77fd975245ab60dc97737d601756e0c33deb30c"
"local-artifacts\outputs\market_cap_weighted\NYNY_updated_market_data_page2.png","113172","1227984fe07f49275cf5488a2dd16aac76e2fa0e83e9419c0869dc809af0b0bc"
"local-artifacts\outputs\market_cap_weighted\NYNY_updated_old_data.pdf","233934","b9e606bc6fc94048a483b1acd066effe24567996a8ca7f4b3b624a94c04f73b8"
"local-artifacts\outputs\market_cap_weighted\NYNY_updated_old_data_contact.png","395560","af631873d4cece6f21c579320425fcb7d3f1e2477adcb129f243a84644484473"
"local-artifacts\outputs\market_cap_weighted\NYNY_updated_old_data_page1.png","128527","4a2a498804ee9baf806f77b1d015fb9b27aab5c0e18d51cf84f04050a811f515"
"local-artifacts\outputs\market_cap_weighted\NYNY_updated_old_data_page2.png","109468","4d5d0fb4e7bec4d9e23408bd4961d35983002bca2c6742c488df164772da7b90"
"local-artifacts\outputs\market_cap_weighted\NYNY_updated_old_holdings_JPM_8pct.xlsx","42179","8af31178c38894e26b7cd58faa326f2704ffedd8ee619dea68071de55d5b4a69"
"local-artifacts\outputs\market_cap_weighted\NYNY_weighted_data.pdf","274353","5c31faefd8e0716d4f93bad376b3fe3f79fb1e66b1c7846ee85a1a998803bfb7"
"local-artifacts\outputs\market_cap_weighted\NYNY_weighted_data_contact.png","404160","c22a5bbc31c48a1f988049bfab976ef1e71249cdac3baae670b8c9335d516851"
"local-artifacts\outputs\market_cap_weighted\NYNY_weighted_data_page1.png","143719","b4b8cc404649b067f9b39e6713618727c50d1da9a13939bb72649fe6996f4e1c"
"local-artifacts\outputs\market_cap_weighted\NYNY_weighted_data_page2.png","113172","1227984fe07f49275cf5488a2dd16aac76e2fa0e83e9419c0869dc809af0b0bc"
"local-artifacts\outputs\market_cap_weighted\NYNY_weighted_main.pdf","218749","f849dcd26a98455a2d4c0b98454c0acbb5f4b81579fd6955e8e5751c6f060789"
"local-artifacts\outputs\market_cap_weighted\NYNY_weighted_main_contact.png","400698","a5b8dd5194bab96490c6da599cc7159130cb6bdc70ba97f281eec57f159db52d"
"local-artifacts\outputs\market_cap_weighted\NYNY_weighted_main_page1.png","177681","4cd61263b1fb22ba25beb9316420081c1272fca48e27a19e790077e8fe0a74e0"
"local-artifacts\outputs\market_cap_weighted\NYNY_weighted_main_page2.png","69408","d0f8c43189837cfcd8054cd2337056c2c835505fb797414cb5cf0222235597a6"
"local-artifacts\outputs\market_cap_weighted\NYNY_weighting_comparison.xlsx","45336","88cc17e7b16e99137f722c970e3e4d3236c37e2f44ed207a6874849c8b7c4a15"
"local-artifacts\stale-live-data\data\intake\2026-06\pipeline_20260811\create_redeem_orders.csv","18187","f9cd17ae6fc8358392128aa643c890b02229c808d8aca65c88270fe8ce40b5c7"
"local-artifacts\stale-live-data\data\intake\2026-06\pipeline_20260811\positions\achx\positions.csv","1241","44242dbb90186e262b323e8fcce17eef0f8a4ff13d15544ab60a074320a959ad"
"local-artifacts\stale-live-data\data\intake\2026-06\pipeline_20260811\positions\aclz\positions.csv","1595","c4e92098de5380c282b63d39a47e14aeca027be05989b395b5fde5df1692f833"
"local-artifacts\stale-live-data\data\intake\2026-06\pipeline_20260811\positions\acmm\positions.csv","1572","10120475553a51ef89cb8be9cdd477adbd8bfdd3a9ae9703ae8707aa2c80f2d5"
"local-artifacts\stale-live-data\data\intake\2026-06\pipeline_20260811\positions\amaa\positions.csv","1565","9df9dda6c555f42b297f05e878c9d6f757cd2f09bac5c88e7c7c535b924501d5"
"local-artifacts\stale-live-data\data\intake\2026-06\pipeline_20260811\positions\amdc\positions.csv","1601","a3831e9476acb162b173acb2bde5d8e28e2c6630e98ba7a1a70211ba3c796c47"
"local-artifacts\stale-live-data\data\intake\2026-06\pipeline_20260811\positions\appc\positions.csv","1571","271c7ec77ac13d3d56b5b4cd181298f7f9ac376e6680c85df7a5770a62c709e7"
"local-artifacts\stale-live-data\data\intake\2026-06\pipeline_20260811\positions\arma\positions.csv","1239","b1eee9e5db4a762250329397be706758330a210d88b977702b18333a692ed0e6"
"local-artifacts\stale-live-data\data\intake\2026-06\pipeline_20260811\positions\asmz\positions.csv","1228","a17a6f2cc835d03bd1100758ed8adddd5c6329f7a2c4a356c4b18fc083d466ab"
"local-artifacts\stale-live-data\data\intake\2026-06\pipeline_20260811\positions\astt\positions.csv","1580","b3293287ddf1a2cd1963b37047de9f1a6c7958ea05076db69857f2d5a7008994"
"local-artifacts\stale-live-data\data\intake\2026-06\pipeline_20260811\positions\av\positions.csv","8081","56c8769fa38d961e7d8fbe41000aa64fbebe06ca520f543f12c79458018afcfc"
"local-artifacts\stale-live-data\data\intake\2026-06\pipeline_20260811\positions\avgc\positions.csv","1239","16059ee09193916369124d8bac5410ccd6f2d49715c41815bddaed991a932943"
"local-artifacts\stale-live-data\data\intake\2026-06\pipeline_20260811\positions\bay\positions.csv","11369","7ce9855635c67dcb7672da21943bedc817075270ee3cbbc3ee63ef686eb70017"
"local-artifacts\stale-live-data\data\intake\2026-06\pipeline_20260811\positions\bec\positions.csv","1239","aee80c1749b87360e5a98a4d0c6e287cc4c380de623b72e781085b0fbaae939c"
"local-artifacts\stale-live-data\data\intake\2026-06\pipeline_20260811\positions\blck\positions.csv","7006","d5bbcdef60c421397521ef06196d7620333ed54c89839243274dae00b7171a17"
"local-artifacts\stale-live-data\data\intake\2026-06\pipeline_20260811\positions\brew\positions.csv","4625","4b2cbe38d978fe685d54bb171e4bc6b3d4e4ff08c47c1a6040ed5bbc172cbbb6"
"local-artifacts\stale-live-data\data\intake\2026-06\pipeline_20260811\positions\brzx\positions.csv","1580","24aa714897bb97753e72972abfa595bc4335107eded09d34554216b1ee4b56ed"
"local-artifacts\stale-live-data\data\intake\2026-06\pipeline_20260811\positions\bzz\positions.csv","5872","0ddb30d375f032fc382627ad3b05d01f6d0d5a3a6c4f11afa6f75d5b7f278415"
"local-artifacts\stale-live-data\data\intake\2026-06\pipeline_20260811\positions\camc\positions.csv","1544","df79c971f784af940c925d1018d6c7753e5601301f988e171ac5fc01e40843c5"
"local-artifacts\stale-live-data\data\intake\2026-06\pipeline_20260811\positions\carx\positions.csv","1553","020835b648c5484d816af29d24083425bab42cf7506705d46a078995523bedd8"
"local-artifacts\stale-live-data\data\intake\2026-06\pipeline_20260811\positions\cbil\positions.csv","7002","7062ec3261f3b280e6b8bdeba6430c3e87021b2ce5a5e9a059fc5999286dec75"
"local-artifacts\stale-live-data\data\intake\2026-06\pipeline_20260811\positions\cbot\positions.csv","5410","a3e00b13f3b17be7797534c1bced555c4933355df77dfc8325f248bb784fc27a"
"local-artifacts\stale-live-data\data\intake\2026-06\pipeline_20260811\positions\ccpx\positions.csv","1594","11c83af03487f5efe01cf8cc7fbeba9b41fdecc872ed4c64507f30f48e68dfdb"
"local-artifacts\stale-live-data\data\intake\2026-06\pipeline_20260811\positions\cgov\positions.csv","6509","4aa9849808766d4b039478b060a2517eb4eadda33a876b88a331e8312b72d8b8"
"local-artifacts\stale-live-data\data\intake\2026-06\pipeline_20260811\positions\chyg\positions.csv","42485","fc6e8b67b8c5b60786d7905c16613625c598e55dc32b7eb3671136596ad2bd5d"
"local-artifacts\stale-live-data\data\intake\2026-06\pipeline_20260811\positions\ciei\positions.csv","25397","90f193b5bc587da8e15b6a2053645ece806b23fb0311a841ac7bdbe1afe79fa7"
"local-artifacts\stale-live-data\data\intake\2026-06\pipeline_20260811\positions\cifc\positions.csv","1240","9fe8d446224a579c0dff18ed64d503483e615aed5b7566c05edb1881480389c6"
"local-artifacts\stale-live-data\data\intake\2026-06\pipeline_20260811\positions\civg\positions.csv","43295","1a1571d030499fc183237488d426f7197efc7299f62011c430daa30e124994d8"
"local-artifacts\stale-live-data\data\intake\2026-06\pipeline_20260811\positions\cjun\positions.csv","2612","fdaec07441ae9cfeae78dbffe5a79c377f7e50215ca187d7ebcffdb428ee1b58"
"local-artifacts\stale-live-data\data\intake\2026-06\pipeline_20260811\positions\cmag\positions.csv","4476","ed35cd6caa1ac77465ab16caf760d1298c88dae3cd035eb0568f8d39b4e9a8dc"
"local-artifacts\stale-live-data\data\intake\2026-06\pipeline_20260811\positions\cmay\positions.csv","2621","4f6df8aeba33a1d242656c52d954a95a4e32201e48ae618aed54595c26563a17"
"local-artifacts\stale-live-data\data\intake\2026-06\pipeline_20260811\positions\coix\positions.csv","1581","b7ab34efa5b0b3c3722b3a214dcb2b2c55ecc7dd5626ffdc3e194dbe6c5bed1e"
"local-artifacts\stale-live-data\data\intake\2026-06\pipeline_20260811\positions\cqtm\positions.csv","4554","f1053f9e9542845e32124b72818127453e62070c8b75ef8ee13934703d42eb47"
"local-artifacts\stale-live-data\data\intake\2026-06\pipeline_20260811\positions\cruc\positions.csv","1572","c7e8b10ab7b38c025b75bfcd038ca83a56cbb24fb8bc48dd6e906dcff3b88277"
"local-artifacts\stale-live-data\data\intake\2026-06\pipeline_20260811\positions\ctjn\positions.csv","2615","57c021b3feb4d78232747ea0bf37cda59b3be27b6416a0a44d21036bfb3a04c7"
"local-artifacts\stale-live-data\data\intake\2026-06\pipeline_20260811\positions\ctma\positions.csv","2621","a35691d104f336f14e5e3a44d38d4e5b00ba554ba17899fe979b552e4ac21757"
"local-artifacts\stale-live-data\data\intake\2026-06\pipeline_20260811\positions\cust\positions.csv","25694","9571338a4550161aaab2b8c0f19115225d6b757f2cbeb86d27745878f26c106a"
"local-artifacts\stale-live-data\data\intake\2026-06\pipeline_20260811\positions\dipr\positions.csv","6447","a1f3930cdd26b0458c9a2548d5c83ac29916d0bab6f9612a91d24ea7e2cc09aa"
"local-artifacts\stale-live-data\data\intake\2026-06\pipeline_20260811\positions\dock\positions.csv","9325","b1a788907201db9e0cd0a3cc28fd6f36036869f63d44a68410307e46166e0a94"
"local-artifacts\stale-live-data\data\intake\2026-06\pipeline_20260811\positions\emjn\positions.csv","2603","134f19240c1c75f55c2f83ad54114f240ea0013a47836d1ed97358ec9c63eb0f"
"local-artifacts\stale-live-data\data\intake\2026-06\pipeline_20260811\positions\emmy\positions.csv","2598","934113adc67ed9670ed83f4acee50026ae38daa9b4e0979d0ca0ed32291e23dd"
"local-artifacts\stale-live-data\data\intake\2026-06\pipeline_20260811\positions\emxx\positions.csv","1640","e2aae75ff073152624b8308b844ccfd53885dc38a66584b0fa389081b6f88eb7"
"local-artifacts\stale-live-data\data\intake\2026-06\pipeline_20260811\positions\eo\positions.csv","1240","495040e15ddf5a878b1e7d60060f73da854e57ecd0cf3d7e9acd3a6b1e9d9948"
"local-artifacts\stale-live-data\data\intake\2026-06\pipeline_20260811\positions\euv\positions.csv","8267","1d53c902ea737e841c9db9ed9004cde80fe972e995721bd353c1c1fa4c65813b"
"local-artifacts\stale-live-data\data\intake\2026-06\pipeline_20260811\positions\euvx\positions.csv","1609","1fd4555cfe94163bf3034e923b6918dc01e71944f9a49979c3df6106b1b4a5f6"
"local-artifacts\stale-live-data\data\intake\2026-06\pipeline_20260811\positions\eyes\positions.csv","7262","251c5cbf6d8567774bd46baabc6921dfd5e2749b7ec81e74c8910eaaa1f1a7da"
"local-artifacts\stale-live-data\data\intake\2026-06\pipeline_20260811\positions\fbx\positions.csv","1577","9e450cc0065a8fd287554c975bfdf596597e3fe0145e5aef13a192c4f1db73de"
"local-artifacts\stale-live-data\data\intake\2026-06\pipeline_20260811\positions\fdrs\positions.csv","10172","dbf23f0b18ed95eb9c4597c4322a43b3e0c070d873446bf92bde31338fca760a"
"local-artifacts\stale-live-data\data\intake\2026-06\pipeline_20260811\positions\fdrx\positions.csv","1537","f5ccca7e8f635439a82ba8c2637e14520c3cb5f2df079fdf64c2dbb7055b14b4"
"local-artifacts\stale-live-data\data\intake\2026-06\pipeline_20260811\positions\gasz\positions.csv","5113","546bf284b9d187b79a3fd7bf0bdbd71a9d5215ed154a8de800720ec0e9189853"
"local-artifacts\stale-live-data\data\intake\2026-06\pipeline_20260811\positions\glam\positions.csv","5726","9239823852d0f2fd0c8faabf41e82a12b14264b0084eceeb1f001be93a6538b5"
"local-artifacts\stale-live-data\data\intake\2026-06\pipeline_20260811\positions\glx\positions.csv","1240","c10f38ac60ec166f8c1ec422dd7984342f1b8d0fc925a5a74a436ae54dee718b"
"local-artifacts\stale-live-data\data\intake\2026-06\pipeline_20260811\positions\gmec\positions.csv","1240","73ec600329fe7655a53bfd7c0b58b1ce259c41922b195689d89902c661101f59"
"local-artifacts\stale-live-data\data\intake\2026-06\pipeline_20260811\positions\gnmx\positions.csv","11756","0c7597f58e92877b8759612eb54a85c3ac54a81930bf96ec7a410d1cfda4307e"
"local-artifacts\stale-live-data\data\intake\2026-06\pipeline_20260811\positions\gogl\positions.csv","1550","77962cbb876d408855b85c31178ade98a5d7b67c8af67c38c76f9b1b3d65f1df"
"local-artifacts\stale-live-data\data\intake\2026-06\pipeline_20260811\positions\hjun\positions.csv","2347","2b48200ecfa05314757180d41d81e8c8205fa24be0a21943ccc49aafdd754e39"
"local-artifacts\stale-live-data\data\intake\2026-06\pipeline_20260811\positions\hmay\positions.csv","2353","ca5af4c3eeb352953fdc4737903c68cdf75564511e7e183171805998e583d094"
"local-artifacts\stale-live-data\data\intake\2026-06\pipeline_20260811\positions\hull\positions.csv","8692","283942906d2f0e55659cb669ecc97a97fc75359417e6cdad199498c677c4faaf"
"local-artifacts\stale-live-data\data\intake\2026-06\pipeline_20260811\positions\idjn\positions.csv","2604","81b665aa40d650b1b5338a8bc1f6062b6b22a7d9934fd5aca48fdef1bff6151f"
"local-artifacts\stale-live-data\data\intake\2026-06\pipeline_20260811\positions\idmy\positions.csv","2617","34925a167146978b1bea5bfdf515c9f6d5d376f5da6f365f5a1b61ebf55aff33"
"local-artifacts\stale-live-data\data\intake\2026-06\pipeline_20260811\positions\ionc\positions.csv","1239","d7789e0e64dfbe2fa643dc477b8dd0241cd824feae64d1d4fcb7250f176f33de"
"local-artifacts\stale-live-data\data\intake\2026-06\pipeline_20260811\positions\iosx\positions.csv","1239","ab56fd574e73a9e611fd60830fa0df5827ae6bd396cb299efd05a213f122b64d"
"local-artifacts\stale-live-data\data\intake\2026-06\pipeline_20260811\positions\joul\positions.csv","4659","97cda3d930a95ac3f8117be2d81a54f25759613e771877ec81e27474951e4a3e"
"local-artifacts\stale-live-data\data\intake\2026-06\pipeline_20260811\positions\junc\positions.csv","2615","b293f6ae94dbf6ad222b8bd041194291823e04e1feea0fff77a72c24741acda0"
"local-artifacts\stale-live-data\data\intake\2026-06\pipeline_20260811\positions\keyx\positions.csv","1599","cf5ca05473e41bfca4f3a47792dbd7a450d66f8c50fd39fdc5fe4e67fd360515"
"local-artifacts\stale-live-data\data\intake\2026-06\pipeline_20260811\positions\krwx\positions.csv","1922","6d89b9f35b808a34b0eeb59d428bea791d47dfc8d692d4b81f26191c660dedae"
"local-artifacts\stale-live-data\data\intake\2026-06\pipeline_20260811\positions\kyc\positions.csv","10939","6d0f2ac77cffa6ea3e38ae892b7ea01648ac0cd1a6d48851a1026d13738bfa3c"
"local-artifacts\stale-live-data\data\intake\2026-06\pipeline_20260811\positions\lasc\positions.csv","1553","55921b39c103a8bf48fe42ec6dd2762b2db34d79fba86632d6585bffb6900a3a"
"local-artifacts\stale-live-data\data\intake\2026-06\pipeline_20260811\positions\latr\positions.csv","4885","8fa83b7e62089fa51eb57b72d13a3d4362aae58a5ee0184f89b271cca0aeaa9d"
"local-artifacts\stale-live-data\data\intake\2026-06\pipeline_20260811\positions\lrnx\positions.csv","1553","f7754bb9e834d4a2a061268bd0dcc2ddbd7b1bd58231b170c1124b40b0a8296f"
"local-artifacts\stale-live-data\data\intake\2026-06\pipeline_20260811\positions\mayc\positions.csv","2620","6bc48878d582a411e3738cf53c3112e3c6b655d4619b84ca913271d81eaa77b5"
"local-artifacts\stale-live-data\data\intake\2026-06\pipeline_20260811\positions\mgkx\positions.csv","1619","39309472fe79bdca29485579025f96597ef42520114720173b29be0bdb60a182"
"local-artifacts\stale-live-data\data\intake\2026-06\pipeline_20260811\positions\mic\positions.csv","1587","5e126ea42bdc66c0e642ff36527a5a7ea92079471fea55527c51a935515ed951"
"local-artifacts\stale-live-data\data\intake\2026-06\pipeline_20260811\positions\mnsx\positions.csv","1595","5d75d7e401128a702441e9a141fdc638fb2bba004f18f41be020eeb303794988"
"local-artifacts\stale-live-data\data\intake\2026-06\pipeline_20260811\positions\msfc\positions.csv","1574","021caf0a60f47ba1aefa3222ad9c48bc6b546cb98009d6fe20b23ead3cb4e7f6"
"local-artifacts\stale-live-data\data\intake\2026-06\pipeline_20260811\positions\msix\positions.csv","1589","f32d11f5b0de9432d37f2c407b868dede84107daefa8a83b5f1a7ba8b2677b55"
"local-artifacts\stale-live-data\data\intake\2026-06\pipeline_20260811\positions\mstc\positions.csv","1547","6dff07c52c6f1dca5025bf9659de7075d1f30a60d26baa8c76219baa3802ca77"
"local-artifacts\stale-live-data\data\intake\2026-06\pipeline_20260811\positions\nvc\positions.csv","1565","07bd5457eba3e9510ad2a947901cc1dc41b9099441f9204894d999214f6a165b"
"local-artifacts\stale-live-data\data\intake\2026-06\pipeline_20260811\positions\nyny\positions.csv","11249","be61048fc05e0a2f59d3d564283e2b5071743ab3fa3a7bdb33849db73048de4f"
"local-artifacts\stale-live-data\data\intake\2026-06\pipeline_20260811\positions\oddz\positions.csv","5638","9c1223fb58838bbbee569de6189df0b96a5cdf4d3e40e507923e1e56b223b74b"
"local-artifacts\stale-live-data\data\intake\2026-06\pipeline_20260811\positions\ontx\positions.csv","1571","857558cf9f96d5c87925750c477142b5187d3ee812d4bf2f8d6f7d99c000f31d"
"local-artifacts\stale-live-data\data\intake\2026-06\pipeline_20260811\positions\orac\positions.csv","1239","58ae5eb5a736923ae5c9903145938aa33229ef6db54ca2d60d64b13dfcdab709"
"local-artifacts\stale-live-data\data\intake\2026-06\pipeline_20260811\positions\own\positions.csv","18658","b673f9d479e1de9b86ada54b1aaff64c1f27965a9c1dd099c22f651744385c36"
"local-artifacts\stale-live-data\data\intake\2026-06\pipeline_20260811\positions\pltl\positions.csv","1589","00bd975ecd8fcb7334c20e66a3d9ee668dfec2bf69ccb92379f76c6a02d831c9"
"local-artifacts\stale-live-data\data\intake\2026-06\pipeline_20260811\positions\ptnt\positions.csv","6514","77324c29f222ebbdb980e909db389240fa37014384676c1333e1250a0a5dd4cb"
"local-artifacts\stale-live-data\data\intake\2026-06\pipeline_20260811\positions\qjn\positions.csv","2611","86ead8c448167b770af2e4ecae22dece611c52a55b54cc97469b6b37a06f2334"
"local-artifacts\stale-live-data\data\intake\2026-06\pipeline_20260811\positions\qmy\positions.csv","2612","677ec370a0af22d9488ac1ab99b1616aeb2921e0c1ea471c7a7a251375e54ac9"
"local-artifacts\stale-live-data\data\intake\2026-06\pipeline_20260811\positions\qqjn\positions.csv","2619","6e243b121aed39740e6dda2194347710cda2f75a18d7eb2e2be717503957839e"
"local-artifacts\stale-live-data\data\intake\2026-06\pipeline_20260811\positions\qqmy\positions.csv","2617","a50c348a1530f36e71770ab2c99cab23f6965f18d61c5372e96405014be1e1ca"
"local-artifacts\stale-live-data\data\intake\2026-06\pipeline_20260811\positions\rkx\positions.csv","1239","c48724018e0f433114d0e10275d95c421cfcfd85c9278926a747952b562e0a55"
"local-artifacts\stale-live-data\data\intake\2026-06\pipeline_20260811\positions\rmbc\positions.csv","1544","ef187efbb3c1f8812fc2b6569f21d87fdbecd58edae90af21dea60948f867d12"
"local-artifacts\stale-live-data\data\intake\2026-06\pipeline_20260811\positions\scjn\positions.csv","2611","0e191b31c7efd60132284a8790da19af6b899c8bf76d1837d1ac730d88307957"
"local-artifacts\stale-live-data\data\intake\2026-06\pipeline_20260811\positions\scmy\positions.csv","2615","2edd313dabdf2273d9861a9b2bf143073176e2f1f55ee8ce4a1dab7d088add25"
"local-artifacts\stale-live-data\data\intake\2026-06\pipeline_20260811\positions\simx\positions.csv","1622","0c3afbeb4d1462ab90f4fce50f1dc5b5ad6ebbb1886ee4e2072efb53c8cfcbf9"
"local-artifacts\stale-live-data\data\intake\2026-06\pipeline_20260811\positions\smcc\positions.csv","1240","1fc14a71581ce94b22a61056e36ca02234dea5109facae5a457dd9cea43edb5e"
"local-artifacts\stale-live-data\data\intake\2026-06\pipeline_20260811\positions\sndc\positions.csv","1569","30cbe4bbc928d7f60adf2915a59aca5038520aa6074b7e12c5c2a860b94d18df"
"local-artifacts\stale-live-data\data\intake\2026-06\pipeline_20260811\positions\styl\positions.csv","9372","85c9f38a85d3ac382c8f4e4e8cee4c8d119e71317b92e6601d33ccb66dbff1e9"
"local-artifacts\stale-live-data\data\intake\2026-06\pipeline_20260811\positions\tajx\positions.csv","1578","416296dfc8cf59f161cd2cf760a5d87c65457fe2188a7a085f305c0061228d82"
"local-artifacts\stale-live-data\data\intake\2026-06\pipeline_20260811\positions\tesc\positions.csv","1550","3e14a6f2e48770f69bccab961af29a398720c5df2e67edcdcca27464392e028c"
"local-artifacts\stale-live-data\data\intake\2026-06\pipeline_20260811\positions\tplx\positions.csv","1601","1270949c0feb41e44b82542719cadcc21e1e4c36918fc988ba15460fb5f3e2cd"
"local-artifacts\stale-live-data\data\intake\2026-06\pipeline_20260811\positions\twsc\positions.csv","1661","ab2ac24814a1786e6f4708888d2cd55647ab9de33e2a5ae117d8b5ae1ba19981"
"local-artifacts\stale-live-data\data\intake\2026-06\pipeline_20260811\positions\uctx\positions.csv","1595","32e36aee041550cfebc82ee17a8590ecd20cfe7e8e631b20b9770e7a08ce00c3"
"local-artifacts\stale-live-data\data\intake\2026-06\pipeline_20260811\positions\umcx\positions.csv","1617","66860213f281efd018cc5824390cc474a85a832fe23a8adc9f85e18db87ab2a7"
"local-artifacts\stale-live-data\data\intake\2026-06\pipeline_20260811\positions\usx\positions.csv","1661","ea7ea418b087cefa087fe034442ce4ddda8a9aab7f52b9daca37af252c6f3850"
"local-artifacts\stale-live-data\data\intake\2026-06\pipeline_20260811\positions\vbx\positions.csv","1634","3f621cde630946c3449a8488726c4740d507e6e5c35b4eedad2924863b6a0a2b"
"local-artifacts\stale-live-data\data\intake\2026-06\pipeline_20260811\positions\voox\positions.csv","1574","b8ee549d125f4c3356bc5bbd6d9349f096908d5b44788b6cbaffe9a739a5930e"
"local-artifacts\stale-live-data\data\intake\2026-06\pipeline_20260811\positions\wats\positions.csv","5348","7de7c0a57d9fb544f61e3b026395b52505296741aa52b51281efed5b7a0f5ece"
"local-artifacts\stale-live-data\data\intake\2026-06\pipeline_20260811\positions\webx\positions.csv","1613","7876c282990db53b5a7686622a838553292f8653fe91c76a4eb1895e0e1b00dc"
"local-artifacts\stale-live-data\data\intake\2026-06\pipeline_20260811\positions\wndr\positions.csv","11786","09c33a5cb5a5ac3b347470233e98ed33190d97d17f35568f3ea7ec4583d80775"
"local-artifacts\stale-live-data\data\intake\2026-06\pipeline_20260811\positions\wr\positions.csv","11199","3254fb800f4b9211455224530f933ec02ea30d45bf99dcff1e48725e9eb9a401"
"local-artifacts\stale-live-data\data\intake\2026-06\pipeline_20260811\positions\wx\positions.csv","1658","ce275744cd36c8895532cddf3968d2334134678d9597c3e2a3bd0aa803a6339f"
"local-artifacts\stale-live-data\data\intake\2026-06\pipeline_20260811\positions\xa\positions.csv","5536","86f62b2d8b8a27d72dfa6546c2290e9ca00c84762a87068b25f49ab980d4422d"
"local-artifacts\stale-live-data\data\intake\2026-06\pipeline_20260811\positions\xagi\positions.csv","1731","654252d03e5ebd7d9141a931f319e6c66cb79804ce6fd52b8b8be25ab4a18f9e"
"local-artifacts\stale-live-data\data\intake\2026-06\pipeline_20260811\positions\xbix\positions.csv","1610","f82db347cf8725bebac97fef22b912cfc5dc15d9798b705511f0ce96ea49604f"
"local-artifacts\stale-live-data\data\intake\2026-06\pipeline_20260811\positions\xcom\positions.csv","1701","b9ea02f7ffa742ee412efaeaf2fdf374c31be4d41048d6d4c941bec110715e57"
"local-artifacts\stale-live-data\data\intake\2026-06\pipeline_20260811\positions\xeur\positions.csv","1586","80be4092b7608b1937ae7ab18e7c8321fac89764d02a9e4a9f73080aea14d3e4"
"local-artifacts\stale-live-data\data\intake\2026-06\pipeline_20260811\positions\xhoa\positions.csv","1653","eec0869d1ff351e7f09390f6d7f39ce475b3d7db7242e7f903410acf46c968fc"
"local-artifacts\stale-live-data\data\intake\2026-06\pipeline_20260811\positions\xiwc\positions.csv","1575","1e835e127762e27c3c7ba8b76220e88c6df3bbc679b4620ebb9383ffd034b5f5"
"local-artifacts\stale-live-data\data\intake\2026-06\pipeline_20260811\positions\xkre\positions.csv","1637","5340658d9d7d55b41923c98d6b3586c01c4b1a05ca5e53c761e9304ee3850bc6"
"local-artifacts\stale-live-data\data\intake\2026-06\pipeline_20260811\positions\xlbx\positions.csv","1646","28d435dd6ead274c022b5c659489136d84fd15784cebf0ce1eb4f01ce1cc8699"
"local-artifacts\stale-live-data\data\intake\2026-06\pipeline_20260811\positions\xlex\positions.csv","1637","650bb596ba347050396e6419c93023777048881149434c55f291b6c3e05975e3"
"local-artifacts\stale-live-data\data\intake\2026-06\pipeline_20260811\positions\xlfx\positions.csv","1646","8fd1a6ca72747e263c3a48470d72332eb911e0e523b3153e27e8aa3d2e63807c"
"local-artifacts\stale-live-data\data\intake\2026-06\pipeline_20260811\positions\xlix\positions.csv","1649","275172700acdb5f45c8ab6ffbaf1ac289387f2ca74d8e7b950fb92d98c0b9af3"
"local-artifacts\stale-live-data\data\intake\2026-06\pipeline_20260811\positions\xlkx\positions.csv","1650","80bb2ffe011a3ff0e67592b505ce32934ac659cef2896862998838614f657023"
"local-artifacts\stale-live-data\data\intake\2026-06\pipeline_20260811\positions\xlpx\positions.csv","1670","866511510eaf0d0a5e6302eb7329db51d526a6aafb8649c1ddfeca634b6014c2"
"local-artifacts\stale-live-data\data\intake\2026-06\pipeline_20260811\positions\xlux\positions.csv","1649","079b095c864a98a4058dbb7fffb85cb78dc1ead88ae9ab96f21f88a2e0090820"
"local-artifacts\stale-live-data\data\intake\2026-06\pipeline_20260811\positions\xlvx\positions.csv","1655","1d977b12a54263dc5286efee8931fe874d54818462aacecccd6023b94f82f631"
"local-artifacts\stale-live-data\data\intake\2026-06\pipeline_20260811\positions\xlyx\positions.csv","1688","5f7221fba5a5e4020fa3304d0509da4cc899649b08cd62a2ccbb66048e58b36b"
"local-artifacts\stale-live-data\data\intake\2026-06\pipeline_20260811\positions\xpav\positions.csv","1644","cd75fb75efdba8e7386fb49edcca88e882774baa3e5e0e6a01a659966a30e6a6"
"local-artifacts\stale-live-data\data\intake\2026-06\pipeline_20260811\positions\xqtm\positions.csv","1240","9ec172b911bf87cdd6b7e86d2e0bbb99d37a0224adaeacd0605684506bc2db81"
"local-artifacts\stale-live-data\data\intake\2026-06\pipeline_20260811\positions\xsem\positions.csv","1586","3dc84204d72e072fd498ac47feecdd0c7371fa82604ea82ba30f1278dc37c316"
"local-artifacts\stale-live-data\data\intake\2026-06\pipeline_20260811\positions\xtai\positions.csv","1583","e7278d7102d7641a11a19afee37351578600622ac2af5476e723b5dceb7d0c82"
"local-artifacts\stale-live-data\data\intake\2026-06\pipeline_20260811\positions\xvo\positions.csv","1628","10bad773f712281b53a9f141a36e11a7fbf6ea1e46ec2e3320b177e67de92197"
"local-artifacts\stale-live-data\data\intake\2026-06\pipeline_20260811\positions\xvug\positions.csv","1625","8f55d398248682e99248d85125cc04effd2e6f98c15dd7e807d07fecbd35002a"
"local-artifacts\stale-live-data\data\intake\2026-06\pipeline_20260811\positions\xw\positions.csv","1680","5a436921ddb98a66d93a2ca41a5c1735217dd2d4514ce8f273ba5151a07c4326"
"local-artifacts\stale-live-data\data\intake\2026-06\pipeline_20260811\positions\yung\positions.csv","9862","d3cc55624a9dc01e68db7a9371a1474811692636ae4f66fd77f971e0ee09353a"
"local-artifacts\stale-live-data\data\intake\2026-06\pipeline_20260811\positions_manifest.csv","20794","e12c617d170b8b374bf72e560efd7c994d820e1c38b9de9213640dd87ebe9ef8"
"local-artifacts\stale-live-data\data\intake\2026-06\pipeline_20260811\prepare_results.json","48089","d8caedbb40965a1d08b67527a58c594c5b65d937bcea2067e2f7f3e7d8f1c046"
"local-artifacts\stale-live-data\data\intake\2026-06\pipeline_20260811\source_receipt.json","58062","44432b5ba96bccd15ca306da709b1db0be82056c1ef684e7488f3df18ab298c5"
"local-artifacts\stale-live-data\data\intake\2026-06\pipeline_20260811\validation_summary.json","858","b2a1a79dc13b15f133423192cad7bbc4621d133114964c74de56a5e993fcc34c"
"local-artifacts\stale-live-data\data\master\~$filing_master.xlsx","165","c17846dc9db81c7b6b31bd3dfdddef9f4e545e4a701d609ae0af43a86378a61d"
"local-artifacts\stale-live-data\data\master\~$security_master.xlsx","165","c17846dc9db81c7b6b31bd3dfdddef9f4e545e4a701d609ae0af43a86378a61d"
"local-artifacts\tmp\chrome_nport_final_20260804\runbook\Crashpad\metadata","0","e3b0c44298fc1c149afbf4c8996fb92427ae41e4649b934ca495991b7852b855"
"local-artifacts\tmp\chrome_nport_final_20260804\runbook\Crashpad\settings.dat","40","d0a80d9ebf6fb8707610bcb1a9e6a33c80bdec4d6386bb30ce49ce5b6c488d12"
"local-artifacts\tmp\chrome_nport_final_20260804\runbook\Default\Account Web Data","77824","b671fc77f2eab823e977a4d842eaa80acefcc4a7fc205a76766a96f5196e65a8"
"local-artifacts\tmp\chrome_nport_final_20260804\runbook\Default\Account Web Data-journal","0","e3b0c44298fc1c149afbf4c8996fb92427ae41e4649b934ca495991b7852b855"
"local-artifacts\tmp\chrome_nport_final_20260804\runbook\Default\Affiliation Database","53248","687908afd0adf027324f343db40bdaceefe64afec45a24f08286b91f2d1bb181"
"local-artifacts\tmp\chrome_nport_final_20260804\runbook\Default\Affiliation Database-journal","0","e3b0c44298fc1c149afbf4c8996fb92427ae41e4649b934ca495991b7852b855"
"local-artifacts\tmp\chrome_nport_final_20260804\runbook\Default\BookmarkMergedSurfaceOrdering","6","4489f9e3e454748b3521eb214e0a5694d562cff3d9ff511cb456953c8f534c00"
"local-artifacts\tmp\chrome_nport_final_20260804\runbook\Default\Cache\Cache_Data\data_0","45056","468456974fd86b33647942820dce7284879acfab9e9e6eca008e1fdcf9006fb5"
"local-artifacts\tmp\chrome_nport_final_20260804\runbook\Default\Cache\Cache_Data\data_1","270336","0ff81bfe8be0518d8f0d6ac60e1782d0c04745701c9ec549404fddf3e0604f8f"
"local-artifacts\tmp\chrome_nport_final_20260804\runbook\Default\Cache\Cache_Data\data_2","8192","ec1702806f4cc7c42a82fc2b38e89835fde7c64bb32060e0823c9077ca92efb7"
"local-artifacts\tmp\chrome_nport_final_20260804\runbook\Default\Cache\Cache_Data\data_3","8192","e09f42c398d688dce168570291f1f92d079987deda3099a34adb9e8c0522b30c"
"local-artifacts\tmp\chrome_nport_final_20260804\runbook\Default\Cache\Cache_Data\index","524656","90aaafa0080eddc3987b1878619f7de177b98f2e03dab8d54a6b032a6a1fa868"
"local-artifacts\tmp\chrome_nport_final_20260804\runbook\Default\Cache\No_Vary_Search\journal.baj","4","9c169428d852e25bd59b27652ed533d2a1f09f96e4c329fa5e06f47e16731543"
"local-artifacts\tmp\chrome_nport_final_20260804\runbook\Default\Cache\No_Vary_Search\snapshot.baf","20","0c2dd377ed0cc66161e9db8f89f7d8bcb3ad8c06c4a054bdcba214ab05f58c9a"
"local-artifacts\tmp\chrome_nport_final_20260804\runbook\Default\chrome_cart_db\LOCK","0","e3b0c44298fc1c149afbf4c8996fb92427ae41e4649b934ca495991b7852b855"
"local-artifacts\tmp\chrome_nport_final_20260804\runbook\Default\chrome_cart_db\LOG","0","e3b0c44298fc1c149afbf4c8996fb92427ae41e4649b934ca495991b7852b855"
"local-artifacts\tmp\chrome_nport_final_20260804\runbook\Default\ClientCertificates\LOCK","0","e3b0c44298fc1c149afbf4c8996fb92427ae41e4649b934ca495991b7852b855"
"local-artifacts\tmp\chrome_nport_final_20260804\runbook\Default\ClientCertificates\LOG","0","e3b0c44298fc1c149afbf4c8996fb92427ae41e4649b934ca495991b7852b855"
"local-artifacts\tmp\chrome_nport_final_20260804\runbook\Default\Code Cache\js\ba678a2fbd8c358c_0","298","c00706544418ac32bbd399d0c6717099b5f9e6dabf08e020d1b84ef33c33841b"
"local-artifacts\tmp\chrome_nport_final_20260804\runbook\Default\Code Cache\js\index","24","fbcfe23a2ecb82b7100c50811691dde0a33aa3da8d176be9882a9db485dc0f2d"
"local-artifacts\tmp\chrome_nport_final_20260804\runbook\Default\Code Cache\js\index-dir\the-real-index","72","079bd801d727bc28c6ccca64f434eceb05f10fc0ccfb98e50ae3024db450153d"
"local-artifacts\tmp\chrome_nport_final_20260804\runbook\Default\Code Cache\wasm\index","24","fbcfe23a2ecb82b7100c50811691dde0a33aa3da8d176be9882a9db485dc0f2d"
"local-artifacts\tmp\chrome_nport_final_20260804\runbook\Default\Code Cache\wasm\index-dir\the-real-index","48","afe54ada096f005948d4a46fb78494c40896318cb1cb4e517849309946377e09"
"local-artifacts\tmp\chrome_nport_final_20260804\runbook\Default\commerce_subscription_db\LOCK","0","e3b0c44298fc1c149afbf4c8996fb92427ae41e4649b934ca495991b7852b855"
"local-artifacts\tmp\chrome_nport_final_20260804\runbook\Default\commerce_subscription_db\LOG","0","e3b0c44298fc1c149afbf4c8996fb92427ae41e4649b934ca495991b7852b855"
"local-artifacts\tmp\chrome_nport_final_20260804\runbook\Default\DawnGraphiteCache\data_0","8192","d6a5fe39cd672781b256e0e3102f7022635f1d4bb7cfcc90a80fffe4d0f3877e"
"local-artifacts\tmp\chrome_nport_final_20260804\runbook\Default\DawnGraphiteCache\data_1","270336","b1e963d702392fb7224786e7d56d43973e9b9efd1b89c17814d7c558ffc0cdec"
"local-artifacts\tmp\chrome_nport_final_20260804\runbook\Default\DawnGraphiteCache\data_2","8192","ec1702806f4cc7c42a82fc2b38e89835fde7c64bb32060e0823c9077ca92efb7"
"local-artifacts\tmp\chrome_nport_final_20260804\runbook\Default\DawnGraphiteCache\data_3","8192","e09f42c398d688dce168570291f1f92d079987deda3099a34adb9e8c0522b30c"
"local-artifacts\tmp\chrome_nport_final_20260804\runbook\Default\DawnGraphiteCache\index","262512","9051af4132e6e88f88daef8e0f55d40891b715b567bc7ec0a57c633c2378817c"
"local-artifacts\tmp\chrome_nport_final_20260804\runbook\Default\DawnWebGPUCache\data_0","8192","d6a5fe39cd672781b256e0e3102f7022635f1d4bb7cfcc90a80fffe4d0f3877e"
"local-artifacts\tmp\chrome_nport_final_20260804\runbook\Default\DawnWebGPUCache\data_1","270336","b1e963d702392fb7224786e7d56d43973e9b9efd1b89c17814d7c558ffc0cdec"
"local-artifacts\tmp\chrome_nport_final_20260804\runbook\Default\DawnWebGPUCache\data_2","8192","ec1702806f4cc7c42a82fc2b38e89835fde7c64bb32060e0823c9077ca92efb7"
"local-artifacts\tmp\chrome_nport_final_20260804\runbook\Default\DawnWebGPUCache\data_3","8192","e09f42c398d688dce168570291f1f92d079987deda3099a34adb9e8c0522b30c"
"local-artifacts\tmp\chrome_nport_final_20260804\runbook\Default\DawnWebGPUCache\index","262512","3e655b4331b8726743aa82ae0cfb7583fd2ad3da6d87de7103ea1f8d864bc4b7"
"local-artifacts\tmp\chrome_nport_final_20260804\runbook\Default\discount_infos_db\LOCK","0","e3b0c44298fc1c149afbf4c8996fb92427ae41e4649b934ca495991b7852b855"
"local-artifacts\tmp\chrome_nport_final_20260804\runbook\Default\discount_infos_db\LOG","0","e3b0c44298fc1c149afbf4c8996fb92427ae41e4649b934ca495991b7852b855"
"local-artifacts\tmp\chrome_nport_final_20260804\runbook\Default\discounts_db\LOCK","0","e3b0c44298fc1c149afbf4c8996fb92427ae41e4649b934ca495991b7852b855"
"local-artifacts\tmp\chrome_nport_final_20260804\runbook\Default\discounts_db\LOG","0","e3b0c44298fc1c149afbf4c8996fb92427ae41e4649b934ca495991b7852b855"
"local-artifacts\tmp\chrome_nport_final_20260804\runbook\Default\engine_allowlist.bf","360","63e82eb5c06b4c0057d99777bb9b9b8967a5629d20bf795a24448d79c24be281"
"local-artifacts\tmp\chrome_nport_final_20260804\runbook\Default\Extension Rules\000003.log","57","99c59cbe7db56d56a286485635e4467004641c6275e708887dd35728eb05109a"
"local-artifacts\tmp\chrome_nport_final_20260804\runbook\Default\Extension Rules\CURRENT","16","0f1bad70c7bd1e0a69562853ec529355462fcd0423263a3d39d6d0d70b780443"
"local-artifacts\tmp\chrome_nport_final_20260804\runbook\Default\Extension Rules\LOCK","0","e3b0c44298fc1c149afbf4c8996fb92427ae41e4649b934ca495991b7852b855"
"local-artifacts\tmp\chrome_nport_final_20260804\runbook\Default\Extension Rules\LOG","315","d89a7026cca371c548c575f384f5e769baf07b50f33c8e329a3c84b2ed2b0d42"
"local-artifacts\tmp\chrome_nport_final_20260804\runbook\Default\Extension Rules\MANIFEST-000001","41","f9d31b278e215eb0d0e9cd709edfa037e828f36214ab7906f612160fead4b2b4"
"local-artifacts\tmp\chrome_nport_final_20260804\runbook\Default\Extension Scripts\000003.log","57","99c59cbe7db56d56a286485635e4467004641c6275e708887dd35728eb05109a"
"local-artifacts\tmp\chrome_nport_final_20260804\runbook\Default\Extension Scripts\CURRENT","16","0f1bad70c7bd1e0a69562853ec529355462fcd0423263a3d39d6d0d70b780443"
"local-artifacts\tmp\chrome_nport_final_20260804\runbook\Default\Extension Scripts\LOCK","0","e3b0c44298fc1c149afbf4c8996fb92427ae41e4649b934ca495991b7852b855"
"local-artifacts\tmp\chrome_nport_final_20260804\runbook\Default\Extension Scripts\LOG","319","5f8bd4faf62d77138be2be10a672e301831b18f186ce615e5e4a162413ba3564"
"local-artifacts\tmp\chrome_nport_final_20260804\runbook\Default\Extension Scripts\MANIFEST-000001","41","f9d31b278e215eb0d0e9cd709edfa037e828f36214ab7906f612160fead4b2b4"
"local-artifacts\tmp\chrome_nport_final_20260804\runbook\Default\Extension State\000003.log","171","14f92b911f9fe774720461eec5bb4761ae6bfc9445c67e30bf624a8694b4b1da"
"local-artifacts\tmp\chrome_nport_final_20260804\runbook\Default\Extension State\CURRENT","16","0f1bad70c7bd1e0a69562853ec529355462fcd0423263a3d39d6d0d70b780443"
"local-artifacts\tmp\chrome_nport_final_20260804\runbook\Default\Extension State\LOCK","0","e3b0c44298fc1c149afbf4c8996fb92427ae41e4649b934ca495991b7852b855"
"local-artifacts\tmp\chrome_nport_final_20260804\runbook\Default\Extension State\LOG","317","e6aaf06d2eafab09598bf6c72292405d0eb3d191b659c7a927ad41513036d78d"
"local-artifacts\tmp\chrome_nport_final_20260804\runbook\Default\Extension State\MANIFEST-000001","41","f9d31b278e215eb0d0e9cd709edfa037e828f36214ab7906f612160fead4b2b4"
"local-artifacts\tmp\chrome_nport_final_20260804\runbook\Default\Favicons","20480","3acaa11cefe4c5008978f3db3014ae1f8939ee079c031832bebe29d442292add"
"local-artifacts\tmp\chrome_nport_final_20260804\runbook\Default\Favicons-journal","0","e3b0c44298fc1c149afbf4c8996fb92427ae41e4649b934ca495991b7852b855"
"local-artifacts\tmp\chrome_nport_final_20260804\runbook\Default\GPUCache\data_0","8192","d6a5fe39cd672781b256e0e3102f7022635f1d4bb7cfcc90a80fffe4d0f3877e"
"local-artifacts\tmp\chrome_nport_final_20260804\runbook\Default\GPUCache\data_1","270336","b1e963d702392fb7224786e7d56d43973e9b9efd1b89c17814d7c558ffc0cdec"
"local-artifacts\tmp\chrome_nport_final_20260804\runbook\Default\GPUCache\data_2","8192","ec1702806f4cc7c42a82fc2b38e89835fde7c64bb32060e0823c9077ca92efb7"
"local-artifacts\tmp\chrome_nport_final_20260804\runbook\Default\GPUCache\data_3","8192","e09f42c398d688dce168570291f1f92d079987deda3099a34adb9e8c0522b30c"
"local-artifacts\tmp\chrome_nport_final_20260804\runbook\Default\GPUCache\index","262512","c3d781691bd9a5a18e605622759ac63524fb9adb7ffc1689a97ba7f6eb071678"
"local-artifacts\tmp\chrome_nport_final_20260804\runbook\Default\History","163840","fff8b99b3a14b79d122a164fd9b41b9cb5b1a11636e7ed1e01ead1af046db9cc"
"local-artifacts\tmp\chrome_nport_final_20260804\runbook\Default\History-journal","0","e3b0c44298fc1c149afbf4c8996fb92427ae41e4649b934ca495991b7852b855"
"local-artifacts\tmp\chrome_nport_final_20260804\runbook\Default\Local Storage\leveldb\000003.log","30","8bd2ea70a0b70c91de138a5b87c7936c6a6fa7c4275c54b97f4ef0ccc5b79bb4"
"local-artifacts\tmp\chrome_nport_final_20260804\runbook\Default\Local Storage\leveldb\CURRENT","16","0f1bad70c7bd1e0a69562853ec529355462fcd0423263a3d39d6d0d70b780443"
"local-artifacts\tmp\chrome_nport_final_20260804\runbook\Default\Local Storage\leveldb\LOCK","0","e3b0c44298fc1c149afbf4c8996fb92427ae41e4649b934ca495991b7852b855"
"local-artifacts\tmp\chrome_nport_final_20260804\runbook\Default\Local Storage\leveldb\LOG","327","db720a11d439ee88e0240e968ef2c9f0c15de0243c2a36028164116781bda727"
"local-artifacts\tmp\chrome_nport_final_20260804\runbook\Default\Local Storage\leveldb\MANIFEST-000001","41","f9d31b278e215eb0d0e9cd709edfa037e828f36214ab7906f612160fead4b2b4"
"local-artifacts\tmp\chrome_nport_final_20260804\runbook\Default\LOCK","0","e3b0c44298fc1c149afbf4c8996fb92427ae41e4649b934ca495991b7852b855"
"local-artifacts\tmp\chrome_nport_final_20260804\runbook\Default\LOG","0","e3b0c44298fc1c149afbf4c8996fb92427ae41e4649b934ca495991b7852b855"
"local-artifacts\tmp\chrome_nport_final_20260804\runbook\Default\Login Data","40960","05e8c5e696093d57d273f916a2c9f2ef9b055eea6cb41f3ae258255409a89012"
"local-artifacts\tmp\chrome_nport_final_20260804\runbook\Default\Login Data For Account","40960","05e8c5e696093d57d273f916a2c9f2ef9b055eea6cb41f3ae258255409a89012"
"local-artifacts\tmp\chrome_nport_final_20260804\runbook\Default\Login Data For Account-journal","0","e3b0c44298fc1c149afbf4c8996fb92427ae41e4649b934ca495991b7852b855"
"local-artifacts\tmp\chrome_nport_final_20260804\runbook\Default\Login Data-journal","0","e3b0c44298fc1c149afbf4c8996fb92427ae41e4649b934ca495991b7852b855"
"local-artifacts\tmp\chrome_nport_final_20260804\runbook\Default\Network\Cookies","20480","40cfaef080aad157b7f8e0fade5b8a83ca8eb2a84fcea586458803c1e4d32e5b"
"local-artifacts\tmp\chrome_nport_final_20260804\runbook\Default\Network\Cookies-journal","0","e3b0c44298fc1c149afbf4c8996fb92427ae41e4649b934ca495991b7852b855"
"local-artifacts\tmp\chrome_nport_final_20260804\runbook\Default\Network\Device Bound Sessions","20480","ed90c803dbac3e3d245fe75145506230f1b47dfc7f16274c79dd1565ade4e014"
"local-artifacts\tmp\chrome_nport_final_20260804\runbook\Default\Network\Device Bound Sessions-journal","0","e3b0c44298fc1c149afbf4c8996fb92427ae41e4649b934ca495991b7852b855"
"local-artifacts\tmp\chrome_nport_final_20260804\runbook\Default\Network\Network Persistent State","111","f5e224a52f6ad7e0c235d238c3e2983c5c0b314c552f20ff2affb4472ac866f5"
"local-artifacts\tmp\chrome_nport_final_20260804\runbook\Default\Network\NetworkDataMigrated","0","e3b0c44298fc1c149afbf4c8996fb92427ae41e4649b934ca495991b7852b855"
"local-artifacts\tmp\chrome_nport_final_20260804\runbook\Default\Network\Reporting and NEL","36864","8b86bbe225327a60bb03abcae3e4f927367240f7df368c8bf1d9dbe309686506"
"local-artifacts\tmp\chrome_nport_final_20260804\runbook\Default\Network\Reporting and NEL-journal","0","e3b0c44298fc1c149afbf4c8996fb92427ae41e4649b934ca495991b7852b855"
"local-artifacts\tmp\chrome_nport_final_20260804\runbook\Default\Network\Trust Tokens","36864","8b5a62a399e316009e0c0ee1727ede327893d7f82f38a136e795422b3f9c333c"
"local-artifacts\tmp\chrome_nport_final_20260804\runbook\Default\Network\Trust Tokens-journal","0","e3b0c44298fc1c149afbf4c8996fb92427ae41e4649b934ca495991b7852b855"
"local-artifacts\tmp\chrome_nport_final_20260804\runbook\Default\parcel_tracking_db\LOCK","0","e3b0c44298fc1c149afbf4c8996fb92427ae41e4649b934ca495991b7852b855"
"local-artifacts\tmp\chrome_nport_final_20260804\runbook\Default\parcel_tracking_db\LOG","0","e3b0c44298fc1c149afbf4c8996fb92427ae41e4649b934ca495991b7852b855"
"local-artifacts\tmp\chrome_nport_final_20260804\runbook\Default\PersistentOriginTrials\LOCK","0","e3b0c44298fc1c149afbf4c8996fb92427ae41e4649b934ca495991b7852b855"
"local-artifacts\tmp\chrome_nport_final_20260804\runbook\Default\PersistentOriginTrials\LOG","0","e3b0c44298fc1c149afbf4c8996fb92427ae41e4649b934ca495991b7852b855"
"local-artifacts\tmp\chrome_nport_final_20260804\runbook\Default\Preferences","8698","8625363a440f3101197942a785ac2c136db339a643ec602970d676786389bec7"
"local-artifacts\tmp\chrome_nport_final_20260804\runbook\Default\README","180","c43668eec4a8d88a5b3a06a84f8846853fe33e54293c2db56899a5a5dfb4d944"
"local-artifacts\tmp\chrome_nport_final_20260804\runbook\Default\Safe Browsing Network\NetworkDataMigrated","0","e3b0c44298fc1c149afbf4c8996fb92427ae41e4649b934ca495991b7852b855"
"local-artifacts\tmp\chrome_nport_final_20260804\runbook\Default\Safe Browsing Network\Safe Browsing Cookies","20480","40cfaef080aad157b7f8e0fade5b8a83ca8eb2a84fcea586458803c1e4d32e5b"
"local-artifacts\tmp\chrome_nport_final_20260804\runbook\Default\Safe Browsing Network\Safe Browsing Cookies-journal","0","e3b0c44298fc1c149afbf4c8996fb92427ae41e4649b934ca495991b7852b855"
"local-artifacts\tmp\chrome_nport_final_20260804\runbook\Default\Secure Preferences","13877","5c72b2b5abb215274dbc2bc5a49e4cda37f453a2b1bd1d00bcce8792ae9df0b8"
"local-artifacts\tmp\chrome_nport_final_20260804\runbook\Default\Segmentation Platform\SegmentInfoDB\LOCK","0","e3b0c44298fc1c149afbf4c8996fb92427ae41e4649b934ca495991b7852b855"
"local-artifacts\tmp\chrome_nport_final_20260804\runbook\Default\Segmentation Platform\SegmentInfoDB\LOG","0","e3b0c44298fc1c149afbf4c8996fb92427ae41e4649b934ca495991b7852b855"
"local-artifacts\tmp\chrome_nport_final_20260804\runbook\Default\Segmentation Platform\SignalDB\LOCK","0","e3b0c44298fc1c149afbf4c8996fb92427ae41e4649b934ca495991b7852b855"
"local-artifacts\tmp\chrome_nport_final_20260804\runbook\Default\Segmentation Platform\SignalDB\LOG","0","e3b0c44298fc1c149afbf4c8996fb92427ae41e4649b934ca495991b7852b855"
"local-artifacts\tmp\chrome_nport_final_20260804\runbook\Default\Segmentation Platform\SignalStorageConfigDB\LOCK","0","e3b0c44298fc1c149afbf4c8996fb92427ae41e4649b934ca495991b7852b855"
"local-artifacts\tmp\chrome_nport_final_20260804\runbook\Default\Segmentation Platform\SignalStorageConfigDB\LOG","0","e3b0c44298fc1c149afbf4c8996fb92427ae41e4649b934ca495991b7852b855"
"local-artifacts\tmp\chrome_nport_final_20260804\runbook\Default\ServerCertificate","20480","4d2411474fd0bd7237bae798a21959c422dccc3275d742b8de4440cc244b22ce"
"local-artifacts\tmp\chrome_nport_final_20260804\runbook\Default\ServerCertificate-journal","0","e3b0c44298fc1c149afbf4c8996fb92427ae41e4649b934ca495991b7852b855"
"local-artifacts\tmp\chrome_nport_final_20260804\runbook\Default\Service Worker\Database\000003.log","1263","d93c9815ae83ba96f891e14e52288ef7b333951c852539383bbbd40a92318a8f"
"local-artifacts\tmp\chrome_nport_final_20260804\runbook\Default\Service Worker\Database\CURRENT","16","0f1bad70c7bd1e0a69562853ec529355462fcd0423263a3d39d6d0d70b780443"
"local-artifacts\tmp\chrome_nport_final_20260804\runbook\Default\Service Worker\Database\LOCK","0","e3b0c44298fc1c149afbf4c8996fb92427ae41e4649b934ca495991b7852b855"
"local-artifacts\tmp\chrome_nport_final_20260804\runbook\Default\Service Worker\Database\LOG","331","c4abd7e42b5b67218e17de7548897e70f0486b1d8f1e9955a6b68e2b47819181"
"local-artifacts\tmp\chrome_nport_final_20260804\runbook\Default\Service Worker\Database\MANIFEST-000001","41","f9d31b278e215eb0d0e9cd709edfa037e828f36214ab7906f612160fead4b2b4"
"local-artifacts\tmp\chrome_nport_final_20260804\runbook\Default\Service Worker\ScriptCache\2cc80dabc69f58b6_0","472","7433e2de592bac3d53e34206cd580d140d107eae0defa146b238d209d3b34c87"
"local-artifacts\tmp\chrome_nport_final_20260804\runbook\Default\Service Worker\ScriptCache\4cb013792b196a35_0","10387","9bfcd210dc08c82ce5d351f0b2e015d246be763173e1310cc3fe651d99c308aa"
"local-artifacts\tmp\chrome_nport_final_20260804\runbook\Default\Service Worker\ScriptCache\4cb013792b196a35_1","7217","348252b69779cca24a077f80926307c79508b91887bc734e3ac502699eba9e42"
"local-artifacts\tmp\chrome_nport_final_20260804\runbook\Default\Service Worker\ScriptCache\index","24","fbcfe23a2ecb82b7100c50811691dde0a33aa3da8d176be9882a9db485dc0f2d"
"local-artifacts\tmp\chrome_nport_final_20260804\runbook\Default\Service Worker\ScriptCache\index-dir\the-real-index","96","c99d9cf48284a6943f6459e64d9b24b199b99cc20fdb32d2ed392b8e520ba8b5"
"local-artifacts\tmp\chrome_nport_final_20260804\runbook\Default\Session Storage\000003.log","106","153b8849b572d53cea73a6fe4cc6565cc7a1d6f51d65bf1f2584d6de2c5dc62b"
"local-artifacts\tmp\chrome_nport_final_20260804\runbook\Default\Session Storage\CURRENT","16","0f1bad70c7bd1e0a69562853ec529355462fcd0423263a3d39d6d0d70b780443"
"local-artifacts\tmp\chrome_nport_final_20260804\runbook\Default\Session Storage\LOCK","0","e3b0c44298fc1c149afbf4c8996fb92427ae41e4649b934ca495991b7852b855"
"local-artifacts\tmp\chrome_nport_final_20260804\runbook\Default\Session Storage\LOG","315","86b7501934fe9fb717c8a5229edab3d4aca2d1c9f96fa3bf3a9b16075868f015"
"local-artifacts\tmp\chrome_nport_final_20260804\runbook\Default\Session Storage\MANIFEST-000001","41","f9d31b278e215eb0d0e9cd709edfa037e828f36214ab7906f612160fead4b2b4"
"local-artifacts\tmp\chrome_nport_final_20260804\runbook\Default\Sessions\Session_13430334112554337","2072","5f06e2f51e3ed1439bcbd5c20afdf70e0c3a9820d6e26854068545d01b9ee881"
"local-artifacts\tmp\chrome_nport_final_20260804\runbook\Default\Sessions\Tabs_13430334112557792","1764","12378460f2679325badb2c07812dfd0d480a448dee1588e873107cf185994985"
"local-artifacts\tmp\chrome_nport_final_20260804\runbook\Default\Shared Dictionary\cache\index","24","fbcfe23a2ecb82b7100c50811691dde0a33aa3da8d176be9882a9db485dc0f2d"
"local-artifacts\tmp\chrome_nport_final_20260804\runbook\Default\Shared Dictionary\cache\index-dir\the-real-index","48","55649f45d1b6b294b39f52d1a03fcb7df4f58544c6cd12b2602714a529e652c4"
"local-artifacts\tmp\chrome_nport_final_20260804\runbook\Default\Shared Dictionary\db","45056","fbb86c665b2fed35c372ce8996eb1c4e31082aedd6ad5fc6086cfac889c3471b"
"local-artifacts\tmp\chrome_nport_final_20260804\runbook\Default\Shared Dictionary\db-journal","0","e3b0c44298fc1c149afbf4c8996fb92427ae41e4649b934ca495991b7852b855"
"local-artifacts\tmp\chrome_nport_final_20260804\runbook\Default\shared_proto_db\000003.log","6737","cb729ef7d2250b1c15b308931a849cf3259ea90f9c5068b29246375ea3fdc86c"
"local-artifacts\tmp\chrome_nport_final_20260804\runbook\Default\shared_proto_db\CURRENT","16","0f1bad70c7bd1e0a69562853ec529355462fcd0423263a3d39d6d0d70b780443"
"local-artifacts\tmp\chrome_nport_final_20260804\runbook\Default\shared_proto_db\LOCK","0","e3b0c44298fc1c149afbf4c8996fb92427ae41e4649b934ca495991b7852b855"
"local-artifacts\tmp\chrome_nport_final_20260804\runbook\Default\shared_proto_db\LOG","315","63328607edbd07f8e3ae610b201bbe4455ca4a94fd6c5c1d78671d58ba5fe866"
"local-artifacts\tmp\chrome_nport_final_20260804\runbook\Default\shared_proto_db\MANIFEST-000001","41","f9d31b278e215eb0d0e9cd709edfa037e828f36214ab7906f612160fead4b2b4"
"local-artifacts\tmp\chrome_nport_final_20260804\runbook\Default\shared_proto_db\metadata\000003.log","706","d1c2ac5b5c24ac9412745acb3d3bcce60645fe2defb72ccb02e35d8e326043aa"
"local-artifacts\tmp\chrome_nport_final_20260804\runbook\Default\shared_proto_db\metadata\CURRENT","16","0f1bad70c7bd1e0a69562853ec529355462fcd0423263a3d39d6d0d70b780443"
"local-artifacts\tmp\chrome_nport_final_20260804\runbook\Default\shared_proto_db\metadata\LOCK","0","e3b0c44298fc1c149afbf4c8996fb92427ae41e4649b934ca495991b7852b855"
"local-artifacts\tmp\chrome_nport_final_20260804\runbook\Default\shared_proto_db\metadata\LOG","333","d1e119ee68d6ff788682391fdb5cb03b7b4042def020c119a49537be666bb9f2"
"local-artifacts\tmp\chrome_nport_final_20260804\runbook\Default\shared_proto_db\metadata\MANIFEST-000001","41","f9d31b278e215eb0d0e9cd709edfa037e828f36214ab7906f612160fead4b2b4"
"local-artifacts\tmp\chrome_nport_final_20260804\runbook\Default\Site Characteristics Database\000003.log","40","f096bc366a931fba656bdcd77b24af15a5f29fc53281a727c79f82c608ecfab8"
"local-artifacts\tmp\chrome_nport_final_20260804\runbook\Default\Site Characteristics Database\CURRENT","16","0f1bad70c7bd1e0a69562853ec529355462fcd0423263a3d39d6d0d70b780443"
"local-artifacts\tmp\chrome_nport_final_20260804\runbook\Default\Site Characteristics Database\LOCK","0","e3b0c44298fc1c149afbf4c8996fb92427ae41e4649b934ca495991b7852b855"
"local-artifacts\tmp\chrome_nport_final_20260804\runbook\Default\Site Characteristics Database\LOG","343","91ad2098241dc38bee015105675535ad5c09964fc458d99f5e1a7c44b27f1c75"
"local-artifacts\tmp\chrome_nport_final_20260804\runbook\Default\Site Characteristics Database\MANIFEST-000001","41","f9d31b278e215eb0d0e9cd709edfa037e828f36214ab7906f612160fead4b2b4"
"local-artifacts\tmp\chrome_nport_final_20260804\runbook\Default\Sync Data\LevelDB\000003.log","118","b201e50dd759e0c41786332abd0c141372955e9489cf632cc09100d1f46b3ac7"
"local-artifacts\tmp\chrome_nport_final_20260804\runbook\Default\Sync Data\LevelDB\CURRENT","16","0f1bad70c7bd1e0a69562853ec529355462fcd0423263a3d39d6d0d70b780443"
"local-artifacts\tmp\chrome_nport_final_20260804\runbook\Default\Sync Data\LevelDB\LOCK","0","e3b0c44298fc1c149afbf4c8996fb92427ae41e4649b934ca495991b7852b855"
"local-artifacts\tmp\chrome_nport_final_20260804\runbook\Default\Sync Data\LevelDB\LOG","319","3326f07da61ea7c79bffbd8d8bc79918c728b8a47148002a860334a52f155744"
"local-artifacts\tmp\chrome_nport_final_20260804\runbook\Default\Sync Data\LevelDB\MANIFEST-000001","41","f9d31b278e215eb0d0e9cd709edfa037e828f36214ab7906f612160fead4b2b4"
"local-artifacts\tmp\chrome_nport_final_20260804\runbook\Default\Top Sites","20480","36799ef65c1a2bdb7962c940f0451889b53119fa2021ddca9a7d0267afa91af7"
"local-artifacts\tmp\chrome_nport_final_20260804\runbook\Default\Top Sites-journal","0","e3b0c44298fc1c149afbf4c8996fb92427ae41e4649b934ca495991b7852b855"
"local-artifacts\tmp\chrome_nport_final_20260804\runbook\Default\Web Data","157696","b784b2b75dbcac15dc3932536a34a17588f2bfffe6051860a39eaaddb64ef679"
"local-artifacts\tmp\chrome_nport_final_20260804\runbook\Default\Web Data-journal","0","e3b0c44298fc1c149afbf4c8996fb92427ae41e4649b934ca495991b7852b855"
"local-artifacts\tmp\chrome_nport_final_20260804\runbook\Default\WebStorage\QuotaManager","40960","a3e705ab708c75c38e477e1486dd01ac3450c49ac0b50425cb950046ddc04f9e"
"local-artifacts\tmp\chrome_nport_final_20260804\runbook\Default\WebStorage\QuotaManager-journal","0","e3b0c44298fc1c149afbf4c8996fb92427ae41e4649b934ca495991b7852b855"
"local-artifacts\tmp\chrome_nport_final_20260804\runbook\extensions_crx_cache\metadata.json","13","2771d13c637c267132afff9db67537bef95708534b79ae8d954254c4e64e4e0f"
"local-artifacts\tmp\chrome_nport_final_20260804\runbook\GPUPersistentCache\DawnGraphiteCache\WRJTYMYAB73RC6HTXXLKRS2FEZVUG6PP\cache.db","4096","0ab48b25cba617ed3a4acca0161813b314c095ef63544bb4af60769eb1012977"
"local-artifacts\tmp\chrome_nport_final_20260804\runbook\GPUPersistentCache\DawnGraphiteCache\WRJTYMYAB73RC6HTXXLKRS2FEZVUG6PP\cache.db-wal","12392","6ddb6b60a030d7b7ebe3f89a9ac1fd88fa29b3c8d0a068d8492730ca781a3f37"
"local-artifacts\tmp\chrome_nport_final_20260804\runbook\GPUPersistentCache\DawnGraphiteCache\WRJTYMYAB73RC6HTXXLKRS2FEZVUG6PP\cache.journal","0","e3b0c44298fc1c149afbf4c8996fb92427ae41e4649b934ca495991b7852b855"
"local-artifacts\tmp\chrome_nport_final_20260804\runbook\GrShaderCache\data_0","8192","d6a5fe39cd672781b256e0e3102f7022635f1d4bb7cfcc90a80fffe4d0f3877e"
"local-artifacts\tmp\chrome_nport_final_20260804\runbook\GrShaderCache\data_1","270336","b1e963d702392fb7224786e7d56d43973e9b9efd1b89c17814d7c558ffc0cdec"
"local-artifacts\tmp\chrome_nport_final_20260804\runbook\GrShaderCache\data_2","8192","ec1702806f4cc7c42a82fc2b38e89835fde7c64bb32060e0823c9077ca92efb7"
"local-artifacts\tmp\chrome_nport_final_20260804\runbook\GrShaderCache\data_3","8192","e09f42c398d688dce168570291f1f92d079987deda3099a34adb9e8c0522b30c"
"local-artifacts\tmp\chrome_nport_final_20260804\runbook\GrShaderCache\index","262512","36311889a3c22f88fb4a596276cd32ac3db0788681de8f34cc1b598deb95f512"
"local-artifacts\tmp\chrome_nport_final_20260804\runbook\Last Version","14","78807c7b95e0abc2648e6a310354c4010f991a240b1f00c3146f475ab90c6e80"
"local-artifacts\tmp\chrome_nport_final_20260804\runbook\Local State","3284","742eb9403e01959fa3d4377fdf50a907fb9cf45086ef5321ecfb3a0818070a5d"
"local-artifacts\tmp\chrome_nport_final_20260804\runbook\segmentation_platform\ukm_db","49152","265313ebe0101cbcca8ffb097f8c004a93cb949704666a875cc528822590dfc5"
"local-artifacts\tmp\chrome_nport_final_20260804\runbook\ShaderCache\data_0","8192","d6a5fe39cd672781b256e0e3102f7022635f1d4bb7cfcc90a80fffe4d0f3877e"
"local-artifacts\tmp\chrome_nport_final_20260804\runbook\ShaderCache\data_1","270336","b1e963d702392fb7224786e7d56d43973e9b9efd1b89c17814d7c558ffc0cdec"
"local-artifacts\tmp\chrome_nport_final_20260804\runbook\ShaderCache\data_2","8192","ec1702806f4cc7c42a82fc2b38e89835fde7c64bb32060e0823c9077ca92efb7"
"local-artifacts\tmp\chrome_nport_final_20260804\runbook\ShaderCache\data_3","8192","e09f42c398d688dce168570291f1f92d079987deda3099a34adb9e8c0522b30c"
"local-artifacts\tmp\chrome_nport_final_20260804\runbook\ShaderCache\index","262512","5b9cb62d78ca458995a36a7b3446922d97c6af4db351454c49cfb01c41512c5c"
"local-artifacts\tmp\chrome_nport_final_20260804\runbook\Variations","85","b26da4f8c7e283aa74386da0229d66af14a37986b8ca828e054fc932f68dd557"
"local-artifacts\tmp\chrome_nport_final_20260804_audit\Crashpad\metadata","0","e3b0c44298fc1c149afbf4c8996fb92427ae41e4649b934ca495991b7852b855"
"local-artifacts\tmp\chrome_nport_final_20260804_audit\Crashpad\settings.dat","40","247c33e3f5d2230db8be6e09296c5dd0f476815051ef9af8c41ebf4f64e50900"
"local-artifacts\tmp\chrome_nport_final_20260804_audit\Default\Account Web Data","77824","b671fc77f2eab823e977a4d842eaa80acefcc4a7fc205a76766a96f5196e65a8"
"local-artifacts\tmp\chrome_nport_final_20260804_audit\Default\Account Web Data-journal","0","e3b0c44298fc1c149afbf4c8996fb92427ae41e4649b934ca495991b7852b855"
"local-artifacts\tmp\chrome_nport_final_20260804_audit\Default\Affiliation Database","53248","687908afd0adf027324f343db40bdaceefe64afec45a24f08286b91f2d1bb181"
"local-artifacts\tmp\chrome_nport_final_20260804_audit\Default\Affiliation Database-journal","0","e3b0c44298fc1c149afbf4c8996fb92427ae41e4649b934ca495991b7852b855"
"local-artifacts\tmp\chrome_nport_final_20260804_audit\Default\BookmarkMergedSurfaceOrdering","6","4489f9e3e454748b3521eb214e0a5694d562cff3d9ff511cb456953c8f534c00"
"local-artifacts\tmp\chrome_nport_final_20260804_audit\Default\Cache\Cache_Data\data_0","45056","468456974fd86b33647942820dce7284879acfab9e9e6eca008e1fdcf9006fb5"
"local-artifacts\tmp\chrome_nport_final_20260804_audit\Default\Cache\Cache_Data\data_1","270336","0ff81bfe8be0518d8f0d6ac60e1782d0c04745701c9ec549404fddf3e0604f8f"
"local-artifacts\tmp\chrome_nport_final_20260804_audit\Default\Cache\Cache_Data\data_2","8192","ec1702806f4cc7c42a82fc2b38e89835fde7c64bb32060e0823c9077ca92efb7"
"local-artifacts\tmp\chrome_nport_final_20260804_audit\Default\Cache\Cache_Data\data_3","8192","e09f42c398d688dce168570291f1f92d079987deda3099a34adb9e8c0522b30c"
"local-artifacts\tmp\chrome_nport_final_20260804_audit\Default\Cache\Cache_Data\index","524656","8548ee0deee99f7315f3843f94a863c808356042a174e626e9e2d8373371c226"
"local-artifacts\tmp\chrome_nport_final_20260804_audit\Default\Cache\No_Vary_Search\journal.baj","4","9c169428d852e25bd59b27652ed533d2a1f09f96e4c329fa5e06f47e16731543"
"local-artifacts\tmp\chrome_nport_final_20260804_audit\Default\Cache\No_Vary_Search\snapshot.baf","20","0c2dd377ed0cc66161e9db8f89f7d8bcb3ad8c06c4a054bdcba214ab05f58c9a"
"local-artifacts\tmp\chrome_nport_final_20260804_audit\Default\chrome_cart_db\LOCK","0","e3b0c44298fc1c149afbf4c8996fb92427ae41e4649b934ca495991b7852b855"
"local-artifacts\tmp\chrome_nport_final_20260804_audit\Default\chrome_cart_db\LOG","0","e3b0c44298fc1c149afbf4c8996fb92427ae41e4649b934ca495991b7852b855"
"local-artifacts\tmp\chrome_nport_final_20260804_audit\Default\ClientCertificates\LOCK","0","e3b0c44298fc1c149afbf4c8996fb92427ae41e4649b934ca495991b7852b855"
"local-artifacts\tmp\chrome_nport_final_20260804_audit\Default\ClientCertificates\LOG","0","e3b0c44298fc1c149afbf4c8996fb92427ae41e4649b934ca495991b7852b855"
"local-artifacts\tmp\chrome_nport_final_20260804_audit\Default\Code Cache\js\ba678a2fbd8c358c_0","298","e8a6ea4e127514158ddf2ddaf24dec4d19defbf595527d68bf306d67fbc612c2"
"local-artifacts\tmp\chrome_nport_final_20260804_audit\Default\Code Cache\js\index","24","fbcfe23a2ecb82b7100c50811691dde0a33aa3da8d176be9882a9db485dc0f2d"
"local-artifacts\tmp\chrome_nport_final_20260804_audit\Default\Code Cache\js\index-dir\the-real-index","72","6d18ff27c0e749b702f42416a7c753c7ae6ed76131eaab4cec55c20d25c38e8b"
"local-artifacts\tmp\chrome_nport_final_20260804_audit\Default\Code Cache\wasm\index","24","fbcfe23a2ecb82b7100c50811691dde0a33aa3da8d176be9882a9db485dc0f2d"
"local-artifacts\tmp\chrome_nport_final_20260804_audit\Default\Code Cache\wasm\index-dir\the-real-index","48","b6d08ffcc036c5f4116ee7bdf7216fafd58b202e039f25ac01ef5814fe069294"
"local-artifacts\tmp\chrome_nport_final_20260804_audit\Default\commerce_subscription_db\LOCK","0","e3b0c44298fc1c149afbf4c8996fb92427ae41e4649b934ca495991b7852b855"
"local-artifacts\tmp\chrome_nport_final_20260804_audit\Default\commerce_subscription_db\LOG","0","e3b0c44298fc1c149afbf4c8996fb92427ae41e4649b934ca495991b7852b855"
"local-artifacts\tmp\chrome_nport_final_20260804_audit\Default\DawnGraphiteCache\data_0","8192","d6a5fe39cd672781b256e0e3102f7022635f1d4bb7cfcc90a80fffe4d0f3877e"
"local-artifacts\tmp\chrome_nport_final_20260804_audit\Default\DawnGraphiteCache\data_1","270336","b1e963d702392fb7224786e7d56d43973e9b9efd1b89c17814d7c558ffc0cdec"
"local-artifacts\tmp\chrome_nport_final_20260804_audit\Default\DawnGraphiteCache\data_2","8192","ec1702806f4cc7c42a82fc2b38e89835fde7c64bb32060e0823c9077ca92efb7"
"local-artifacts\tmp\chrome_nport_final_20260804_audit\Default\DawnGraphiteCache\data_3","8192","e09f42c398d688dce168570291f1f92d079987deda3099a34adb9e8c0522b30c"
"local-artifacts\tmp\chrome_nport_final_20260804_audit\Default\DawnGraphiteCache\index","262512","482c9bb9a162e6698e9f97f100434c8921921e715fd3468b38632d0966c4b613"
"local-artifacts\tmp\chrome_nport_final_20260804_audit\Default\DawnWebGPUCache\data_0","8192","d6a5fe39cd672781b256e0e3102f7022635f1d4bb7cfcc90a80fffe4d0f3877e"
"local-artifacts\tmp\chrome_nport_final_20260804_audit\Default\DawnWebGPUCache\data_1","270336","b1e963d702392fb7224786e7d56d43973e9b9efd1b89c17814d7c558ffc0cdec"
"local-artifacts\tmp\chrome_nport_final_20260804_audit\Default\DawnWebGPUCache\data_2","8192","ec1702806f4cc7c42a82fc2b38e89835fde7c64bb32060e0823c9077ca92efb7"
"local-artifacts\tmp\chrome_nport_final_20260804_audit\Default\DawnWebGPUCache\data_3","8192","e09f42c398d688dce168570291f1f92d079987deda3099a34adb9e8c0522b30c"
"local-artifacts\tmp\chrome_nport_final_20260804_audit\Default\DawnWebGPUCache\index","262512","95facca1834c0b12faa6a6ab3d6dcb6bec3c89ffebfb10b9f709816581a52d8b"
"local-artifacts\tmp\chrome_nport_final_20260804_audit\Default\discount_infos_db\LOCK","0","e3b0c44298fc1c149afbf4c8996fb92427ae41e4649b934ca495991b7852b855"
"local-artifacts\tmp\chrome_nport_final_20260804_audit\Default\discount_infos_db\LOG","0","e3b0c44298fc1c149afbf4c8996fb92427ae41e4649b934ca495991b7852b855"
"local-artifacts\tmp\chrome_nport_final_20260804_audit\Default\discounts_db\LOCK","0","e3b0c44298fc1c149afbf4c8996fb92427ae41e4649b934ca495991b7852b855"
"local-artifacts\tmp\chrome_nport_final_20260804_audit\Default\discounts_db\LOG","0","e3b0c44298fc1c149afbf4c8996fb92427ae41e4649b934ca495991b7852b855"
"local-artifacts\tmp\chrome_nport_final_20260804_audit\Default\engine_allowlist.bf","360","63e82eb5c06b4c0057d99777bb9b9b8967a5629d20bf795a24448d79c24be281"
"local-artifacts\tmp\chrome_nport_final_20260804_audit\Default\Extension Rules\000003.log","57","99c59cbe7db56d56a286485635e4467004641c6275e708887dd35728eb05109a"
"local-artifacts\tmp\chrome_nport_final_20260804_audit\Default\Extension Rules\CURRENT","16","0f1bad70c7bd1e0a69562853ec529355462fcd0423263a3d39d6d0d70b780443"
"local-artifacts\tmp\chrome_nport_final_20260804_audit\Default\Extension Rules\LOCK","0","e3b0c44298fc1c149afbf4c8996fb92427ae41e4649b934ca495991b7852b855"
"local-artifacts\tmp\chrome_nport_final_20260804_audit\Default\Extension Rules\LOG","311","a9ff648d0c66da23fb8085eeaf0dcbabc2f3af325165444df5d69fe703b4ae02"
"local-artifacts\tmp\chrome_nport_final_20260804_audit\Default\Extension Rules\MANIFEST-000001","41","f9d31b278e215eb0d0e9cd709edfa037e828f36214ab7906f612160fead4b2b4"
"local-artifacts\tmp\chrome_nport_final_20260804_audit\Default\Extension Scripts\000003.log","57","99c59cbe7db56d56a286485635e4467004641c6275e708887dd35728eb05109a"
"local-artifacts\tmp\chrome_nport_final_20260804_audit\Default\Extension Scripts\CURRENT","16","0f1bad70c7bd1e0a69562853ec529355462fcd0423263a3d39d6d0d70b780443"
"local-artifacts\tmp\chrome_nport_final_20260804_audit\Default\Extension Scripts\LOCK","0","e3b0c44298fc1c149afbf4c8996fb92427ae41e4649b934ca495991b7852b855"
"local-artifacts\tmp\chrome_nport_final_20260804_audit\Default\Extension Scripts\LOG","315","5d02f81202b42df43c9d1b24d5df73f45df723b4bfdfae7d18d0c1f978e1be7e"
"local-artifacts\tmp\chrome_nport_final_20260804_audit\Default\Extension Scripts\MANIFEST-000001","41","f9d31b278e215eb0d0e9cd709edfa037e828f36214ab7906f612160fead4b2b4"
"local-artifacts\tmp\chrome_nport_final_20260804_audit\Default\Extension State\000003.log","171","14f92b911f9fe774720461eec5bb4761ae6bfc9445c67e30bf624a8694b4b1da"
"local-artifacts\tmp\chrome_nport_final_20260804_audit\Default\Extension State\CURRENT","16","0f1bad70c7bd1e0a69562853ec529355462fcd0423263a3d39d6d0d70b780443"
"local-artifacts\tmp\chrome_nport_final_20260804_audit\Default\Extension State\LOCK","0","e3b0c44298fc1c149afbf4c8996fb92427ae41e4649b934ca495991b7852b855"
"local-artifacts\tmp\chrome_nport_final_20260804_audit\Default\Extension State\LOG","311","09edb145cc6b350f82b57a5721e0aea42e87b565576e2e51efff72ba41e81f38"
"local-artifacts\tmp\chrome_nport_final_20260804_audit\Default\Extension State\MANIFEST-000001","41","f9d31b278e215eb0d0e9cd709edfa037e828f36214ab7906f612160fead4b2b4"
"local-artifacts\tmp\chrome_nport_final_20260804_audit\Default\Favicons","20480","3acaa11cefe4c5008978f3db3014ae1f8939ee079c031832bebe29d442292add"
"local-artifacts\tmp\chrome_nport_final_20260804_audit\Default\Favicons-journal","0","e3b0c44298fc1c149afbf4c8996fb92427ae41e4649b934ca495991b7852b855"
"local-artifacts\tmp\chrome_nport_final_20260804_audit\Default\GPUCache\data_0","8192","d6a5fe39cd672781b256e0e3102f7022635f1d4bb7cfcc90a80fffe4d0f3877e"
"local-artifacts\tmp\chrome_nport_final_20260804_audit\Default\GPUCache\data_1","270336","b1e963d702392fb7224786e7d56d43973e9b9efd1b89c17814d7c558ffc0cdec"
"local-artifacts\tmp\chrome_nport_final_20260804_audit\Default\GPUCache\data_2","8192","ec1702806f4cc7c42a82fc2b38e89835fde7c64bb32060e0823c9077ca92efb7"
"local-artifacts\tmp\chrome_nport_final_20260804_audit\Default\GPUCache\data_3","8192","e09f42c398d688dce168570291f1f92d079987deda3099a34adb9e8c0522b30c"
"local-artifacts\tmp\chrome_nport_final_20260804_audit\Default\GPUCache\index","262512","d4ef709d8766f7b6cf3355c57c05945c9775dfc5b91df28b86066dce70f6a972"
"local-artifacts\tmp\chrome_nport_final_20260804_audit\Default\History","163840","d72e60aa17ef3d96bc961cdf30495b7958d92eab40ff607af27a65d7fba93037"
"local-artifacts\tmp\chrome_nport_final_20260804_audit\Default\History-journal","0","e3b0c44298fc1c149afbf4c8996fb92427ae41e4649b934ca495991b7852b855"
"local-artifacts\tmp\chrome_nport_final_20260804_audit\Default\Local Storage\leveldb\000003.log","30","8bd2ea70a0b70c91de138a5b87c7936c6a6fa7c4275c54b97f4ef0ccc5b79bb4"
"local-artifacts\tmp\chrome_nport_final_20260804_audit\Default\Local Storage\leveldb\CURRENT","16","0f1bad70c7bd1e0a69562853ec529355462fcd0423263a3d39d6d0d70b780443"
"local-artifacts\tmp\chrome_nport_final_20260804_audit\Default\Local Storage\leveldb\LOCK","0","e3b0c44298fc1c149afbf4c8996fb92427ae41e4649b934ca495991b7852b855"
"local-artifacts\tmp\chrome_nport_final_20260804_audit\Default\Local Storage\leveldb\LOG","325","645ab132f8af99ab836f2d4122020b29b9f13919f8fca5ec439e73b985901eb0"
"local-artifacts\tmp\chrome_nport_final_20260804_audit\Default\Local Storage\leveldb\MANIFEST-000001","41","f9d31b278e215eb0d0e9cd709edfa037e828f36214ab7906f612160fead4b2b4"
"local-artifacts\tmp\chrome_nport_final_20260804_audit\Default\LOCK","0","e3b0c44298fc1c149afbf4c8996fb92427ae41e4649b934ca495991b7852b855"
"local-artifacts\tmp\chrome_nport_final_20260804_audit\Default\LOG","0","e3b0c44298fc1c149afbf4c8996fb92427ae41e4649b934ca495991b7852b855"
"local-artifacts\tmp\chrome_nport_final_20260804_audit\Default\Login Data","40960","05e8c5e696093d57d273f916a2c9f2ef9b055eea6cb41f3ae258255409a89012"
"local-artifacts\tmp\chrome_nport_final_20260804_audit\Default\Login Data For Account","40960","05e8c5e696093d57d273f916a2c9f2ef9b055eea6cb41f3ae258255409a89012"
"local-artifacts\tmp\chrome_nport_final_20260804_audit\Default\Login Data For Account-journal","0","e3b0c44298fc1c149afbf4c8996fb92427ae41e4649b934ca495991b7852b855"
"local-artifacts\tmp\chrome_nport_final_20260804_audit\Default\Login Data-journal","0","e3b0c44298fc1c149afbf4c8996fb92427ae41e4649b934ca495991b7852b855"
"local-artifacts\tmp\chrome_nport_final_20260804_audit\Default\Network\Cookies","20480","40cfaef080aad157b7f8e0fade5b8a83ca8eb2a84fcea586458803c1e4d32e5b"
"local-artifacts\tmp\chrome_nport_final_20260804_audit\Default\Network\Cookies-journal","0","e3b0c44298fc1c149afbf4c8996fb92427ae41e4649b934ca495991b7852b855"
"local-artifacts\tmp\chrome_nport_final_20260804_audit\Default\Network\Device Bound Sessions","20480","ed90c803dbac3e3d245fe75145506230f1b47dfc7f16274c79dd1565ade4e014"
"local-artifacts\tmp\chrome_nport_final_20260804_audit\Default\Network\Device Bound Sessions-journal","0","e3b0c44298fc1c149afbf4c8996fb92427ae41e4649b934ca495991b7852b855"
"local-artifacts\tmp\chrome_nport_final_20260804_audit\Default\Network\Network Persistent State","111","f5e224a52f6ad7e0c235d238c3e2983c5c0b314c552f20ff2affb4472ac866f5"
"local-artifacts\tmp\chrome_nport_final_20260804_audit\Default\Network\NetworkDataMigrated","0","e3b0c44298fc1c149afbf4c8996fb92427ae41e4649b934ca495991b7852b855"
"local-artifacts\tmp\chrome_nport_final_20260804_audit\Default\Network\Reporting and NEL","36864","8b86bbe225327a60bb03abcae3e4f927367240f7df368c8bf1d9dbe309686506"
"local-artifacts\tmp\chrome_nport_final_20260804_audit\Default\Network\Reporting and NEL-journal","0","e3b0c44298fc1c149afbf4c8996fb92427ae41e4649b934ca495991b7852b855"
"local-artifacts\tmp\chrome_nport_final_20260804_audit\Default\Network\Trust Tokens","36864","8b5a62a399e316009e0c0ee1727ede327893d7f82f38a136e795422b3f9c333c"
"local-artifacts\tmp\chrome_nport_final_20260804_audit\Default\Network\Trust Tokens-journal","0","e3b0c44298fc1c149afbf4c8996fb92427ae41e4649b934ca495991b7852b855"
"local-artifacts\tmp\chrome_nport_final_20260804_audit\Default\parcel_tracking_db\LOCK","0","e3b0c44298fc1c149afbf4c8996fb92427ae41e4649b934ca495991b7852b855"
"local-artifacts\tmp\chrome_nport_final_20260804_audit\Default\parcel_tracking_db\LOG","0","e3b0c44298fc1c149afbf4c8996fb92427ae41e4649b934ca495991b7852b855"
"local-artifacts\tmp\chrome_nport_final_20260804_audit\Default\PersistentOriginTrials\LOCK","0","e3b0c44298fc1c149afbf4c8996fb92427ae41e4649b934ca495991b7852b855"
"local-artifacts\tmp\chrome_nport_final_20260804_audit\Default\PersistentOriginTrials\LOG","0","e3b0c44298fc1c149afbf4c8996fb92427ae41e4649b934ca495991b7852b855"
"local-artifacts\tmp\chrome_nport_final_20260804_audit\Default\Preferences","8698","1e1929483cc031fccc56bbd2d5e772dfdda53dc1801ba3f73b0c7f39f2cb706f"
"local-artifacts\tmp\chrome_nport_final_20260804_audit\Default\README","180","c43668eec4a8d88a5b3a06a84f8846853fe33e54293c2db56899a5a5dfb4d944"
"local-artifacts\tmp\chrome_nport_final_20260804_audit\Default\Safe Browsing Network\NetworkDataMigrated","0","e3b0c44298fc1c149afbf4c8996fb92427ae41e4649b934ca495991b7852b855"
"local-artifacts\tmp\chrome_nport_final_20260804_audit\Default\Safe Browsing Network\Safe Browsing Cookies","20480","40cfaef080aad157b7f8e0fade5b8a83ca8eb2a84fcea586458803c1e4d32e5b"
"local-artifacts\tmp\chrome_nport_final_20260804_audit\Default\Safe Browsing Network\Safe Browsing Cookies-journal","0","e3b0c44298fc1c149afbf4c8996fb92427ae41e4649b934ca495991b7852b855"
"local-artifacts\tmp\chrome_nport_final_20260804_audit\Default\Secure Preferences","13877","3b8eeefa10ca74f908fbdfdfb394866f5804d1d31da65a361f844fe5bbfa99fe"
"local-artifacts\tmp\chrome_nport_final_20260804_audit\Default\Segmentation Platform\SegmentInfoDB\LOCK","0","e3b0c44298fc1c149afbf4c8996fb92427ae41e4649b934ca495991b7852b855"
"local-artifacts\tmp\chrome_nport_final_20260804_audit\Default\Segmentation Platform\SegmentInfoDB\LOG","0","e3b0c44298fc1c149afbf4c8996fb92427ae41e4649b934ca495991b7852b855"
"local-artifacts\tmp\chrome_nport_final_20260804_audit\Default\Segmentation Platform\SignalDB\LOCK","0","e3b0c44298fc1c149afbf4c8996fb92427ae41e4649b934ca495991b7852b855"
"local-artifacts\tmp\chrome_nport_final_20260804_audit\Default\Segmentation Platform\SignalDB\LOG","0","e3b0c44298fc1c149afbf4c8996fb92427ae41e4649b934ca495991b7852b855"
"local-artifacts\tmp\chrome_nport_final_20260804_audit\Default\Segmentation Platform\SignalStorageConfigDB\LOCK","0","e3b0c44298fc1c149afbf4c8996fb92427ae41e4649b934ca495991b7852b855"
"local-artifacts\tmp\chrome_nport_final_20260804_audit\Default\Segmentation Platform\SignalStorageConfigDB\LOG","0","e3b0c44298fc1c149afbf4c8996fb92427ae41e4649b934ca495991b7852b855"
"local-artifacts\tmp\chrome_nport_final_20260804_audit\Default\ServerCertificate","20480","4d2411474fd0bd7237bae798a21959c422dccc3275d742b8de4440cc244b22ce"
"local-artifacts\tmp\chrome_nport_final_20260804_audit\Default\ServerCertificate-journal","0","e3b0c44298fc1c149afbf4c8996fb92427ae41e4649b934ca495991b7852b855"
"local-artifacts\tmp\chrome_nport_final_20260804_audit\Default\Service Worker\Database\000003.log","1263","1427cf844aaeaa11c5d0c629e47056929f05b4f3c247b6feced0896b222d2e38"
"local-artifacts\tmp\chrome_nport_final_20260804_audit\Default\Service Worker\Database\CURRENT","16","0f1bad70c7bd1e0a69562853ec529355462fcd0423263a3d39d6d0d70b780443"
"local-artifacts\tmp\chrome_nport_final_20260804_audit\Default\Service Worker\Database\LOCK","0","e3b0c44298fc1c149afbf4c8996fb92427ae41e4649b934ca495991b7852b855"
"local-artifacts\tmp\chrome_nport_final_20260804_audit\Default\Service Worker\Database\LOG","327","fdc0839d8f7679f2b7efb8fdcda52d5f6316558e4a768e81a9cdb166025c2e46"
"local-artifacts\tmp\chrome_nport_final_20260804_audit\Default\Service Worker\Database\MANIFEST-000001","41","f9d31b278e215eb0d0e9cd709edfa037e828f36214ab7906f612160fead4b2b4"
"local-artifacts\tmp\chrome_nport_final_20260804_audit\Default\Service Worker\ScriptCache\2cc80dabc69f58b6_0","472","7433e2de592bac3d53e34206cd580d140d107eae0defa146b238d209d3b34c87"
"local-artifacts\tmp\chrome_nport_final_20260804_audit\Default\Service Worker\ScriptCache\4cb013792b196a35_0","10387","9bfcd210dc08c82ce5d351f0b2e015d246be763173e1310cc3fe651d99c308aa"
"local-artifacts\tmp\chrome_nport_final_20260804_audit\Default\Service Worker\ScriptCache\4cb013792b196a35_1","7217","348252b69779cca24a077f80926307c79508b91887bc734e3ac502699eba9e42"
"local-artifacts\tmp\chrome_nport_final_20260804_audit\Default\Service Worker\ScriptCache\index","24","fbcfe23a2ecb82b7100c50811691dde0a33aa3da8d176be9882a9db485dc0f2d"
"local-artifacts\tmp\chrome_nport_final_20260804_audit\Default\Service Worker\ScriptCache\index-dir\the-real-index","96","f0747072758dcabfe129ec0680cea4086ef3c09c4bcd01218c16222a0ccdf6e2"
"local-artifacts\tmp\chrome_nport_final_20260804_audit\Default\Session Storage\000003.log","106","153b8849b572d53cea73a6fe4cc6565cc7a1d6f51d65bf1f2584d6de2c5dc62b"
"local-artifacts\tmp\chrome_nport_final_20260804_audit\Default\Session Storage\CURRENT","16","0f1bad70c7bd1e0a69562853ec529355462fcd0423263a3d39d6d0d70b780443"
"local-artifacts\tmp\chrome_nport_final_20260804_audit\Default\Session Storage\LOCK","0","e3b0c44298fc1c149afbf4c8996fb92427ae41e4649b934ca495991b7852b855"
"local-artifacts\tmp\chrome_nport_final_20260804_audit\Default\Session Storage\LOG","313","51742ab1453cebc686e38dadb93d981bcf5a32d5aa2d9cfeef2ddaea1e89f7a5"
"local-artifacts\tmp\chrome_nport_final_20260804_audit\Default\Session Storage\MANIFEST-000001","41","f9d31b278e215eb0d0e9cd709edfa037e828f36214ab7906f612160fead4b2b4"
"local-artifacts\tmp\chrome_nport_final_20260804_audit\Default\Sessions\Session_13430334135994616","2168","aa1c063c79327b006d07285fa0895a16fcffc251f20d3060df633c775171d6b6"
"local-artifacts\tmp\chrome_nport_final_20260804_audit\Default\Sessions\Tabs_13430334135998541","1864","732c6b022095a14845e2ef4315e1abd2dcddfe4e25fd8eda9bb7d563cfae7eb6"
"local-artifacts\tmp\chrome_nport_final_20260804_audit\Default\Shared Dictionary\cache\index","24","fbcfe23a2ecb82b7100c50811691dde0a33aa3da8d176be9882a9db485dc0f2d"
"local-artifacts\tmp\chrome_nport_final_20260804_audit\Default\Shared Dictionary\cache\index-dir\the-real-index","48","0c56918cbede0abbdc3a0ed9e8e0d6329ea9671bdba72831688c177216202cc9"
"local-artifacts\tmp\chrome_nport_final_20260804_audit\Default\Shared Dictionary\db","45056","fbb86c665b2fed35c372ce8996eb1c4e31082aedd6ad5fc6086cfac889c3471b"
"local-artifacts\tmp\chrome_nport_final_20260804_audit\Default\Shared Dictionary\db-journal","0","e3b0c44298fc1c149afbf4c8996fb92427ae41e4649b934ca495991b7852b855"
"local-artifacts\tmp\chrome_nport_final_20260804_audit\Default\shared_proto_db\000003.log","6737","cf04d0f7de0ea52e16cce46377f8ce6e446e4fdfbce0f1c6288f874f065bdbe8"
"local-artifacts\tmp\chrome_nport_final_20260804_audit\Default\shared_proto_db\CURRENT","16","0f1bad70c7bd1e0a69562853ec529355462fcd0423263a3d39d6d0d70b780443"
"local-artifacts\tmp\chrome_nport_final_20260804_audit\Default\shared_proto_db\LOCK","0","e3b0c44298fc1c149afbf4c8996fb92427ae41e4649b934ca495991b7852b855"
"local-artifacts\tmp\chrome_nport_final_20260804_audit\Default\shared_proto_db\LOG","313","d1b9eea6b926abc0d9ea43d06466b62ea5927e239ce62980d83620769c781c50"
"local-artifacts\tmp\chrome_nport_final_20260804_audit\Default\shared_proto_db\MANIFEST-000001","41","f9d31b278e215eb0d0e9cd709edfa037e828f36214ab7906f612160fead4b2b4"
"local-artifacts\tmp\chrome_nport_final_20260804_audit\Default\shared_proto_db\metadata\000003.log","706","c73af9d467c66a24fa56ffd2bc63ee9e15e976cce508d28f81ae344c8b52ae64"
"local-artifacts\tmp\chrome_nport_final_20260804_audit\Default\shared_proto_db\metadata\CURRENT","16","0f1bad70c7bd1e0a69562853ec529355462fcd0423263a3d39d6d0d70b780443"
"local-artifacts\tmp\chrome_nport_final_20260804_audit\Default\shared_proto_db\metadata\LOCK","0","e3b0c44298fc1c149afbf4c8996fb92427ae41e4649b934ca495991b7852b855"
"local-artifacts\tmp\chrome_nport_final_20260804_audit\Default\shared_proto_db\metadata\LOG","331","8acfda0feb75281e1b43686578c44b928e3c6a3ab51c739b87e833106650179e"
"local-artifacts\tmp\chrome_nport_final_20260804_audit\Default\shared_proto_db\metadata\MANIFEST-000001","41","f9d31b278e215eb0d0e9cd709edfa037e828f36214ab7906f612160fead4b2b4"
"local-artifacts\tmp\chrome_nport_final_20260804_audit\Default\Site Characteristics Database\000003.log","40","f096bc366a931fba656bdcd77b24af15a5f29fc53281a727c79f82c608ecfab8"
"local-artifacts\tmp\chrome_nport_final_20260804_audit\Default\Site Characteristics Database\CURRENT","16","0f1bad70c7bd1e0a69562853ec529355462fcd0423263a3d39d6d0d70b780443"
"local-artifacts\tmp\chrome_nport_final_20260804_audit\Default\Site Characteristics Database\LOCK","0","e3b0c44298fc1c149afbf4c8996fb92427ae41e4649b934ca495991b7852b855"
"local-artifacts\tmp\chrome_nport_final_20260804_audit\Default\Site Characteristics Database\LOG","339","bd6474b5edaf378c6c6f2726febb00eab628f26bdcca658f7d32112a52dcfe76"
"local-artifacts\tmp\chrome_nport_final_20260804_audit\Default\Site Characteristics Database\MANIFEST-000001","41","f9d31b278e215eb0d0e9cd709edfa037e828f36214ab7906f612160fead4b2b4"
"local-artifacts\tmp\chrome_nport_final_20260804_audit\Default\Sync Data\LevelDB\000003.log","118","b201e50dd759e0c41786332abd0c141372955e9489cf632cc09100d1f46b3ac7"
"local-artifacts\tmp\chrome_nport_final_20260804_audit\Default\Sync Data\LevelDB\CURRENT","16","0f1bad70c7bd1e0a69562853ec529355462fcd0423263a3d39d6d0d70b780443"
"local-artifacts\tmp\chrome_nport_final_20260804_audit\Default\Sync Data\LevelDB\LOCK","0","e3b0c44298fc1c149afbf4c8996fb92427ae41e4649b934ca495991b7852b855"
"local-artifacts\tmp\chrome_nport_final_20260804_audit\Default\Sync Data\LevelDB\LOG","317","07a85fce8c4f48dce7023c4b3d8aca5791bbb5584e6ad00d76c2efaef543e20d"
"local-artifacts\tmp\chrome_nport_final_20260804_audit\Default\Sync Data\LevelDB\MANIFEST-000001","41","f9d31b278e215eb0d0e9cd709edfa037e828f36214ab7906f612160fead4b2b4"
"local-artifacts\tmp\chrome_nport_final_20260804_audit\Default\Top Sites","20480","36799ef65c1a2bdb7962c940f0451889b53119fa2021ddca9a7d0267afa91af7"
"local-artifacts\tmp\chrome_nport_final_20260804_audit\Default\Top Sites-journal","0","e3b0c44298fc1c149afbf4c8996fb92427ae41e4649b934ca495991b7852b855"
"local-artifacts\tmp\chrome_nport_final_20260804_audit\Default\Web Data","157696","87203779eca03b5847500f55105ebcde603653a757c8b23bcde93b416f5dc6bf"
"local-artifacts\tmp\chrome_nport_final_20260804_audit\Default\Web Data-journal","0","e3b0c44298fc1c149afbf4c8996fb92427ae41e4649b934ca495991b7852b855"
"local-artifacts\tmp\chrome_nport_final_20260804_audit\Default\WebStorage\QuotaManager","40960","f614997335d49f9800eb10e622189ff80883788e009016688047a380a8fceefc"
"local-artifacts\tmp\chrome_nport_final_20260804_audit\Default\WebStorage\QuotaManager-journal","0","e3b0c44298fc1c149afbf4c8996fb92427ae41e4649b934ca495991b7852b855"
"local-artifacts\tmp\chrome_nport_final_20260804_audit\extensions_crx_cache\metadata.json","13","2771d13c637c267132afff9db67537bef95708534b79ae8d954254c4e64e4e0f"
"local-artifacts\tmp\chrome_nport_final_20260804_audit\GPUPersistentCache\DawnGraphiteCache\WRJTYMYAB73RC6HTXXLKRS2FEZVUG6PP\cache.db","4096","0ab48b25cba617ed3a4acca0161813b314c095ef63544bb4af60769eb1012977"
"local-artifacts\tmp\chrome_nport_final_20260804_audit\GPUPersistentCache\DawnGraphiteCache\WRJTYMYAB73RC6HTXXLKRS2FEZVUG6PP\cache.db-wal","12392","1557a19dc6f0a58f56f04859f5d595ebaa2447c9dbbae1a8cec8b4d82904d38e"
"local-artifacts\tmp\chrome_nport_final_20260804_audit\GPUPersistentCache\DawnGraphiteCache\WRJTYMYAB73RC6HTXXLKRS2FEZVUG6PP\cache.journal","0","e3b0c44298fc1c149afbf4c8996fb92427ae41e4649b934ca495991b7852b855"
"local-artifacts\tmp\chrome_nport_final_20260804_audit\GrShaderCache\data_0","8192","d6a5fe39cd672781b256e0e3102f7022635f1d4bb7cfcc90a80fffe4d0f3877e"
"local-artifacts\tmp\chrome_nport_final_20260804_audit\GrShaderCache\data_1","270336","b1e963d702392fb7224786e7d56d43973e9b9efd1b89c17814d7c558ffc0cdec"
"local-artifacts\tmp\chrome_nport_final_20260804_audit\GrShaderCache\data_2","8192","ec1702806f4cc7c42a82fc2b38e89835fde7c64bb32060e0823c9077ca92efb7"
"local-artifacts\tmp\chrome_nport_final_20260804_audit\GrShaderCache\data_3","8192","e09f42c398d688dce168570291f1f92d079987deda3099a34adb9e8c0522b30c"
"local-artifacts\tmp\chrome_nport_final_20260804_audit\GrShaderCache\index","262512","08df292bebdcee15e69a2e226a3c15f8f76fc0f813a163c69f277187e3e64d80"
"local-artifacts\tmp\chrome_nport_final_20260804_audit\Last Version","14","78807c7b95e0abc2648e6a310354c4010f991a240b1f00c3146f475ab90c6e80"
"local-artifacts\tmp\chrome_nport_final_20260804_audit\Local State","3128","7c7cd18de4f25311797d8295babab9b3f6ef17a436fab9d0c01595c95ca90913"
"local-artifacts\tmp\chrome_nport_final_20260804_audit\segmentation_platform\ukm_db","49152","6b4f3562b965990540322559463aef23d5b963f1f600d99858429c819b3d29bd"
"local-artifacts\tmp\chrome_nport_final_20260804_audit\ShaderCache\data_0","8192","d6a5fe39cd672781b256e0e3102f7022635f1d4bb7cfcc90a80fffe4d0f3877e"
"local-artifacts\tmp\chrome_nport_final_20260804_audit\ShaderCache\data_1","270336","b1e963d702392fb7224786e7d56d43973e9b9efd1b89c17814d7c558ffc0cdec"
"local-artifacts\tmp\chrome_nport_final_20260804_audit\ShaderCache\data_2","8192","ec1702806f4cc7c42a82fc2b38e89835fde7c64bb32060e0823c9077ca92efb7"
"local-artifacts\tmp\chrome_nport_final_20260804_audit\ShaderCache\data_3","8192","e09f42c398d688dce168570291f1f92d079987deda3099a34adb9e8c0522b30c"
"local-artifacts\tmp\chrome_nport_final_20260804_audit\ShaderCache\index","262512","4aae17f326bfbfb4da8e6b6b9023916ae2c5f3c74f07cefaa6a845612a6bf84c"
"local-artifacts\tmp\chrome_nport_final_20260804_audit\Variations","85","b26da4f8c7e283aa74386da0229d66af14a37986b8ca828e054fc932f68dd557"
"local-artifacts\tmp\chrome_nport_final_20260804_r2\audit\Crashpad\metadata","0","e3b0c44298fc1c149afbf4c8996fb92427ae41e4649b934ca495991b7852b855"
"local-artifacts\tmp\chrome_nport_final_20260804_r2\audit\Crashpad\settings.dat","40","93ca12a8eeeb6729efb3e524fd62037c78ac43ca9d3244357a0977e6f47709b2"
"local-artifacts\tmp\chrome_nport_final_20260804_r2\audit\Default\Account Web Data","77824","b671fc77f2eab823e977a4d842eaa80acefcc4a7fc205a76766a96f5196e65a8"
"local-artifacts\tmp\chrome_nport_final_20260804_r2\audit\Default\Account Web Data-journal","0","e3b0c44298fc1c149afbf4c8996fb92427ae41e4649b934ca495991b7852b855"
"local-artifacts\tmp\chrome_nport_final_20260804_r2\audit\Default\Affiliation Database","53248","687908afd0adf027324f343db40bdaceefe64afec45a24f08286b91f2d1bb181"
"local-artifacts\tmp\chrome_nport_final_20260804_r2\audit\Default\Affiliation Database-journal","0","e3b0c44298fc1c149afbf4c8996fb92427ae41e4649b934ca495991b7852b855"
"local-artifacts\tmp\chrome_nport_final_20260804_r2\audit\Default\BookmarkMergedSurfaceOrdering","6","4489f9e3e454748b3521eb214e0a5694d562cff3d9ff511cb456953c8f534c00"
"local-artifacts\tmp\chrome_nport_final_20260804_r2\audit\Default\Cache\Cache_Data\data_0","45056","468456974fd86b33647942820dce7284879acfab9e9e6eca008e1fdcf9006fb5"
"local-artifacts\tmp\chrome_nport_final_20260804_r2\audit\Default\Cache\Cache_Data\data_1","270336","0ff81bfe8be0518d8f0d6ac60e1782d0c04745701c9ec549404fddf3e0604f8f"
"local-artifacts\tmp\chrome_nport_final_20260804_r2\audit\Default\Cache\Cache_Data\data_2","8192","ec1702806f4cc7c42a82fc2b38e89835fde7c64bb32060e0823c9077ca92efb7"
"local-artifacts\tmp\chrome_nport_final_20260804_r2\audit\Default\Cache\Cache_Data\data_3","8192","e09f42c398d688dce168570291f1f92d079987deda3099a34adb9e8c0522b30c"
"local-artifacts\tmp\chrome_nport_final_20260804_r2\audit\Default\Cache\Cache_Data\index","524656","10f6cea3baf55619cd594a97d032da8c3a508396cdcceb605f44e42ef15b0493"
"local-artifacts\tmp\chrome_nport_final_20260804_r2\audit\Default\Cache\No_Vary_Search\journal.baj","4","9c169428d852e25bd59b27652ed533d2a1f09f96e4c329fa5e06f47e16731543"
"local-artifacts\tmp\chrome_nport_final_20260804_r2\audit\Default\Cache\No_Vary_Search\snapshot.baf","20","0c2dd377ed0cc66161e9db8f89f7d8bcb3ad8c06c4a054bdcba214ab05f58c9a"
"local-artifacts\tmp\chrome_nport_final_20260804_r2\audit\Default\chrome_cart_db\LOCK","0","e3b0c44298fc1c149afbf4c8996fb92427ae41e4649b934ca495991b7852b855"
"local-artifacts\tmp\chrome_nport_final_20260804_r2\audit\Default\chrome_cart_db\LOG","0","e3b0c44298fc1c149afbf4c8996fb92427ae41e4649b934ca495991b7852b855"
"local-artifacts\tmp\chrome_nport_final_20260804_r2\audit\Default\ClientCertificates\LOCK","0","e3b0c44298fc1c149afbf4c8996fb92427ae41e4649b934ca495991b7852b855"
"local-artifacts\tmp\chrome_nport_final_20260804_r2\audit\Default\ClientCertificates\LOG","0","e3b0c44298fc1c149afbf4c8996fb92427ae41e4649b934ca495991b7852b855"
"local-artifacts\tmp\chrome_nport_final_20260804_r2\audit\Default\Code Cache\js\ba678a2fbd8c358c_0","298","bfac2a9af9d007c1fca2653b8bfb543fef05845c9fe1ff8bab27091f69b2789c"
"local-artifacts\tmp\chrome_nport_final_20260804_r2\audit\Default\Code Cache\js\index","24","fbcfe23a2ecb82b7100c50811691dde0a33aa3da8d176be9882a9db485dc0f2d"
"local-artifacts\tmp\chrome_nport_final_20260804_r2\audit\Default\Code Cache\js\index-dir\the-real-index","72","d13b9e685007e7a81e827b0266af7c2f391a2fbb7183010a6f9463a95c3579d1"
"local-artifacts\tmp\chrome_nport_final_20260804_r2\audit\Default\Code Cache\wasm\index","24","fbcfe23a2ecb82b7100c50811691dde0a33aa3da8d176be9882a9db485dc0f2d"
"local-artifacts\tmp\chrome_nport_final_20260804_r2\audit\Default\Code Cache\wasm\index-dir\the-real-index","48","d432448635f398fff199ce2d682f7b5c5cf8c95491c77fde6a549dc1c94a36a9"
"local-artifacts\tmp\chrome_nport_final_20260804_r2\audit\Default\commerce_subscription_db\LOCK","0","e3b0c44298fc1c149afbf4c8996fb92427ae41e4649b934ca495991b7852b855"
"local-artifacts\tmp\chrome_nport_final_20260804_r2\audit\Default\commerce_subscription_db\LOG","0","e3b0c44298fc1c149afbf4c8996fb92427ae41e4649b934ca495991b7852b855"
"local-artifacts\tmp\chrome_nport_final_20260804_r2\audit\Default\DawnGraphiteCache\data_0","8192","d6a5fe39cd672781b256e0e3102f7022635f1d4bb7cfcc90a80fffe4d0f3877e"
"local-artifacts\tmp\chrome_nport_final_20260804_r2\audit\Default\DawnGraphiteCache\data_1","270336","b1e963d702392fb7224786e7d56d43973e9b9efd1b89c17814d7c558ffc0cdec"
"local-artifacts\tmp\chrome_nport_final_20260804_r2\audit\Default\DawnGraphiteCache\data_2","8192","ec1702806f4cc7c42a82fc2b38e89835fde7c64bb32060e0823c9077ca92efb7"
"local-artifacts\tmp\chrome_nport_final_20260804_r2\audit\Default\DawnGraphiteCache\data_3","8192","e09f42c398d688dce168570291f1f92d079987deda3099a34adb9e8c0522b30c"
"local-artifacts\tmp\chrome_nport_final_20260804_r2\audit\Default\DawnGraphiteCache\index","262512","d5484cf054196817fb40eb0a7868f5a1ab98ea321645650c4fc90e2a86c8efe9"
"local-artifacts\tmp\chrome_nport_final_20260804_r2\audit\Default\DawnWebGPUCache\data_0","8192","d6a5fe39cd672781b256e0e3102f7022635f1d4bb7cfcc90a80fffe4d0f3877e"
"local-artifacts\tmp\chrome_nport_final_20260804_r2\audit\Default\DawnWebGPUCache\data_1","270336","b1e963d702392fb7224786e7d56d43973e9b9efd1b89c17814d7c558ffc0cdec"
"local-artifacts\tmp\chrome_nport_final_20260804_r2\audit\Default\DawnWebGPUCache\data_2","8192","ec1702806f4cc7c42a82fc2b38e89835fde7c64bb32060e0823c9077ca92efb7"
"local-artifacts\tmp\chrome_nport_final_20260804_r2\audit\Default\DawnWebGPUCache\data_3","8192","e09f42c398d688dce168570291f1f92d079987deda3099a34adb9e8c0522b30c"
"local-artifacts\tmp\chrome_nport_final_20260804_r2\audit\Default\DawnWebGPUCache\index","262512","611abeeb268a632d22e75f92e835203a65bcfddb71648cbd6421f31ced399e87"
"local-artifacts\tmp\chrome_nport_final_20260804_r2\audit\Default\discount_infos_db\LOCK","0","e3b0c44298fc1c149afbf4c8996fb92427ae41e4649b934ca495991b7852b855"
"local-artifacts\tmp\chrome_nport_final_20260804_r2\audit\Default\discount_infos_db\LOG","0","e3b0c44298fc1c149afbf4c8996fb92427ae41e4649b934ca495991b7852b855"
"local-artifacts\tmp\chrome_nport_final_20260804_r2\audit\Default\discounts_db\LOCK","0","e3b0c44298fc1c149afbf4c8996fb92427ae41e4649b934ca495991b7852b855"
"local-artifacts\tmp\chrome_nport_final_20260804_r2\audit\Default\discounts_db\LOG","0","e3b0c44298fc1c149afbf4c8996fb92427ae41e4649b934ca495991b7852b855"
"local-artifacts\tmp\chrome_nport_final_20260804_r2\audit\Default\engine_allowlist.bf","360","63e82eb5c06b4c0057d99777bb9b9b8967a5629d20bf795a24448d79c24be281"
"local-artifacts\tmp\chrome_nport_final_20260804_r2\audit\Default\Extension Rules\000003.log","57","99c59cbe7db56d56a286485635e4467004641c6275e708887dd35728eb05109a"
"local-artifacts\tmp\chrome_nport_final_20260804_r2\audit\Default\Extension Rules\CURRENT","16","0f1bad70c7bd1e0a69562853ec529355462fcd0423263a3d39d6d0d70b780443"
"local-artifacts\tmp\chrome_nport_final_20260804_r2\audit\Default\Extension Rules\LOCK","0","e3b0c44298fc1c149afbf4c8996fb92427ae41e4649b934ca495991b7852b855"
"local-artifacts\tmp\chrome_nport_final_20260804_r2\audit\Default\Extension Rules\LOG","317","620f2a32714691e72fbd81d5e7fffed3987ee7d822802edf119bb659cb832524"
"local-artifacts\tmp\chrome_nport_final_20260804_r2\audit\Default\Extension Rules\MANIFEST-000001","41","f9d31b278e215eb0d0e9cd709edfa037e828f36214ab7906f612160fead4b2b4"
"local-artifacts\tmp\chrome_nport_final_20260804_r2\audit\Default\Extension Scripts\000003.log","57","99c59cbe7db56d56a286485635e4467004641c6275e708887dd35728eb05109a"
"local-artifacts\tmp\chrome_nport_final_20260804_r2\audit\Default\Extension Scripts\CURRENT","16","0f1bad70c7bd1e0a69562853ec529355462fcd0423263a3d39d6d0d70b780443"
"local-artifacts\tmp\chrome_nport_final_20260804_r2\audit\Default\Extension Scripts\LOCK","0","e3b0c44298fc1c149afbf4c8996fb92427ae41e4649b934ca495991b7852b855"
"local-artifacts\tmp\chrome_nport_final_20260804_r2\audit\Default\Extension Scripts\LOG","321","17d0660ff8f8c5db3c5e567355194d728ff2569772575704ca46b6435767678b"
"local-artifacts\tmp\chrome_nport_final_20260804_r2\audit\Default\Extension Scripts\MANIFEST-000001","41","f9d31b278e215eb0d0e9cd709edfa037e828f36214ab7906f612160fead4b2b4"
"local-artifacts\tmp\chrome_nport_final_20260804_r2\audit\Default\Extension State\000003.log","171","14f92b911f9fe774720461eec5bb4761ae6bfc9445c67e30bf624a8694b4b1da"
"local-artifacts\tmp\chrome_nport_final_20260804_r2\audit\Default\Extension State\CURRENT","16","0f1bad70c7bd1e0a69562853ec529355462fcd0423263a3d39d6d0d70b780443"
"local-artifacts\tmp\chrome_nport_final_20260804_r2\audit\Default\Extension State\LOCK","0","e3b0c44298fc1c149afbf4c8996fb92427ae41e4649b934ca495991b7852b855"
"local-artifacts\tmp\chrome_nport_final_20260804_r2\audit\Default\Extension State\LOG","317","5bc93331db12b7cb20009006d2bb196bd65185d45bda2328a9171d48f4ba8d6c"
"local-artifacts\tmp\chrome_nport_final_20260804_r2\audit\Default\Extension State\MANIFEST-000001","41","f9d31b278e215eb0d0e9cd709edfa037e828f36214ab7906f612160fead4b2b4"
"local-artifacts\tmp\chrome_nport_final_20260804_r2\audit\Default\Favicons","20480","3acaa11cefe4c5008978f3db3014ae1f8939ee079c031832bebe29d442292add"
"local-artifacts\tmp\chrome_nport_final_20260804_r2\audit\Default\Favicons-journal","0","e3b0c44298fc1c149afbf4c8996fb92427ae41e4649b934ca495991b7852b855"
"local-artifacts\tmp\chrome_nport_final_20260804_r2\audit\Default\GPUCache\data_0","8192","d6a5fe39cd672781b256e0e3102f7022635f1d4bb7cfcc90a80fffe4d0f3877e"
"local-artifacts\tmp\chrome_nport_final_20260804_r2\audit\Default\GPUCache\data_1","270336","b1e963d702392fb7224786e7d56d43973e9b9efd1b89c17814d7c558ffc0cdec"
"local-artifacts\tmp\chrome_nport_final_20260804_r2\audit\Default\GPUCache\data_2","8192","ec1702806f4cc7c42a82fc2b38e89835fde7c64bb32060e0823c9077ca92efb7"
"local-artifacts\tmp\chrome_nport_final_20260804_r2\audit\Default\GPUCache\data_3","8192","e09f42c398d688dce168570291f1f92d079987deda3099a34adb9e8c0522b30c"
"local-artifacts\tmp\chrome_nport_final_20260804_r2\audit\Default\GPUCache\index","262512","e38d1172a480a7d3489dde3990ca4a95f9f7b32c59d6f2d2c966d4a9043b8799"
"local-artifacts\tmp\chrome_nport_final_20260804_r2\audit\Default\History","163840","1c63d45041d22e1c597fc682441c7b4ea81845ab83c1fa751407c1e75d1e040f"
"local-artifacts\tmp\chrome_nport_final_20260804_r2\audit\Default\History-journal","0","e3b0c44298fc1c149afbf4c8996fb92427ae41e4649b934ca495991b7852b855"
"local-artifacts\tmp\chrome_nport_final_20260804_r2\audit\Default\Local Storage\leveldb\000003.log","30","8bd2ea70a0b70c91de138a5b87c7936c6a6fa7c4275c54b97f4ef0ccc5b79bb4"
"local-artifacts\tmp\chrome_nport_final_20260804_r2\audit\Default\Local Storage\leveldb\CURRENT","16","0f1bad70c7bd1e0a69562853ec529355462fcd0423263a3d39d6d0d70b780443"
"local-artifacts\tmp\chrome_nport_final_20260804_r2\audit\Default\Local Storage\leveldb\LOCK","0","e3b0c44298fc1c149afbf4c8996fb92427ae41e4649b934ca495991b7852b855"
"local-artifacts\tmp\chrome_nport_final_20260804_r2\audit\Default\Local Storage\leveldb\LOG","329","e8872b3129b557ff1959ab0bd46e9263b1291173ebee798ae1290b63d728d0e2"
"local-artifacts\tmp\chrome_nport_final_20260804_r2\audit\Default\Local Storage\leveldb\MANIFEST-000001","41","f9d31b278e215eb0d0e9cd709edfa037e828f36214ab7906f612160fead4b2b4"
"local-artifacts\tmp\chrome_nport_final_20260804_r2\audit\Default\LOCK","0","e3b0c44298fc1c149afbf4c8996fb92427ae41e4649b934ca495991b7852b855"
"local-artifacts\tmp\chrome_nport_final_20260804_r2\audit\Default\LOG","0","e3b0c44298fc1c149afbf4c8996fb92427ae41e4649b934ca495991b7852b855"
"local-artifacts\tmp\chrome_nport_final_20260804_r2\audit\Default\Login Data","40960","05e8c5e696093d57d273f916a2c9f2ef9b055eea6cb41f3ae258255409a89012"
"local-artifacts\tmp\chrome_nport_final_20260804_r2\audit\Default\Login Data For Account","40960","05e8c5e696093d57d273f916a2c9f2ef9b055eea6cb41f3ae258255409a89012"
"local-artifacts\tmp\chrome_nport_final_20260804_r2\audit\Default\Login Data For Account-journal","0","e3b0c44298fc1c149afbf4c8996fb92427ae41e4649b934ca495991b7852b855"
"local-artifacts\tmp\chrome_nport_final_20260804_r2\audit\Default\Login Data-journal","0","e3b0c44298fc1c149afbf4c8996fb92427ae41e4649b934ca495991b7852b855"
"local-artifacts\tmp\chrome_nport_final_20260804_r2\audit\Default\Network\Cookies","20480","40cfaef080aad157b7f8e0fade5b8a83ca8eb2a84fcea586458803c1e4d32e5b"
"local-artifacts\tmp\chrome_nport_final_20260804_r2\audit\Default\Network\Cookies-journal","0","e3b0c44298fc1c149afbf4c8996fb92427ae41e4649b934ca495991b7852b855"
"local-artifacts\tmp\chrome_nport_final_20260804_r2\audit\Default\Network\Device Bound Sessions","20480","ed90c803dbac3e3d245fe75145506230f1b47dfc7f16274c79dd1565ade4e014"
"local-artifacts\tmp\chrome_nport_final_20260804_r2\audit\Default\Network\Device Bound Sessions-journal","0","e3b0c44298fc1c149afbf4c8996fb92427ae41e4649b934ca495991b7852b855"
"local-artifacts\tmp\chrome_nport_final_20260804_r2\audit\Default\Network\Network Persistent State","111","5dfc321417fc31359f23320ea68014ebfd793c5bbed55f77dab4180bbd4a2026"
"local-artifacts\tmp\chrome_nport_final_20260804_r2\audit\Default\Network\NetworkDataMigrated","0","e3b0c44298fc1c149afbf4c8996fb92427ae41e4649b934ca495991b7852b855"
"local-artifacts\tmp\chrome_nport_final_20260804_r2\audit\Default\Network\Reporting and NEL","36864","8b86bbe225327a60bb03abcae3e4f927367240f7df368c8bf1d9dbe309686506"
"local-artifacts\tmp\chrome_nport_final_20260804_r2\audit\Default\Network\Reporting and NEL-journal","0","e3b0c44298fc1c149afbf4c8996fb92427ae41e4649b934ca495991b7852b855"
"local-artifacts\tmp\chrome_nport_final_20260804_r2\audit\Default\Network\Trust Tokens","36864","8b5a62a399e316009e0c0ee1727ede327893d7f82f38a136e795422b3f9c333c"
"local-artifacts\tmp\chrome_nport_final_20260804_r2\audit\Default\Network\Trust Tokens-journal","0","e3b0c44298fc1c149afbf4c8996fb92427ae41e4649b934ca495991b7852b855"
"local-artifacts\tmp\chrome_nport_final_20260804_r2\audit\Default\parcel_tracking_db\LOCK","0","e3b0c44298fc1c149afbf4c8996fb92427ae41e4649b934ca495991b7852b855"
"local-artifacts\tmp\chrome_nport_final_20260804_r2\audit\Default\parcel_tracking_db\LOG","0","e3b0c44298fc1c149afbf4c8996fb92427ae41e4649b934ca495991b7852b855"
"local-artifacts\tmp\chrome_nport_final_20260804_r2\audit\Default\PersistentOriginTrials\LOCK","0","e3b0c44298fc1c149afbf4c8996fb92427ae41e4649b934ca495991b7852b855"
"local-artifacts\tmp\chrome_nport_final_20260804_r2\audit\Default\PersistentOriginTrials\LOG","0","e3b0c44298fc1c149afbf4c8996fb92427ae41e4649b934ca495991b7852b855"
"local-artifacts\tmp\chrome_nport_final_20260804_r2\audit\Default\Preferences","8698","9fe0748f10b5c828f27c5de53e6827ff14d345d69518779884ec65b1f89b615d"
"local-artifacts\tmp\chrome_nport_final_20260804_r2\audit\Default\README","180","c43668eec4a8d88a5b3a06a84f8846853fe33e54293c2db56899a5a5dfb4d944"
"local-artifacts\tmp\chrome_nport_final_20260804_r2\audit\Default\Safe Browsing Network\NetworkDataMigrated","0","e3b0c44298fc1c149afbf4c8996fb92427ae41e4649b934ca495991b7852b855"
"local-artifacts\tmp\chrome_nport_final_20260804_r2\audit\Default\Safe Browsing Network\Safe Browsing Cookies","20480","40cfaef080aad157b7f8e0fade5b8a83ca8eb2a84fcea586458803c1e4d32e5b"
"local-artifacts\tmp\chrome_nport_final_20260804_r2\audit\Default\Safe Browsing Network\Safe Browsing Cookies-journal","0","e3b0c44298fc1c149afbf4c8996fb92427ae41e4649b934ca495991b7852b855"
"local-artifacts\tmp\chrome_nport_final_20260804_r2\audit\Default\Secure Preferences","13877","a19ee3b17ac415737e6111e36005107746ad19deb9e3bae9c7083b7c6430e247"
"local-artifacts\tmp\chrome_nport_final_20260804_r2\audit\Default\Segmentation Platform\SegmentInfoDB\LOCK","0","e3b0c44298fc1c149afbf4c8996fb92427ae41e4649b934ca495991b7852b855"
"local-artifacts\tmp\chrome_nport_final_20260804_r2\audit\Default\Segmentation Platform\SegmentInfoDB\LOG","0","e3b0c44298fc1c149afbf4c8996fb92427ae41e4649b934ca495991b7852b855"
"local-artifacts\tmp\chrome_nport_final_20260804_r2\audit\Default\Segmentation Platform\SignalDB\LOCK","0","e3b0c44298fc1c149afbf4c8996fb92427ae41e4649b934ca495991b7852b855"
"local-artifacts\tmp\chrome_nport_final_20260804_r2\audit\Default\Segmentation Platform\SignalDB\LOG","0","e3b0c44298fc1c149afbf4c8996fb92427ae41e4649b934ca495991b7852b855"
"local-artifacts\tmp\chrome_nport_final_20260804_r2\audit\Default\Segmentation Platform\SignalStorageConfigDB\LOCK","0","e3b0c44298fc1c149afbf4c8996fb92427ae41e4649b934ca495991b7852b855"
"local-artifacts\tmp\chrome_nport_final_20260804_r2\audit\Default\Segmentation Platform\SignalStorageConfigDB\LOG","0","e3b0c44298fc1c149afbf4c8996fb92427ae41e4649b934ca495991b7852b855"
"local-artifacts\tmp\chrome_nport_final_20260804_r2\audit\Default\ServerCertificate","20480","4d2411474fd0bd7237bae798a21959c422dccc3275d742b8de4440cc244b22ce"
"local-artifacts\tmp\chrome_nport_final_20260804_r2\audit\Default\ServerCertificate-journal","0","e3b0c44298fc1c149afbf4c8996fb92427ae41e4649b934ca495991b7852b855"
"local-artifacts\tmp\chrome_nport_final_20260804_r2\audit\Default\Service Worker\Database\000003.log","1263","b0de245f7581bfb9c40e795bbef1738a6928cd732b4b28ff60ce135362200eb6"
"local-artifacts\tmp\chrome_nport_final_20260804_r2\audit\Default\Service Worker\Database\CURRENT","16","0f1bad70c7bd1e0a69562853ec529355462fcd0423263a3d39d6d0d70b780443"
"local-artifacts\tmp\chrome_nport_final_20260804_r2\audit\Default\Service Worker\Database\LOCK","0","e3b0c44298fc1c149afbf4c8996fb92427ae41e4649b934ca495991b7852b855"
"local-artifacts\tmp\chrome_nport_final_20260804_r2\audit\Default\Service Worker\Database\LOG","335","76e76b43b8cf5cea2b4fbaee0e8c5340f267f4e7c5d1b7b6f6f8632f36b0dccf"
"local-artifacts\tmp\chrome_nport_final_20260804_r2\audit\Default\Service Worker\Database\MANIFEST-000001","41","f9d31b278e215eb0d0e9cd709edfa037e828f36214ab7906f612160fead4b2b4"
"local-artifacts\tmp\chrome_nport_final_20260804_r2\audit\Default\Service Worker\ScriptCache\2cc80dabc69f58b6_0","472","7433e2de592bac3d53e34206cd580d140d107eae0defa146b238d209d3b34c87"
"local-artifacts\tmp\chrome_nport_final_20260804_r2\audit\Default\Service Worker\ScriptCache\4cb013792b196a35_0","10387","9bfcd210dc08c82ce5d351f0b2e015d246be763173e1310cc3fe651d99c308aa"
"local-artifacts\tmp\chrome_nport_final_20260804_r2\audit\Default\Service Worker\ScriptCache\4cb013792b196a35_1","7217","348252b69779cca24a077f80926307c79508b91887bc734e3ac502699eba9e42"
"local-artifacts\tmp\chrome_nport_final_20260804_r2\audit\Default\Service Worker\ScriptCache\index","24","fbcfe23a2ecb82b7100c50811691dde0a33aa3da8d176be9882a9db485dc0f2d"
"local-artifacts\tmp\chrome_nport_final_20260804_r2\audit\Default\Service Worker\ScriptCache\index-dir\the-real-index","96","1a45480021e71b66115881d1ef03cabff6770df8788d0f27c89bbcc43a5f8658"
"local-artifacts\tmp\chrome_nport_final_20260804_r2\audit\Default\Session Storage\000003.log","106","153b8849b572d53cea73a6fe4cc6565cc7a1d6f51d65bf1f2584d6de2c5dc62b"
"local-artifacts\tmp\chrome_nport_final_20260804_r2\audit\Default\Session Storage\CURRENT","16","0f1bad70c7bd1e0a69562853ec529355462fcd0423263a3d39d6d0d70b780443"
"local-artifacts\tmp\chrome_nport_final_20260804_r2\audit\Default\Session Storage\LOCK","0","e3b0c44298fc1c149afbf4c8996fb92427ae41e4649b934ca495991b7852b855"
"local-artifacts\tmp\chrome_nport_final_20260804_r2\audit\Default\Session Storage\LOG","317","5371b0b09f9a7762ab438342fea81e3b8b4d6cfd3979018c74d4ed30670a030c"
"local-artifacts\tmp\chrome_nport_final_20260804_r2\audit\Default\Session Storage\MANIFEST-000001","41","f9d31b278e215eb0d0e9cd709edfa037e828f36214ab7906f612160fead4b2b4"
"local-artifacts\tmp\chrome_nport_final_20260804_r2\audit\Default\Sessions\Session_13430334435051760","2168","ff336373e5cf507ee458d431cca1bf2a5acd9c4f7aa61a1b9e57f15a2d3a9fb1"
"local-artifacts\tmp\chrome_nport_final_20260804_r2\audit\Default\Sessions\Tabs_13430334435055148","1864","6962fb8c004326bea371898bd9e22d58aff1d4c353f9392efe897dbffef97f0c"
"local-artifacts\tmp\chrome_nport_final_20260804_r2\audit\Default\Shared Dictionary\cache\index","24","fbcfe23a2ecb82b7100c50811691dde0a33aa3da8d176be9882a9db485dc0f2d"
"local-artifacts\tmp\chrome_nport_final_20260804_r2\audit\Default\Shared Dictionary\cache\index-dir\the-real-index","48","f1d6127cc0ebadce290ddc7b8ad0468cf6993fc29c7e206aa872c9c62a1bb2c4"
"local-artifacts\tmp\chrome_nport_final_20260804_r2\audit\Default\Shared Dictionary\db","45056","fbb86c665b2fed35c372ce8996eb1c4e31082aedd6ad5fc6086cfac889c3471b"
"local-artifacts\tmp\chrome_nport_final_20260804_r2\audit\Default\Shared Dictionary\db-journal","0","e3b0c44298fc1c149afbf4c8996fb92427ae41e4649b934ca495991b7852b855"
"local-artifacts\tmp\chrome_nport_final_20260804_r2\audit\Default\shared_proto_db\000003.log","6737","3a20b2448fb9e972900fa3c54f8de7ea3790dc6f97249e24e9812854b02309d4"
"local-artifacts\tmp\chrome_nport_final_20260804_r2\audit\Default\shared_proto_db\CURRENT","16","0f1bad70c7bd1e0a69562853ec529355462fcd0423263a3d39d6d0d70b780443"
"local-artifacts\tmp\chrome_nport_final_20260804_r2\audit\Default\shared_proto_db\LOCK","0","e3b0c44298fc1c149afbf4c8996fb92427ae41e4649b934ca495991b7852b855"
"local-artifacts\tmp\chrome_nport_final_20260804_r2\audit\Default\shared_proto_db\LOG","319","aebf8fb4abf8f76d7b214bdf3b597c29a215fdc6682ee0129cb4d1b1759afa2c"
"local-artifacts\tmp\chrome_nport_final_20260804_r2\audit\Default\shared_proto_db\MANIFEST-000001","41","f9d31b278e215eb0d0e9cd709edfa037e828f36214ab7906f612160fead4b2b4"
"local-artifacts\tmp\chrome_nport_final_20260804_r2\audit\Default\shared_proto_db\metadata\000003.log","706","78d227982ec9b0656d99df44e04775a2042d83a8319fabc531e666ee3a96d123"
"local-artifacts\tmp\chrome_nport_final_20260804_r2\audit\Default\shared_proto_db\metadata\CURRENT","16","0f1bad70c7bd1e0a69562853ec529355462fcd0423263a3d39d6d0d70b780443"
"local-artifacts\tmp\chrome_nport_final_20260804_r2\audit\Default\shared_proto_db\metadata\LOCK","0","e3b0c44298fc1c149afbf4c8996fb92427ae41e4649b934ca495991b7852b855"
"local-artifacts\tmp\chrome_nport_final_20260804_r2\audit\Default\shared_proto_db\metadata\LOG","337","363e3914060406a3def0d15d0160abb425f3ee2dfa081674030a8ac7a5260d74"
"local-artifacts\tmp\chrome_nport_final_20260804_r2\audit\Default\shared_proto_db\metadata\MANIFEST-000001","41","f9d31b278e215eb0d0e9cd709edfa037e828f36214ab7906f612160fead4b2b4"
"local-artifacts\tmp\chrome_nport_final_20260804_r2\audit\Default\Site Characteristics Database\000003.log","40","f096bc366a931fba656bdcd77b24af15a5f29fc53281a727c79f82c608ecfab8"
"local-artifacts\tmp\chrome_nport_final_20260804_r2\audit\Default\Site Characteristics Database\CURRENT","16","0f1bad70c7bd1e0a69562853ec529355462fcd0423263a3d39d6d0d70b780443"
"local-artifacts\tmp\chrome_nport_final_20260804_r2\audit\Default\Site Characteristics Database\LOCK","0","e3b0c44298fc1c149afbf4c8996fb92427ae41e4649b934ca495991b7852b855"
"local-artifacts\tmp\chrome_nport_final_20260804_r2\audit\Default\Site Characteristics Database\LOG","345","b0ea88698e13dce95aecb4c1a4e9d216c079fd64eb72f6daa8faebeda1d88693"
"local-artifacts\tmp\chrome_nport_final_20260804_r2\audit\Default\Site Characteristics Database\MANIFEST-000001","41","f9d31b278e215eb0d0e9cd709edfa037e828f36214ab7906f612160fead4b2b4"
"local-artifacts\tmp\chrome_nport_final_20260804_r2\audit\Default\Sync Data\LevelDB\000003.log","118","b201e50dd759e0c41786332abd0c141372955e9489cf632cc09100d1f46b3ac7"
"local-artifacts\tmp\chrome_nport_final_20260804_r2\audit\Default\Sync Data\LevelDB\CURRENT","16","0f1bad70c7bd1e0a69562853ec529355462fcd0423263a3d39d6d0d70b780443"
"local-artifacts\tmp\chrome_nport_final_20260804_r2\audit\Default\Sync Data\LevelDB\LOCK","0","e3b0c44298fc1c149afbf4c8996fb92427ae41e4649b934ca495991b7852b855"
"local-artifacts\tmp\chrome_nport_final_20260804_r2\audit\Default\Sync Data\LevelDB\LOG","323","c7f08c5175092e3ec6d351d9a7e7c5c63c41cbc5de2ba3c7815ae5c62e438cb0"
"local-artifacts\tmp\chrome_nport_final_20260804_r2\audit\Default\Sync Data\LevelDB\MANIFEST-000001","41","f9d31b278e215eb0d0e9cd709edfa037e828f36214ab7906f612160fead4b2b4"
"local-artifacts\tmp\chrome_nport_final_20260804_r2\audit\Default\Top Sites","20480","36799ef65c1a2bdb7962c940f0451889b53119fa2021ddca9a7d0267afa91af7"
"local-artifacts\tmp\chrome_nport_final_20260804_r2\audit\Default\Top Sites-journal","0","e3b0c44298fc1c149afbf4c8996fb92427ae41e4649b934ca495991b7852b855"
"local-artifacts\tmp\chrome_nport_final_20260804_r2\audit\Default\Web Data","157696","f6fac9d0eeb31996c20bceeecc672354f91139478299974c719b9440f6ed4379"
"local-artifacts\tmp\chrome_nport_final_20260804_r2\audit\Default\Web Data-journal","0","e3b0c44298fc1c149afbf4c8996fb92427ae41e4649b934ca495991b7852b855"
"local-artifacts\tmp\chrome_nport_final_20260804_r2\audit\Default\WebStorage\QuotaManager","40960","fa39c24649c78e70dae0d89278c5664499816d3f37562546933322927a93636d"
"local-artifacts\tmp\chrome_nport_final_20260804_r2\audit\Default\WebStorage\QuotaManager-journal","0","e3b0c44298fc1c149afbf4c8996fb92427ae41e4649b934ca495991b7852b855"
"local-artifacts\tmp\chrome_nport_final_20260804_r2\audit\extensions_crx_cache\metadata.json","13","2771d13c637c267132afff9db67537bef95708534b79ae8d954254c4e64e4e0f"
"local-artifacts\tmp\chrome_nport_final_20260804_r2\audit\GPUPersistentCache\DawnGraphiteCache\WRJTYMYAB73RC6HTXXLKRS2FEZVUG6PP\cache.db","4096","0ab48b25cba617ed3a4acca0161813b314c095ef63544bb4af60769eb1012977"
"local-artifacts\tmp\chrome_nport_final_20260804_r2\audit\GPUPersistentCache\DawnGraphiteCache\WRJTYMYAB73RC6HTXXLKRS2FEZVUG6PP\cache.db-wal","12392","bc7134cbcf8242f2ca5567a44367e87deea6f2e8f947dc9d77ea721b8246e832"
"local-artifacts\tmp\chrome_nport_final_20260804_r2\audit\GPUPersistentCache\DawnGraphiteCache\WRJTYMYAB73RC6HTXXLKRS2FEZVUG6PP\cache.journal","0","e3b0c44298fc1c149afbf4c8996fb92427ae41e4649b934ca495991b7852b855"
"local-artifacts\tmp\chrome_nport_final_20260804_r2\audit\GrShaderCache\data_0","8192","d6a5fe39cd672781b256e0e3102f7022635f1d4bb7cfcc90a80fffe4d0f3877e"
"local-artifacts\tmp\chrome_nport_final_20260804_r2\audit\GrShaderCache\data_1","270336","b1e963d702392fb7224786e7d56d43973e9b9efd1b89c17814d7c558ffc0cdec"
"local-artifacts\tmp\chrome_nport_final_20260804_r2\audit\GrShaderCache\data_2","8192","ec1702806f4cc7c42a82fc2b38e89835fde7c64bb32060e0823c9077ca92efb7"
"local-artifacts\tmp\chrome_nport_final_20260804_r2\audit\GrShaderCache\data_3","8192","e09f42c398d688dce168570291f1f92d079987deda3099a34adb9e8c0522b30c"
"local-artifacts\tmp\chrome_nport_final_20260804_r2\audit\GrShaderCache\index","262512","96b154c98ffa7b3001ed540caae2daccc2e021f8a50772a007b58350c75dd637"
"local-artifacts\tmp\chrome_nport_final_20260804_r2\audit\Last Version","14","78807c7b95e0abc2648e6a310354c4010f991a240b1f00c3146f475ab90c6e80"
"local-artifacts\tmp\chrome_nport_final_20260804_r2\audit\Local State","3130","80cbd604272a9ce25332656862ac6f62dc6889fe1339a21d64f9093a6ef1f843"
"local-artifacts\tmp\chrome_nport_final_20260804_r2\audit\segmentation_platform\ukm_db","49152","ad9abce247eb0a02e7409063320138f1d339db117526622ed136251151c83b31"
"local-artifacts\tmp\chrome_nport_final_20260804_r2\audit\ShaderCache\data_0","8192","d6a5fe39cd672781b256e0e3102f7022635f1d4bb7cfcc90a80fffe4d0f3877e"
"local-artifacts\tmp\chrome_nport_final_20260804_r2\audit\ShaderCache\data_1","270336","b1e963d702392fb7224786e7d56d43973e9b9efd1b89c17814d7c558ffc0cdec"
"local-artifacts\tmp\chrome_nport_final_20260804_r2\audit\ShaderCache\data_2","8192","ec1702806f4cc7c42a82fc2b38e89835fde7c64bb32060e0823c9077ca92efb7"
"local-artifacts\tmp\chrome_nport_final_20260804_r2\audit\ShaderCache\data_3","8192","e09f42c398d688dce168570291f1f92d079987deda3099a34adb9e8c0522b30c"
"local-artifacts\tmp\chrome_nport_final_20260804_r2\audit\ShaderCache\index","262512","cbd91edfb3af2377b2369a0d2d95ae8dff8efc656c2fff2b0bb11a51034472b2"
"local-artifacts\tmp\chrome_nport_final_20260804_r2\audit\Variations","85","b26da4f8c7e283aa74386da0229d66af14a37986b8ca828e054fc932f68dd557"
"local-artifacts\tmp\chrome_nport_final_20260804_r2\runbook\Crashpad\metadata","0","e3b0c44298fc1c149afbf4c8996fb92427ae41e4649b934ca495991b7852b855"
"local-artifacts\tmp\chrome_nport_final_20260804_r2\runbook\Crashpad\settings.dat","40","37c228eed1486b727a5637ee258d5eaff056360b1be55b6901752edd551b2df1"
"local-artifacts\tmp\chrome_nport_final_20260804_r2\runbook\Default\Account Web Data","77824","b671fc77f2eab823e977a4d842eaa80acefcc4a7fc205a76766a96f5196e65a8"
"local-artifacts\tmp\chrome_nport_final_20260804_r2\runbook\Default\Account Web Data-journal","0","e3b0c44298fc1c149afbf4c8996fb92427ae41e4649b934ca495991b7852b855"
"local-artifacts\tmp\chrome_nport_final_20260804_r2\runbook\Default\Affiliation Database","53248","687908afd0adf027324f343db40bdaceefe64afec45a24f08286b91f2d1bb181"
"local-artifacts\tmp\chrome_nport_final_20260804_r2\runbook\Default\Affiliation Database-journal","0","e3b0c44298fc1c149afbf4c8996fb92427ae41e4649b934ca495991b7852b855"
"local-artifacts\tmp\chrome_nport_final_20260804_r2\runbook\Default\BookmarkMergedSurfaceOrdering","6","4489f9e3e454748b3521eb214e0a5694d562cff3d9ff511cb456953c8f534c00"
"local-artifacts\tmp\chrome_nport_final_20260804_r2\runbook\Default\Cache\Cache_Data\data_0","45056","62c2494f8c5c79499561ca196b991531032fb9d45f5775bb4e022824564c95c2"
"local-artifacts\tmp\chrome_nport_final_20260804_r2\runbook\Default\Cache\Cache_Data\data_1","270336","d78828222be6f41e2c080d2de711f9f45e7050a9b2486fb4721ee79afafca548"
"local-artifacts\tmp\chrome_nport_final_20260804_r2\runbook\Default\Cache\Cache_Data\data_2","8192","ec1702806f4cc7c42a82fc2b38e89835fde7c64bb32060e0823c9077ca92efb7"
"local-artifacts\tmp\chrome_nport_final_20260804_r2\runbook\Default\Cache\Cache_Data\data_3","4202496","3882823eac22baa6c47c3ea9b69b6a32551332c5d31bf8d2e43cd90d89bfb131"
"local-artifacts\tmp\chrome_nport_final_20260804_r2\runbook\Default\Cache\Cache_Data\index","524656","d8263a1f7ef19f44427006ae46dc9ceb0fb81d36e8cd9a24b173fe3d70dbbbb3"
"local-artifacts\tmp\chrome_nport_final_20260804_r2\runbook\Default\Cache\No_Vary_Search\journal.baj","4","9c169428d852e25bd59b27652ed533d2a1f09f96e4c329fa5e06f47e16731543"
"local-artifacts\tmp\chrome_nport_final_20260804_r2\runbook\Default\Cache\No_Vary_Search\snapshot.baf","20","0c2dd377ed0cc66161e9db8f89f7d8bcb3ad8c06c4a054bdcba214ab05f58c9a"
"local-artifacts\tmp\chrome_nport_final_20260804_r2\runbook\Default\chrome_cart_db\LOCK","0","e3b0c44298fc1c149afbf4c8996fb92427ae41e4649b934ca495991b7852b855"
"local-artifacts\tmp\chrome_nport_final_20260804_r2\runbook\Default\chrome_cart_db\LOG","0","e3b0c44298fc1c149afbf4c8996fb92427ae41e4649b934ca495991b7852b855"
"local-artifacts\tmp\chrome_nport_final_20260804_r2\runbook\Default\ClientCertificates\LOCK","0","e3b0c44298fc1c149afbf4c8996fb92427ae41e4649b934ca495991b7852b855"
"local-artifacts\tmp\chrome_nport_final_20260804_r2\runbook\Default\ClientCertificates\LOG","0","e3b0c44298fc1c149afbf4c8996fb92427ae41e4649b934ca495991b7852b855"
"local-artifacts\tmp\chrome_nport_final_20260804_r2\runbook\Default\Code Cache\js\ba678a2fbd8c358c_0","298","99545fd7910d364c2e694204bba086fb252780f771e2e25e09a9cfb921d3f137"
"local-artifacts\tmp\chrome_nport_final_20260804_r2\runbook\Default\Code Cache\js\index","24","fbcfe23a2ecb82b7100c50811691dde0a33aa3da8d176be9882a9db485dc0f2d"
"local-artifacts\tmp\chrome_nport_final_20260804_r2\runbook\Default\Code Cache\js\index-dir\the-real-index","72","33d1b67e0880abdabc1141e08d4ff0ba1b543904853f69b259e8ade2ad68d696"
"local-artifacts\tmp\chrome_nport_final_20260804_r2\runbook\Default\Code Cache\wasm\index","24","fbcfe23a2ecb82b7100c50811691dde0a33aa3da8d176be9882a9db485dc0f2d"
"local-artifacts\tmp\chrome_nport_final_20260804_r2\runbook\Default\Code Cache\wasm\index-dir\the-real-index","48","3279b538ed421fb86726997dcbc152196b550b3335e02ddd8dab5513cce817a6"
"local-artifacts\tmp\chrome_nport_final_20260804_r2\runbook\Default\commerce_subscription_db\LOCK","0","e3b0c44298fc1c149afbf4c8996fb92427ae41e4649b934ca495991b7852b855"
"local-artifacts\tmp\chrome_nport_final_20260804_r2\runbook\Default\commerce_subscription_db\LOG","0","e3b0c44298fc1c149afbf4c8996fb92427ae41e4649b934ca495991b7852b855"
"local-artifacts\tmp\chrome_nport_final_20260804_r2\runbook\Default\DawnGraphiteCache\data_0","8192","d6a5fe39cd672781b256e0e3102f7022635f1d4bb7cfcc90a80fffe4d0f3877e"
"local-artifacts\tmp\chrome_nport_final_20260804_r2\runbook\Default\DawnGraphiteCache\data_1","270336","b1e963d702392fb7224786e7d56d43973e9b9efd1b89c17814d7c558ffc0cdec"
"local-artifacts\tmp\chrome_nport_final_20260804_r2\runbook\Default\DawnGraphiteCache\data_2","8192","ec1702806f4cc7c42a82fc2b38e89835fde7c64bb32060e0823c9077ca92efb7"
"local-artifacts\tmp\chrome_nport_final_20260804_r2\runbook\Default\DawnGraphiteCache\data_3","8192","e09f42c398d688dce168570291f1f92d079987deda3099a34adb9e8c0522b30c"
"local-artifacts\tmp\chrome_nport_final_20260804_r2\runbook\Default\DawnGraphiteCache\index","262512","5b91a41d7290af3f0502a41bb891ed1bc4a796a920b0f0779a9ecf5b5e181bac"
"local-artifacts\tmp\chrome_nport_final_20260804_r2\runbook\Default\DawnWebGPUCache\data_0","8192","d6a5fe39cd672781b256e0e3102f7022635f1d4bb7cfcc90a80fffe4d0f3877e"
"local-artifacts\tmp\chrome_nport_final_20260804_r2\runbook\Default\DawnWebGPUCache\data_1","270336","b1e963d702392fb7224786e7d56d43973e9b9efd1b89c17814d7c558ffc0cdec"
"local-artifacts\tmp\chrome_nport_final_20260804_r2\runbook\Default\DawnWebGPUCache\data_2","8192","ec1702806f4cc7c42a82fc2b38e89835fde7c64bb32060e0823c9077ca92efb7"
"local-artifacts\tmp\chrome_nport_final_20260804_r2\runbook\Default\DawnWebGPUCache\data_3","8192","e09f42c398d688dce168570291f1f92d079987deda3099a34adb9e8c0522b30c"
"local-artifacts\tmp\chrome_nport_final_20260804_r2\runbook\Default\DawnWebGPUCache\index","262512","a4841b9c8bb99727bb3167fbecb5af2b3123872f095e3198e0e05251910e2af2"
"local-artifacts\tmp\chrome_nport_final_20260804_r2\runbook\Default\discount_infos_db\LOCK","0","e3b0c44298fc1c149afbf4c8996fb92427ae41e4649b934ca495991b7852b855"
"local-artifacts\tmp\chrome_nport_final_20260804_r2\runbook\Default\discount_infos_db\LOG","0","e3b0c44298fc1c149afbf4c8996fb92427ae41e4649b934ca495991b7852b855"
"local-artifacts\tmp\chrome_nport_final_20260804_r2\runbook\Default\discounts_db\LOCK","0","e3b0c44298fc1c149afbf4c8996fb92427ae41e4649b934ca495991b7852b855"
"local-artifacts\tmp\chrome_nport_final_20260804_r2\runbook\Default\discounts_db\LOG","0","e3b0c44298fc1c149afbf4c8996fb92427ae41e4649b934ca495991b7852b855"
"local-artifacts\tmp\chrome_nport_final_20260804_r2\runbook\Default\engine_allowlist.bf","360","63e82eb5c06b4c0057d99777bb9b9b8967a5629d20bf795a24448d79c24be281"
"local-artifacts\tmp\chrome_nport_final_20260804_r2\runbook\Default\Extension Rules\000003.log","57","99c59cbe7db56d56a286485635e4467004641c6275e708887dd35728eb05109a"
"local-artifacts\tmp\chrome_nport_final_20260804_r2\runbook\Default\Extension Rules\CURRENT","16","0f1bad70c7bd1e0a69562853ec529355462fcd0423263a3d39d6d0d70b780443"
"local-artifacts\tmp\chrome_nport_final_20260804_r2\runbook\Default\Extension Rules\LOCK","0","e3b0c44298fc1c149afbf4c8996fb92427ae41e4649b934ca495991b7852b855"
"local-artifacts\tmp\chrome_nport_final_20260804_r2\runbook\Default\Extension Rules\LOG","323","ab45edce096fde374733e12e1b69b535d806413a5e961b06e0aae53eba9be402"
"local-artifacts\tmp\chrome_nport_final_20260804_r2\runbook\Default\Extension Rules\MANIFEST-000001","41","f9d31b278e215eb0d0e9cd709edfa037e828f36214ab7906f612160fead4b2b4"
"local-artifacts\tmp\chrome_nport_final_20260804_r2\runbook\Default\Extension Scripts\000003.log","57","99c59cbe7db56d56a286485635e4467004641c6275e708887dd35728eb05109a"
"local-artifacts\tmp\chrome_nport_final_20260804_r2\runbook\Default\Extension Scripts\CURRENT","16","0f1bad70c7bd1e0a69562853ec529355462fcd0423263a3d39d6d0d70b780443"
"local-artifacts\tmp\chrome_nport_final_20260804_r2\runbook\Default\Extension Scripts\LOCK","0","e3b0c44298fc1c149afbf4c8996fb92427ae41e4649b934ca495991b7852b855"
"local-artifacts\tmp\chrome_nport_final_20260804_r2\runbook\Default\Extension Scripts\LOG","327","6dd5768e3cf73001b4366631ff009c97ebfcc455d77a75a91d8f041ad3e0bd96"
"local-artifacts\tmp\chrome_nport_final_20260804_r2\runbook\Default\Extension Scripts\MANIFEST-000001","41","f9d31b278e215eb0d0e9cd709edfa037e828f36214ab7906f612160fead4b2b4"
"local-artifacts\tmp\chrome_nport_final_20260804_r2\runbook\Default\Extension State\000003.log","171","14f92b911f9fe774720461eec5bb4761ae6bfc9445c67e30bf624a8694b4b1da"
"local-artifacts\tmp\chrome_nport_final_20260804_r2\runbook\Default\Extension State\CURRENT","16","0f1bad70c7bd1e0a69562853ec529355462fcd0423263a3d39d6d0d70b780443"
"local-artifacts\tmp\chrome_nport_final_20260804_r2\runbook\Default\Extension State\LOCK","0","e3b0c44298fc1c149afbf4c8996fb92427ae41e4649b934ca495991b7852b855"
"local-artifacts\tmp\chrome_nport_final_20260804_r2\runbook\Default\Extension State\LOG","321","c30fd6f0a7c5973202ce66aa296e6b535fc83580022da2d2b5d03767d589cce7"
"local-artifacts\tmp\chrome_nport_final_20260804_r2\runbook\Default\Extension State\MANIFEST-000001","41","f9d31b278e215eb0d0e9cd709edfa037e828f36214ab7906f612160fead4b2b4"
"local-artifacts\tmp\chrome_nport_final_20260804_r2\runbook\Default\Favicons","20480","3acaa11cefe4c5008978f3db3014ae1f8939ee079c031832bebe29d442292add"
"local-artifacts\tmp\chrome_nport_final_20260804_r2\runbook\Default\Favicons-journal","0","e3b0c44298fc1c149afbf4c8996fb92427ae41e4649b934ca495991b7852b855"
"local-artifacts\tmp\chrome_nport_final_20260804_r2\runbook\Default\GPUCache\data_0","8192","d6a5fe39cd672781b256e0e3102f7022635f1d4bb7cfcc90a80fffe4d0f3877e"
"local-artifacts\tmp\chrome_nport_final_20260804_r2\runbook\Default\GPUCache\data_1","270336","b1e963d702392fb7224786e7d56d43973e9b9efd1b89c17814d7c558ffc0cdec"
"local-artifacts\tmp\chrome_nport_final_20260804_r2\runbook\Default\GPUCache\data_2","8192","ec1702806f4cc7c42a82fc2b38e89835fde7c64bb32060e0823c9077ca92efb7"
"local-artifacts\tmp\chrome_nport_final_20260804_r2\runbook\Default\GPUCache\data_3","8192","e09f42c398d688dce168570291f1f92d079987deda3099a34adb9e8c0522b30c"
"local-artifacts\tmp\chrome_nport_final_20260804_r2\runbook\Default\GPUCache\index","262512","b1d58bb75d2fd86f45301a3d3e8b7481e98e7e44cc36711407aabd7a6ed19227"
"local-artifacts\tmp\chrome_nport_final_20260804_r2\runbook\Default\History","163840","5baa63da3ca6e069ab32b590f940f7f5a4fb3bf6ad24856323d774441ffa008e"
"local-artifacts\tmp\chrome_nport_final_20260804_r2\runbook\Default\History-journal","0","e3b0c44298fc1c149afbf4c8996fb92427ae41e4649b934ca495991b7852b855"
"local-artifacts\tmp\chrome_nport_final_20260804_r2\runbook\Default\Local Storage\leveldb\000003.log","30","8bd2ea70a0b70c91de138a5b87c7936c6a6fa7c4275c54b97f4ef0ccc5b79bb4"
"local-artifacts\tmp\chrome_nport_final_20260804_r2\runbook\Default\Local Storage\leveldb\CURRENT","16","0f1bad70c7bd1e0a69562853ec529355462fcd0423263a3d39d6d0d70b780443"
"local-artifacts\tmp\chrome_nport_final_20260804_r2\runbook\Default\Local Storage\leveldb\LOCK","0","e3b0c44298fc1c149afbf4c8996fb92427ae41e4649b934ca495991b7852b855"
"local-artifacts\tmp\chrome_nport_final_20260804_r2\runbook\Default\Local Storage\leveldb\LOG","335","00c550baddde5e1eb1428c352bfbac788b10f6d116d2ece83bdf8e90193baeb6"
"local-artifacts\tmp\chrome_nport_final_20260804_r2\runbook\Default\Local Storage\leveldb\MANIFEST-000001","41","f9d31b278e215eb0d0e9cd709edfa037e828f36214ab7906f612160fead4b2b4"
"local-artifacts\tmp\chrome_nport_final_20260804_r2\runbook\Default\LOCK","0","e3b0c44298fc1c149afbf4c8996fb92427ae41e4649b934ca495991b7852b855"
"local-artifacts\tmp\chrome_nport_final_20260804_r2\runbook\Default\LOG","0","e3b0c44298fc1c149afbf4c8996fb92427ae41e4649b934ca495991b7852b855"
"local-artifacts\tmp\chrome_nport_final_20260804_r2\runbook\Default\Login Data","40960","05e8c5e696093d57d273f916a2c9f2ef9b055eea6cb41f3ae258255409a89012"
"local-artifacts\tmp\chrome_nport_final_20260804_r2\runbook\Default\Login Data For Account","40960","05e8c5e696093d57d273f916a2c9f2ef9b055eea6cb41f3ae258255409a89012"
"local-artifacts\tmp\chrome_nport_final_20260804_r2\runbook\Default\Login Data For Account-journal","0","e3b0c44298fc1c149afbf4c8996fb92427ae41e4649b934ca495991b7852b855"
"local-artifacts\tmp\chrome_nport_final_20260804_r2\runbook\Default\Login Data-journal","0","e3b0c44298fc1c149afbf4c8996fb92427ae41e4649b934ca495991b7852b855"
"local-artifacts\tmp\chrome_nport_final_20260804_r2\runbook\Default\Network\Cookies","20480","40cfaef080aad157b7f8e0fade5b8a83ca8eb2a84fcea586458803c1e4d32e5b"
"local-artifacts\tmp\chrome_nport_final_20260804_r2\runbook\Default\Network\Cookies-journal","0","e3b0c44298fc1c149afbf4c8996fb92427ae41e4649b934ca495991b7852b855"
"local-artifacts\tmp\chrome_nport_final_20260804_r2\runbook\Default\Network\Device Bound Sessions","20480","ed90c803dbac3e3d245fe75145506230f1b47dfc7f16274c79dd1565ade4e014"
"local-artifacts\tmp\chrome_nport_final_20260804_r2\runbook\Default\Network\Device Bound Sessions-journal","0","e3b0c44298fc1c149afbf4c8996fb92427ae41e4649b934ca495991b7852b855"
"local-artifacts\tmp\chrome_nport_final_20260804_r2\runbook\Default\Network\Network Persistent State","673","40fe35c1f88c54aa24021a91eff7f062502d302cc25ad0dc275c3de2220b527b"
"local-artifacts\tmp\chrome_nport_final_20260804_r2\runbook\Default\Network\NetworkDataMigrated","0","e3b0c44298fc1c149afbf4c8996fb92427ae41e4649b934ca495991b7852b855"
"local-artifacts\tmp\chrome_nport_final_20260804_r2\runbook\Default\Network\Reporting and NEL","36864","efcd66d72742cc3c8a8ee5b4174c6ff32050571464a7add3697ffd2ba1222acb"
"local-artifacts\tmp\chrome_nport_final_20260804_r2\runbook\Default\Network\Reporting and NEL-journal","0","e3b0c44298fc1c149afbf4c8996fb92427ae41e4649b934ca495991b7852b855"
"local-artifacts\tmp\chrome_nport_final_20260804_r2\runbook\Default\Network\Trust Tokens","36864","8b5a62a399e316009e0c0ee1727ede327893d7f82f38a136e795422b3f9c333c"
"local-artifacts\tmp\chrome_nport_final_20260804_r2\runbook\Default\Network\Trust Tokens-journal","0","e3b0c44298fc1c149afbf4c8996fb92427ae41e4649b934ca495991b7852b855"
"local-artifacts\tmp\chrome_nport_final_20260804_r2\runbook\Default\parcel_tracking_db\LOCK","0","e3b0c44298fc1c149afbf4c8996fb92427ae41e4649b934ca495991b7852b855"
"local-artifacts\tmp\chrome_nport_final_20260804_r2\runbook\Default\parcel_tracking_db\LOG","0","e3b0c44298fc1c149afbf4c8996fb92427ae41e4649b934ca495991b7852b855"
"local-artifacts\tmp\chrome_nport_final_20260804_r2\runbook\Default\PersistentOriginTrials\LOCK","0","e3b0c44298fc1c149afbf4c8996fb92427ae41e4649b934ca495991b7852b855"
"local-artifacts\tmp\chrome_nport_final_20260804_r2\runbook\Default\PersistentOriginTrials\LOG","0","e3b0c44298fc1c149afbf4c8996fb92427ae41e4649b934ca495991b7852b855"
"local-artifacts\tmp\chrome_nport_final_20260804_r2\runbook\Default\Preferences","9179","05ff6ad9a441589807ef8a9a1aa986133e7c65d055dc9df37fbc0507e4683fc9"
"local-artifacts\tmp\chrome_nport_final_20260804_r2\runbook\Default\README","180","c43668eec4a8d88a5b3a06a84f8846853fe33e54293c2db56899a5a5dfb4d944"
"local-artifacts\tmp\chrome_nport_final_20260804_r2\runbook\Default\Safe Browsing Network\NetworkDataMigrated","0","e3b0c44298fc1c149afbf4c8996fb92427ae41e4649b934ca495991b7852b855"
"local-artifacts\tmp\chrome_nport_final_20260804_r2\runbook\Default\Safe Browsing Network\Safe Browsing Cookies","20480","40cfaef080aad157b7f8e0fade5b8a83ca8eb2a84fcea586458803c1e4d32e5b"
"local-artifacts\tmp\chrome_nport_final_20260804_r2\runbook\Default\Safe Browsing Network\Safe Browsing Cookies-journal","0","e3b0c44298fc1c149afbf4c8996fb92427ae41e4649b934ca495991b7852b855"
"local-artifacts\tmp\chrome_nport_final_20260804_r2\runbook\Default\Secure Preferences","13877","f980527dd0300bfd8e46052665e2cfb290443301d2074f0a2d62b79b0ada7ff1"
"local-artifacts\tmp\chrome_nport_final_20260804_r2\runbook\Default\Segmentation Platform\SegmentInfoDB\LOCK","0","e3b0c44298fc1c149afbf4c8996fb92427ae41e4649b934ca495991b7852b855"
"local-artifacts\tmp\chrome_nport_final_20260804_r2\runbook\Default\Segmentation Platform\SegmentInfoDB\LOG","0","e3b0c44298fc1c149afbf4c8996fb92427ae41e4649b934ca495991b7852b855"
"local-artifacts\tmp\chrome_nport_final_20260804_r2\runbook\Default\Segmentation Platform\SignalDB\LOCK","0","e3b0c44298fc1c149afbf4c8996fb92427ae41e4649b934ca495991b7852b855"
"local-artifacts\tmp\chrome_nport_final_20260804_r2\runbook\Default\Segmentation Platform\SignalDB\LOG","0","e3b0c44298fc1c149afbf4c8996fb92427ae41e4649b934ca495991b7852b855"
"local-artifacts\tmp\chrome_nport_final_20260804_r2\runbook\Default\Segmentation Platform\SignalStorageConfigDB\LOCK","0","e3b0c44298fc1c149afbf4c8996fb92427ae41e4649b934ca495991b7852b855"
"local-artifacts\tmp\chrome_nport_final_20260804_r2\runbook\Default\Segmentation Platform\SignalStorageConfigDB\LOG","0","e3b0c44298fc1c149afbf4c8996fb92427ae41e4649b934ca495991b7852b855"
"local-artifacts\tmp\chrome_nport_final_20260804_r2\runbook\Default\ServerCertificate","20480","4d2411474fd0bd7237bae798a21959c422dccc3275d742b8de4440cc244b22ce"
"local-artifacts\tmp\chrome_nport_final_20260804_r2\runbook\Default\ServerCertificate-journal","0","e3b0c44298fc1c149afbf4c8996fb92427ae41e4649b934ca495991b7852b855"
"local-artifacts\tmp\chrome_nport_final_20260804_r2\runbook\Default\Service Worker\Database\000003.log","1263","d0faba1bcaeacb6f034771bad74807fd1e8eac950f1ef5bebfd6f6dc85dd976b"
"local-artifacts\tmp\chrome_nport_final_20260804_r2\runbook\Default\Service Worker\Database\CURRENT","16","0f1bad70c7bd1e0a69562853ec529355462fcd0423263a3d39d6d0d70b780443"
"local-artifacts\tmp\chrome_nport_final_20260804_r2\runbook\Default\Service Worker\Database\LOCK","0","e3b0c44298fc1c149afbf4c8996fb92427ae41e4649b934ca495991b7852b855"
"local-artifacts\tmp\chrome_nport_final_20260804_r2\runbook\Default\Service Worker\Database\LOG","337","58a225033f15fe3096d994a91bd21b23440cb27b0e01c4b4160867891701ce3b"
"local-artifacts\tmp\chrome_nport_final_20260804_r2\runbook\Default\Service Worker\Database\MANIFEST-000001","41","f9d31b278e215eb0d0e9cd709edfa037e828f36214ab7906f612160fead4b2b4"
"local-artifacts\tmp\chrome_nport_final_20260804_r2\runbook\Default\Service Worker\ScriptCache\2cc80dabc69f58b6_0","472","7433e2de592bac3d53e34206cd580d140d107eae0defa146b238d209d3b34c87"
"local-artifacts\tmp\chrome_nport_final_20260804_r2\runbook\Default\Service Worker\ScriptCache\4cb013792b196a35_0","10387","9bfcd210dc08c82ce5d351f0b2e015d246be763173e1310cc3fe651d99c308aa"
"local-artifacts\tmp\chrome_nport_final_20260804_r2\runbook\Default\Service Worker\ScriptCache\4cb013792b196a35_1","7217","348252b69779cca24a077f80926307c79508b91887bc734e3ac502699eba9e42"
"local-artifacts\tmp\chrome_nport_final_20260804_r2\runbook\Default\Service Worker\ScriptCache\index","24","fbcfe23a2ecb82b7100c50811691dde0a33aa3da8d176be9882a9db485dc0f2d"
"local-artifacts\tmp\chrome_nport_final_20260804_r2\runbook\Default\Service Worker\ScriptCache\index-dir\the-real-index","96","09f43012920e32f0909faa0221bb57a0499960f9219edf57229f3daef5f7f355"
"local-artifacts\tmp\chrome_nport_final_20260804_r2\runbook\Default\Session Storage\000003.log","106","153b8849b572d53cea73a6fe4cc6565cc7a1d6f51d65bf1f2584d6de2c5dc62b"
"local-artifacts\tmp\chrome_nport_final_20260804_r2\runbook\Default\Session Storage\CURRENT","16","0f1bad70c7bd1e0a69562853ec529355462fcd0423263a3d39d6d0d70b780443"
"local-artifacts\tmp\chrome_nport_final_20260804_r2\runbook\Default\Session Storage\LOCK","0","e3b0c44298fc1c149afbf4c8996fb92427ae41e4649b934ca495991b7852b855"
"local-artifacts\tmp\chrome_nport_final_20260804_r2\runbook\Default\Session Storage\LOG","323","0311869b55740fcf3f29d1f64d8f55143e4ebb8938c811d76d94ee061515b6c1"
"local-artifacts\tmp\chrome_nport_final_20260804_r2\runbook\Default\Session Storage\MANIFEST-000001","41","f9d31b278e215eb0d0e9cd709edfa037e828f36214ab7906f612160fead4b2b4"
"local-artifacts\tmp\chrome_nport_final_20260804_r2\runbook\Default\Sessions\Session_13430334433421126","2072","801edad654c312433ee85e8f9e38ac15d8c2596c2b11d23e824ce3001ccdd628"
"local-artifacts\tmp\chrome_nport_final_20260804_r2\runbook\Default\Sessions\Tabs_13430334433425843","1764","a3394df1dfe86ce60f873bf2045391ec2d3814f8780d1b94815d640f3b42d53b"
"local-artifacts\tmp\chrome_nport_final_20260804_r2\runbook\Default\Shared Dictionary\cache\index","24","fbcfe23a2ecb82b7100c50811691dde0a33aa3da8d176be9882a9db485dc0f2d"
"local-artifacts\tmp\chrome_nport_final_20260804_r2\runbook\Default\Shared Dictionary\cache\index-dir\the-real-index","48","5c85b9731fbc6e0aa3ca27b217d3c73763ea8bacbbe9f861d1004df7af596497"
"local-artifacts\tmp\chrome_nport_final_20260804_r2\runbook\Default\Shared Dictionary\db","45056","fbb86c665b2fed35c372ce8996eb1c4e31082aedd6ad5fc6086cfac889c3471b"
"local-artifacts\tmp\chrome_nport_final_20260804_r2\runbook\Default\Shared Dictionary\db-journal","0","e3b0c44298fc1c149afbf4c8996fb92427ae41e4649b934ca495991b7852b855"
"local-artifacts\tmp\chrome_nport_final_20260804_r2\runbook\Default\shared_proto_db\000003.log","6737","98edca2c257bd1c8abddaa229cbc5cf97d09079592a04371b17166be95cbbe31"
"local-artifacts\tmp\chrome_nport_final_20260804_r2\runbook\Default\shared_proto_db\CURRENT","16","0f1bad70c7bd1e0a69562853ec529355462fcd0423263a3d39d6d0d70b780443"
"local-artifacts\tmp\chrome_nport_final_20260804_r2\runbook\Default\shared_proto_db\LOCK","0","e3b0c44298fc1c149afbf4c8996fb92427ae41e4649b934ca495991b7852b855"
"local-artifacts\tmp\chrome_nport_final_20260804_r2\runbook\Default\shared_proto_db\LOG","321","ec563fdbca4fa9e75e6233dcad795267c5203611470175f367520cc63092ff66"
"local-artifacts\tmp\chrome_nport_final_20260804_r2\runbook\Default\shared_proto_db\MANIFEST-000001","41","f9d31b278e215eb0d0e9cd709edfa037e828f36214ab7906f612160fead4b2b4"
"local-artifacts\tmp\chrome_nport_final_20260804_r2\runbook\Default\shared_proto_db\metadata\000003.log","706","2e707037ca801ddcb74c3573b991272265645f815ab1e0926330dc600ccff7d2"
"local-artifacts\tmp\chrome_nport_final_20260804_r2\runbook\Default\shared_proto_db\metadata\CURRENT","16","0f1bad70c7bd1e0a69562853ec529355462fcd0423263a3d39d6d0d70b780443"
"local-artifacts\tmp\chrome_nport_final_20260804_r2\runbook\Default\shared_proto_db\metadata\LOCK","0","e3b0c44298fc1c149afbf4c8996fb92427ae41e4649b934ca495991b7852b855"
"local-artifacts\tmp\chrome_nport_final_20260804_r2\runbook\Default\shared_proto_db\metadata\LOG","339","01129d1e7ef2f23bc152a073ffd92eefd1e8ab40743f6d9f5327f063b2c598de"
"local-artifacts\tmp\chrome_nport_final_20260804_r2\runbook\Default\shared_proto_db\metadata\MANIFEST-000001","41","f9d31b278e215eb0d0e9cd709edfa037e828f36214ab7906f612160fead4b2b4"
"local-artifacts\tmp\chrome_nport_final_20260804_r2\runbook\Default\Site Characteristics Database\000003.log","40","f096bc366a931fba656bdcd77b24af15a5f29fc53281a727c79f82c608ecfab8"
"local-artifacts\tmp\chrome_nport_final_20260804_r2\runbook\Default\Site Characteristics Database\CURRENT","16","0f1bad70c7bd1e0a69562853ec529355462fcd0423263a3d39d6d0d70b780443"
"local-artifacts\tmp\chrome_nport_final_20260804_r2\runbook\Default\Site Characteristics Database\LOCK","0","e3b0c44298fc1c149afbf4c8996fb92427ae41e4649b934ca495991b7852b855"
"local-artifacts\tmp\chrome_nport_final_20260804_r2\runbook\Default\Site Characteristics Database\LOG","349","1a93877e4317157f464b6f0094fbe29208c499a87262bedb34229a1376fb2e3a"
"local-artifacts\tmp\chrome_nport_final_20260804_r2\runbook\Default\Site Characteristics Database\MANIFEST-000001","41","f9d31b278e215eb0d0e9cd709edfa037e828f36214ab7906f612160fead4b2b4"
"local-artifacts\tmp\chrome_nport_final_20260804_r2\runbook\Default\Sync Data\LevelDB\000003.log","118","b201e50dd759e0c41786332abd0c141372955e9489cf632cc09100d1f46b3ac7"
"local-artifacts\tmp\chrome_nport_final_20260804_r2\runbook\Default\Sync Data\LevelDB\CURRENT","16","0f1bad70c7bd1e0a69562853ec529355462fcd0423263a3d39d6d0d70b780443"
"local-artifacts\tmp\chrome_nport_final_20260804_r2\runbook\Default\Sync Data\LevelDB\LOCK","0","e3b0c44298fc1c149afbf4c8996fb92427ae41e4649b934ca495991b7852b855"
"local-artifacts\tmp\chrome_nport_final_20260804_r2\runbook\Default\Sync Data\LevelDB\LOG","325","49778653f170202937087839fe1d68759a50ffbb6820b4b7c84aa6f89604964f"
"local-artifacts\tmp\chrome_nport_final_20260804_r2\runbook\Default\Sync Data\LevelDB\MANIFEST-000001","41","f9d31b278e215eb0d0e9cd709edfa037e828f36214ab7906f612160fead4b2b4"
"local-artifacts\tmp\chrome_nport_final_20260804_r2\runbook\Default\Top Sites","20480","36799ef65c1a2bdb7962c940f0451889b53119fa2021ddca9a7d0267afa91af7"
"local-artifacts\tmp\chrome_nport_final_20260804_r2\runbook\Default\Top Sites-journal","0","e3b0c44298fc1c149afbf4c8996fb92427ae41e4649b934ca495991b7852b855"
"local-artifacts\tmp\chrome_nport_final_20260804_r2\runbook\Default\Web Data","157696","2cf774e5a9abddb8e12e0140928c28d71bda5ef74a09fa33ada60ce46930d0de"
"local-artifacts\tmp\chrome_nport_final_20260804_r2\runbook\Default\Web Data-journal","0","e3b0c44298fc1c149afbf4c8996fb92427ae41e4649b934ca495991b7852b855"
"local-artifacts\tmp\chrome_nport_final_20260804_r2\runbook\Default\WebStorage\QuotaManager","40960","3e161c52a85bee50cbc00b2a6b88d754429016a99acdc51bf4f3e912df87f5dc"
"local-artifacts\tmp\chrome_nport_final_20260804_r2\runbook\Default\WebStorage\QuotaManager-journal","0","e3b0c44298fc1c149afbf4c8996fb92427ae41e4649b934ca495991b7852b855"
"local-artifacts\tmp\chrome_nport_final_20260804_r2\runbook\extensions_crx_cache\metadata.json","13","2771d13c637c267132afff9db67537bef95708534b79ae8d954254c4e64e4e0f"
"local-artifacts\tmp\chrome_nport_final_20260804_r2\runbook\GPUPersistentCache\DawnGraphiteCache\WRJTYMYAB73RC6HTXXLKRS2FEZVUG6PP\cache.db","4096","0ab48b25cba617ed3a4acca0161813b314c095ef63544bb4af60769eb1012977"
"local-artifacts\tmp\chrome_nport_final_20260804_r2\runbook\GPUPersistentCache\DawnGraphiteCache\WRJTYMYAB73RC6HTXXLKRS2FEZVUG6PP\cache.db-wal","12392","5a75c6ceb14f99892a206aae256d25f16cebf02ddd73dc58ec5dbbbc9e4808e4"
"local-artifacts\tmp\chrome_nport_final_20260804_r2\runbook\GPUPersistentCache\DawnGraphiteCache\WRJTYMYAB73RC6HTXXLKRS2FEZVUG6PP\cache.journal","0","e3b0c44298fc1c149afbf4c8996fb92427ae41e4649b934ca495991b7852b855"
"local-artifacts\tmp\chrome_nport_final_20260804_r2\runbook\GrShaderCache\data_0","8192","d6a5fe39cd672781b256e0e3102f7022635f1d4bb7cfcc90a80fffe4d0f3877e"
"local-artifacts\tmp\chrome_nport_final_20260804_r2\runbook\GrShaderCache\data_1","270336","b1e963d702392fb7224786e7d56d43973e9b9efd1b89c17814d7c558ffc0cdec"
"local-artifacts\tmp\chrome_nport_final_20260804_r2\runbook\GrShaderCache\data_2","8192","ec1702806f4cc7c42a82fc2b38e89835fde7c64bb32060e0823c9077ca92efb7"
"local-artifacts\tmp\chrome_nport_final_20260804_r2\runbook\GrShaderCache\data_3","8192","e09f42c398d688dce168570291f1f92d079987deda3099a34adb9e8c0522b30c"
"local-artifacts\tmp\chrome_nport_final_20260804_r2\runbook\GrShaderCache\index","262512","3c063d2df431c2afa874055c1007a58705fe391be76ee6248c58c8b3e65a9928"
"local-artifacts\tmp\chrome_nport_final_20260804_r2\runbook\Last Version","14","78807c7b95e0abc2648e6a310354c4010f991a240b1f00c3146f475ab90c6e80"
"local-artifacts\tmp\chrome_nport_final_20260804_r2\runbook\Local State","3279","a266cb5ce7a819170a5b1bdaa7de38a26b7f0532039e8bab54a72abb45f5ccaa"
"local-artifacts\tmp\chrome_nport_final_20260804_r2\runbook\segmentation_platform\ukm_db","49152","8f6846be330a78aab9356c85822f71fbeb23fbb4bce1141552fa3f8c41cebd57"
"local-artifacts\tmp\chrome_nport_final_20260804_r2\runbook\ShaderCache\data_0","8192","d6a5fe39cd672781b256e0e3102f7022635f1d4bb7cfcc90a80fffe4d0f3877e"
"local-artifacts\tmp\chrome_nport_final_20260804_r2\runbook\ShaderCache\data_1","270336","b1e963d702392fb7224786e7d56d43973e9b9efd1b89c17814d7c558ffc0cdec"
"local-artifacts\tmp\chrome_nport_final_20260804_r2\runbook\ShaderCache\data_2","8192","ec1702806f4cc7c42a82fc2b38e89835fde7c64bb32060e0823c9077ca92efb7"
"local-artifacts\tmp\chrome_nport_final_20260804_r2\runbook\ShaderCache\data_3","8192","e09f42c398d688dce168570291f1f92d079987deda3099a34adb9e8c0522b30c"
"local-artifacts\tmp\chrome_nport_final_20260804_r2\runbook\ShaderCache\index","262512","255aeb3c6f9e30c156122e24fd256d189ae0ac3e05578613e64a181cb533e486"
"local-artifacts\tmp\chrome_nport_final_20260804_r2\runbook\Variations","85","b26da4f8c7e283aa74386da0229d66af14a37986b8ca828e054fc932f68dd557"
"local-artifacts\tmp\pdfs\__pycache__\build_delta_audit_pdf.cpython-312.pyc","26891","a1a6f379d2b97f2cc4436236b055549584220341b9d0e110f7bfcdf87afc6405"
"local-artifacts\tmp\pdfs\__pycache__\build_missing_fields_table_pdf.cpython-312.pyc","9071","8b31651a51ba3859f4f6b351809c0f06438dd8f352500a65418dfca458744c57"
"local-artifacts\tmp\pdfs\audit_clean_page_1.png","145798","a4ef2bce81de16376aa6e63d176ead415fb66a11bb0884d61698a17e0ae59537"
"local-artifacts\tmp\pdfs\audit_clean_page_2.png","167723","bb1e7da305c8bce60005ab247de1d1f56a7230b030f83c9a07ea9c4728b50442"
"local-artifacts\tmp\pdfs\audit_clean_page_3.png","248113","546411e87c2e544a245a62110703d146ef2f4a5e48f8cc46274fcc54d1daeb84"
"local-artifacts\tmp\pdfs\audit_clean_page_4.png","172968","2ee6bb11a17b94541ba833e33b55ed964e66bb6e4258d2ccaeb831242adceb17"
"local-artifacts\tmp\pdfs\audit_clean_page_5.png","82091","3558b4791851c01766492c9e240134aec068242f55319517133d98993cfee62d"
"local-artifacts\tmp\pdfs\audit_contact_1.png","817172","790b41fe449d737e828dfc159ca7117dfbf5990ecd89147d7bbfcf7ae373ee5e"
"local-artifacts\tmp\pdfs\audit_final.png","271172","82f842e5c063c60681d8a2ad87dd9dd1a8be729118670cca375871c4c59eb037"
"local-artifacts\tmp\pdfs\audit_page_2.png","213084","fbf2eba77c325a8200137367798165f0fe4a34932a22cfd08450e35e9838cc56"
"local-artifacts\tmp\pdfs\audit_page_3.png","277131","751ab58f748c2f3b1d68a180a2f98d0d36a2b0c7f7fc386d9c8266b84f6137e4"
"local-artifacts\tmp\pdfs\audit_page_4.png","228864","8ba7c3e30577c4e2184a8539d8320ecfedac84b039c3a67faa40973259128356"
"local-artifacts\tmp\pdfs\audit_page_5.png","115680","e9ff293aa5c8eded1599a9a3e7dc34dcbe5ba93dac213d3ddd1b826de4fb6411"
"local-artifacts\tmp\pdfs\audit3_page_1.png","145798","a4ef2bce81de16376aa6e63d176ead415fb66a11bb0884d61698a17e0ae59537"
"local-artifacts\tmp\pdfs\audit3_page_2.png","166501","649544706072fc299b03d52fff03eb8a2ce12742b6477d481dc42194a98995e9"
"local-artifacts\tmp\pdfs\audit3_page_3.png","189997","2ba73853d79598577a77f75c2c9c53a523093a950f4a1726342ed6cb798e78e0"
"local-artifacts\tmp\pdfs\audit3_page_4.png","164544","8e8ff4b579864e48204c0dd902d6ad4cd4dd5ca31dced7b4dc42ec164a58432a"
"local-artifacts\tmp\pdfs\audit3_page_5.png","171124","04ac45c5159ca90a01711e062dded95c73a45ffdc704c54f8920a6ed357cbfdf"
"local-artifacts\tmp\pdfs\build_delta_audit_pdf.py","21195","510fae77a7a41a34b9c66471a9dbccbbe62bcdfbdb5475ab66bc1c5a3eaabe2a"
"local-artifacts\tmp\pdfs\build_missing_fields_table_pdf.py","6071","0e0918bd68a34b32b94ff7e83c54f7ad059222e8eff52ac25e2d14a3fbfd8baa"
"local-artifacts\tmp\pdfs\comprehensive-v1\NPORT_Runbook_1.png","19834","b4f59004d89e48dcd5aa55e2c1c752c1e0bf6895f07b944b12e18ec46f926fd8"
"local-artifacts\tmp\pdfs\comprehensive-v1\NPORT_Runbook_10.png","73528","a943f758580e6901cb34fe1d3b23e75963ca77d195e4198c3ca526697a057273"
"local-artifacts\tmp\pdfs\comprehensive-v1\NPORT_Runbook_11.png","79331","d25f3000ca776362109c20c77f8260b7e7133fe819f4d80005e9c55da2e5dbf5"
"local-artifacts\tmp\pdfs\comprehensive-v1\NPORT_Runbook_12.png","76706","48d4255ae3c110cb48417495fce6b7d6a85e69805181e8df2a16c50745341768"
"local-artifacts\tmp\pdfs\comprehensive-v1\NPORT_Runbook_13.png","93241","3f711fc702d81823ec5eb997b69c8c99a5a8e9451b4c261c07579a04524454c5"
"local-artifacts\tmp\pdfs\comprehensive-v1\NPORT_Runbook_14.png","103640","9272e7dce7250f6335a2664ccfa7fab34eb852bb37c379fef862cf8d64c92ec6"
"local-artifacts\tmp\pdfs\comprehensive-v1\NPORT_Runbook_15.png","95613","bff7d9357990b1aa4726bdf9abcc156f395629ac2f6a9045286b3efb03456c79"
"local-artifacts\tmp\pdfs\comprehensive-v1\NPORT_Runbook_16.png","88311","80c8b71b7b11ed0f3febd32ea80f64d090108960b1b6ce943980fdd2a93d6d69"
"local-artifacts\tmp\pdfs\comprehensive-v1\NPORT_Runbook_17.png","79515","351b30916b582f20f4588f31b2be21ccc056555e308dea573c9d9439f324b7c8"
"local-artifacts\tmp\pdfs\comprehensive-v1\NPORT_Runbook_18.png","77665","c3547efbc34c8f2f93294bbe86fdbc733be56c5f427be14622c5788d130939ac"
"local-artifacts\tmp\pdfs\comprehensive-v1\NPORT_Runbook_19.png","83558","9cc7b577241bcee61d47cf4e762c0539b82da9f1aa7b02237e0bbf6cffa1f6a8"
"local-artifacts\tmp\pdfs\comprehensive-v1\NPORT_Runbook_2.png","70761","e8782d0582a7596b3890dc4f051052f0cfeba5eb013a34dd2749c469b34d982f"
"local-artifacts\tmp\pdfs\comprehensive-v1\NPORT_Runbook_20.png","82632","0ba29d04a7259d42d3a710c49dff787630e12a96c05204386742a4f5fd9999f1"
"local-artifacts\tmp\pdfs\comprehensive-v1\NPORT_Runbook_21.png","80591","691066f470dc19bbe754f16f1f6894bbda005b4a848e901a8db3b34d2d3de426"
"local-artifacts\tmp\pdfs\comprehensive-v1\NPORT_Runbook_22.png","68703","7796bfb4cd7964cf4e98bf494e9d4e3859145ff0dc382a96335223560f633b29"
"local-artifacts\tmp\pdfs\comprehensive-v1\NPORT_Runbook_23.png","74258","64953dd84bd3afc7979359a09f972a1e511a83573f89b6f78e6c5a937ceb410c"
"local-artifacts\tmp\pdfs\comprehensive-v1\NPORT_Runbook_24.png","73918","26738d7cbb094c8fe1b131d6680d3d14fdc8abe1ce7d6c30ee49ae2dda13480d"
"local-artifacts\tmp\pdfs\comprehensive-v1\NPORT_Runbook_25.png","84829","bb700753c9c4233e5c438674361c72cfb3c7f714164ea5a266728a686c4b2be7"
"local-artifacts\tmp\pdfs\comprehensive-v1\NPORT_Runbook_3.png","64529","f08cdd232b6d0a100ec363f021200fa0e9d7d8440cb9c00e6b5d059e652d523d"
"local-artifacts\tmp\pdfs\comprehensive-v1\NPORT_Runbook_4.png","76741","2761589936649b7caa659fb0382d1061aee83e6ccd684bc6a9f7aa9fbe000b14"
"local-artifacts\tmp\pdfs\comprehensive-v1\NPORT_Runbook_5.png","72429","b5e78b5ce46233ae21f8b3cb1f95fe87e05366cc5215cde8354de2e5665aad6e"
"local-artifacts\tmp\pdfs\comprehensive-v1\NPORT_Runbook_6.png","66010","e636bb7f270d4060d21009c31913fbc2bb7e6ce5e38997025ecf7aea94b72040"
"local-artifacts\tmp\pdfs\comprehensive-v1\NPORT_Runbook_7.png","79739","0a689f0e5bde3d1a2e789504a4762e978f4e1b462b352c2b5110f917403c2feb"
"local-artifacts\tmp\pdfs\comprehensive-v1\NPORT_Runbook_8.png","75363","6707e098d39c3120c917035725da1831578b8bf98c739a6304f866dd93fb9c7b"
"local-artifacts\tmp\pdfs\comprehensive-v1\NPORT_Runbook_9.png","67762","7717def1be2b456283842d59d8a89fe0e7909d95167b5e64fe8196f7fd9e205d"
"local-artifacts\tmp\pdfs\comprehensive-v1\NPORT_Runbook_contact.png","1088084","108ad8cd31d854751401631faa43346677720848177545b668c7688c66c42ba8"
"local-artifacts\tmp\pdfs\comprehensive-v1\US_Bank_NPORT_Comprehensive_Final_Audit_2026-08-03_1.png","22452","28a3469d80f8f92c9c118d844f61cf643137a63da84df01e160341366d31a36f"
"local-artifacts\tmp\pdfs\comprehensive-v1\US_Bank_NPORT_Comprehensive_Final_Audit_2026-08-03_10.png","43048","ed10c6547f783b5cc154a14bc65089278c9bfcd187a48ee100211f8e6ecad2b4"
"local-artifacts\tmp\pdfs\comprehensive-v1\US_Bank_NPORT_Comprehensive_Final_Audit_2026-08-03_2.png","83464","55227e3ce08c64a262f135d4dc2f1a289952bfd5c90c59994f13fbeb881084f4"
"local-artifacts\tmp\pdfs\comprehensive-v1\US_Bank_NPORT_Comprehensive_Final_Audit_2026-08-03_3.png","61077","bfa34078027c49c9bec28cc185bd423e465025945d5dee5df55d4beb3f00ca1d"
"local-artifacts\tmp\pdfs\comprehensive-v1\US_Bank_NPORT_Comprehensive_Final_Audit_2026-08-03_4.png","87508","e8bab02e1a8301de9ab106667344ac2f84bde72a0ada0f1ee7940a9369608ccd"
"local-artifacts\tmp\pdfs\comprehensive-v1\US_Bank_NPORT_Comprehensive_Final_Audit_2026-08-03_5.png","75653","486328400b29989b8ffc75a331d0cfbe0408099dc5bf55dcc22f30b172e9dd57"
"local-artifacts\tmp\pdfs\comprehensive-v1\US_Bank_NPORT_Comprehensive_Final_Audit_2026-08-03_6.png","29369","4eed533246accd0d4edf81a5170d999c5fc40a0122667fa0a0202e22203cc2e3"
"local-artifacts\tmp\pdfs\comprehensive-v1\US_Bank_NPORT_Comprehensive_Final_Audit_2026-08-03_7.png","41481","4bc26f7e73258eb234c90b05aee02b9edf48c03307930c69ce2abf5f27f8f575"
"local-artifacts\tmp\pdfs\comprehensive-v1\US_Bank_NPORT_Comprehensive_Final_Audit_2026-08-03_8.png","31049","12dfde19207fed84900c46f3b760419aa1fd44f66a3a180a214ec5f43eb238f7"
"local-artifacts\tmp\pdfs\comprehensive-v1\US_Bank_NPORT_Comprehensive_Final_Audit_2026-08-03_9.png","33727","191497cca83e404796b145654ea4af4ee37e08b8f758ad6ab99613999ddf61e6"
"local-artifacts\tmp\pdfs\comprehensive-v1\US_Bank_NPORT_Comprehensive_Final_Audit_2026-08-03_contact.png","355343","4fb66bd552b84cac5d98c65727eea5243cafa00b335ebcd89d116a6044c7b9fc"
"local-artifacts\tmp\pdfs\comprehensive-v2\NPORT_Runbook_1.png","17968","bad60c16884f9ba3d794bb9fd148e603f96ade7a19899bb7895ee33f74650807"
"local-artifacts\tmp\pdfs\comprehensive-v2\NPORT_Runbook_10.png","66976","3f5c8537cc9d3c9a3e57be388c6def6999d9dc15436919f76e27c3aaab1df5f3"
"local-artifacts\tmp\pdfs\comprehensive-v2\NPORT_Runbook_11.png","72515","bafc27b9fb7f541c645a52575a1c31ae0d87bf89c5db8d56151107b64a7658d6"
"local-artifacts\tmp\pdfs\comprehensive-v2\NPORT_Runbook_12.png","71431","20a28a0491ebce9748d8fe6df9f702f5c05298e6dc7a50e46fbc7c1596939657"
"local-artifacts\tmp\pdfs\comprehensive-v2\NPORT_Runbook_13.png","88231","73a0751b9187634f6cd3e22c95f4f2fa627f295f12d024dd69c7571c0027f7f0"
"local-artifacts\tmp\pdfs\comprehensive-v2\NPORT_Runbook_14.png","98901","b8b4cd61ee5e477976d505dd4620b6aa48acb67de8a2f9dc1fd1ed7cf7ab0d49"
"local-artifacts\tmp\pdfs\comprehensive-v2\NPORT_Runbook_15.png","90921","ad50245f8db6dda94b876aa647b772e39b34920c6f674751a2d4494efa5af981"
"local-artifacts\tmp\pdfs\comprehensive-v2\NPORT_Runbook_16.png","83818","16a80f382f9e59cfb6624ceaec201838d41d3380708d01cee4b56aaf55f94b26"
"local-artifacts\tmp\pdfs\comprehensive-v2\NPORT_Runbook_17.png","73534","a9617cdeca0431b62bea88aef1dbfcdd1b462b57de4e4efcdc7f6f64ff416ca3"
"local-artifacts\tmp\pdfs\comprehensive-v2\NPORT_Runbook_18.png","70598","447f374ea1f2ca9c61651e7f88bc6a99718aaf3192d4e1f46b223d772f9706dd"
"local-artifacts\tmp\pdfs\comprehensive-v2\NPORT_Runbook_19.png","79266","eea1b2105a98e2b395e7ec3fa1c36b9fee9d76650816f5cedec03590c9ef33fb"
"local-artifacts\tmp\pdfs\comprehensive-v2\NPORT_Runbook_2.png","62465","0a61046ef6736a7eb3dbdc89ac103d83d7b9de5fdb8773e65ca6c7f1dc07fce2"
"local-artifacts\tmp\pdfs\comprehensive-v2\NPORT_Runbook_20.png","75391","c7174d7d125a26faf353442ced15f4c5489b64466c20c64db3f33a901b6b4527"
"local-artifacts\tmp\pdfs\comprehensive-v2\NPORT_Runbook_21.png","74219","8f82f67b84f9d3d55ce4e899d26ac99563fbf4b49910eae774a9dc74f24f2402"
"local-artifacts\tmp\pdfs\comprehensive-v2\NPORT_Runbook_22.png","65250","8989343af4059bbc0b48421471611751e1d7cdd7c9f7dbb15208843edc1d085f"
"local-artifacts\tmp\pdfs\comprehensive-v2\NPORT_Runbook_23.png","71674","401e2e4ba81ec6acbdca42b0d29235d62ca6df4ec72362fbada0572145100c48"
"local-artifacts\tmp\pdfs\comprehensive-v2\NPORT_Runbook_24.png","71787","c93731af75ff2e7f772c16c07eae8a4eb2f91b1bd52f4b6b67b9e186af5158cc"
"local-artifacts\tmp\pdfs\comprehensive-v2\NPORT_Runbook_25.png","78858","d8ae7d78ba91eae09813d980269717e0a29a5a4701cc8542d43a6d0f6ba5bca2"
"local-artifacts\tmp\pdfs\comprehensive-v2\NPORT_Runbook_3.png","56183","9dc6a94d749c12f557dcdf74db15473ed00f8e05641b255bfa63de407d3361ff"
"local-artifacts\tmp\pdfs\comprehensive-v2\NPORT_Runbook_4.png","68166","a576df0774bc545a5ebac3932e46e7ac116014de412e535164a6ad72cca2c29a"
"local-artifacts\tmp\pdfs\comprehensive-v2\NPORT_Runbook_5.png","62940","841ef9b75b8adbf09c5010ddf1b9bef162dc870b7b3bca9f045830097b402d91"
"local-artifacts\tmp\pdfs\comprehensive-v2\NPORT_Runbook_6.png","59061","9f0b63d2f445a1a60b37ccc33bc2d2aa6b4fe42238b4ae6f41269923a88dfafa"
"local-artifacts\tmp\pdfs\comprehensive-v2\NPORT_Runbook_7.png","72401","bb374d7ff760cfe460b325b91eeaef6f3f88b422c97614814346aee32a64e5f7"
"local-artifacts\tmp\pdfs\comprehensive-v2\NPORT_Runbook_8.png","67874","80f3d7d933e5a0708092812055c6ff573a2bf7570e19083397f89094a4ce5abb"
"local-artifacts\tmp\pdfs\comprehensive-v2\NPORT_Runbook_9.png","60819","58b04b67a5b182e880fb64a4e81276d9fa8bd62fa4eb2f8b3f588f6b896f2ed5"
"local-artifacts\tmp\pdfs\comprehensive-v2\NPORT_Runbook_contact.png","1041055","4d84f3b27a85ddd79c90f24cadf9f5a780b425652c430c61c16404ceb88603cf"
"local-artifacts\tmp\pdfs\comprehensive-v2\US_Bank_NPORT_Comprehensive_Final_Audit_2026-08-03_1.png","20136","d1890cab4ed0b3dffe33e8877e07926313bc886eb4e9307bf5856a60cf4364c8"
"local-artifacts\tmp\pdfs\comprehensive-v2\US_Bank_NPORT_Comprehensive_Final_Audit_2026-08-03_10.png","40706","9b4fe702cd9f59fb9972de16d4e492abe8bb6fc11a1066a98ca4cdc40a92ebaa"
"local-artifacts\tmp\pdfs\comprehensive-v2\US_Bank_NPORT_Comprehensive_Final_Audit_2026-08-03_2.png","75924","5607d2a6a00fb14b12b7a888b7d987797896d0738e4e53d5929f801dadf94ee4"
"local-artifacts\tmp\pdfs\comprehensive-v2\US_Bank_NPORT_Comprehensive_Final_Audit_2026-08-03_3.png","53458","32df86e93356a95fec33bec43c407e12d7570037f945e686e4882676f499a891"
"local-artifacts\tmp\pdfs\comprehensive-v2\US_Bank_NPORT_Comprehensive_Final_Audit_2026-08-03_4.png","66925","1eeb5eef070ed61beb081bb09d6256960ff8d2efa549f059a84c77e558044d46"
"local-artifacts\tmp\pdfs\comprehensive-v2\US_Bank_NPORT_Comprehensive_Final_Audit_2026-08-03_5.png","68313","444e76178d33773bd8805fdea77f4a89a4515dd2f46e53041d40a4b6e7aa0dfb"
"local-artifacts\tmp\pdfs\comprehensive-v2\US_Bank_NPORT_Comprehensive_Final_Audit_2026-08-03_6.png","35989","24238bc1e056df9ffa727063b3ab427cac6ce0fd1bab0942cd1d8370b1ae1c62"
"local-artifacts\tmp\pdfs\comprehensive-v2\US_Bank_NPORT_Comprehensive_Final_Audit_2026-08-03_7.png","38532","fe61fcbfd490e42940a18f756c1b4fbab79cbd0578f6fc24bbc8600b32dc5ccb"
"local-artifacts\tmp\pdfs\comprehensive-v2\US_Bank_NPORT_Comprehensive_Final_Audit_2026-08-03_8.png","29528","b33e737f1bd08c83ff9f8ce76b62cc3407b6b18f92f5f68fa5676f2166708d3e"
"local-artifacts\tmp\pdfs\comprehensive-v2\US_Bank_NPORT_Comprehensive_Final_Audit_2026-08-03_9.png","31970","ad449d76d661462ae73ded83685b7aeb95b4de7af621532bd2e6f15c8bdd8812"
"local-artifacts\tmp\pdfs\comprehensive-v2\US_Bank_NPORT_Comprehensive_Final_Audit_2026-08-03_contact.png","339446","5140f0d19b589d42166109fc2ed05f67dedae12d5bdddb15a378457d41894305"
"local-artifacts\tmp\pdfs\comprehensive-v3\NPORT_Runbook_1.png","17968","bad60c16884f9ba3d794bb9fd148e603f96ade7a19899bb7895ee33f74650807"
"local-artifacts\tmp\pdfs\comprehensive-v3\NPORT_Runbook_10.png","66976","3f5c8537cc9d3c9a3e57be388c6def6999d9dc15436919f76e27c3aaab1df5f3"
"local-artifacts\tmp\pdfs\comprehensive-v3\NPORT_Runbook_11.png","72515","bafc27b9fb7f541c645a52575a1c31ae0d87bf89c5db8d56151107b64a7658d6"
"local-artifacts\tmp\pdfs\comprehensive-v3\NPORT_Runbook_12.png","71431","20a28a0491ebce9748d8fe6df9f702f5c05298e6dc7a50e46fbc7c1596939657"
"local-artifacts\tmp\pdfs\comprehensive-v3\NPORT_Runbook_13.png","88231","73a0751b9187634f6cd3e22c95f4f2fa627f295f12d024dd69c7571c0027f7f0"
"local-artifacts\tmp\pdfs\comprehensive-v3\NPORT_Runbook_14.png","98901","b8b4cd61ee5e477976d505dd4620b6aa48acb67de8a2f9dc1fd1ed7cf7ab0d49"
"local-artifacts\tmp\pdfs\comprehensive-v3\NPORT_Runbook_15.png","90921","ad50245f8db6dda94b876aa647b772e39b34920c6f674751a2d4494efa5af981"
"local-artifacts\tmp\pdfs\comprehensive-v3\NPORT_Runbook_16.png","83818","16a80f382f9e59cfb6624ceaec201838d41d3380708d01cee4b56aaf55f94b26"
"local-artifacts\tmp\pdfs\comprehensive-v3\NPORT_Runbook_17.png","73534","a9617cdeca0431b62bea88aef1dbfcdd1b462b57de4e4efcdc7f6f64ff416ca3"
"local-artifacts\tmp\pdfs\comprehensive-v3\NPORT_Runbook_18.png","70598","447f374ea1f2ca9c61651e7f88bc6a99718aaf3192d4e1f46b223d772f9706dd"
"local-artifacts\tmp\pdfs\comprehensive-v3\NPORT_Runbook_19.png","79266","eea1b2105a98e2b395e7ec3fa1c36b9fee9d76650816f5cedec03590c9ef33fb"
"local-artifacts\tmp\pdfs\comprehensive-v3\NPORT_Runbook_2.png","62465","0a61046ef6736a7eb3dbdc89ac103d83d7b9de5fdb8773e65ca6c7f1dc07fce2"
"local-artifacts\tmp\pdfs\comprehensive-v3\NPORT_Runbook_20.png","75391","c7174d7d125a26faf353442ced15f4c5489b64466c20c64db3f33a901b6b4527"
"local-artifacts\tmp\pdfs\comprehensive-v3\NPORT_Runbook_21.png","74219","8f82f67b84f9d3d55ce4e899d26ac99563fbf4b49910eae774a9dc74f24f2402"
"local-artifacts\tmp\pdfs\comprehensive-v3\NPORT_Runbook_22.png","65250","8989343af4059bbc0b48421471611751e1d7cdd7c9f7dbb15208843edc1d085f"
"local-artifacts\tmp\pdfs\comprehensive-v3\NPORT_Runbook_23.png","71674","401e2e4ba81ec6acbdca42b0d29235d62ca6df4ec72362fbada0572145100c48"
"local-artifacts\tmp\pdfs\comprehensive-v3\NPORT_Runbook_24.png","71787","c93731af75ff2e7f772c16c07eae8a4eb2f91b1bd52f4b6b67b9e186af5158cc"
"local-artifacts\tmp\pdfs\comprehensive-v3\NPORT_Runbook_25.png","78858","d8ae7d78ba91eae09813d980269717e0a29a5a4701cc8542d43a6d0f6ba5bca2"
"local-artifacts\tmp\pdfs\comprehensive-v3\NPORT_Runbook_3.png","56183","9dc6a94d749c12f557dcdf74db15473ed00f8e05641b255bfa63de407d3361ff"
"local-artifacts\tmp\pdfs\comprehensive-v3\NPORT_Runbook_4.png","68166","a576df0774bc545a5ebac3932e46e7ac116014de412e535164a6ad72cca2c29a"
"local-artifacts\tmp\pdfs\comprehensive-v3\NPORT_Runbook_5.png","62940","841ef9b75b8adbf09c5010ddf1b9bef162dc870b7b3bca9f045830097b402d91"
"local-artifacts\tmp\pdfs\comprehensive-v3\NPORT_Runbook_6.png","59061","9f0b63d2f445a1a60b37ccc33bc2d2aa6b4fe42238b4ae6f41269923a88dfafa"
"local-artifacts\tmp\pdfs\comprehensive-v3\NPORT_Runbook_7.png","72401","bb374d7ff760cfe460b325b91eeaef6f3f88b422c97614814346aee32a64e5f7"
"local-artifacts\tmp\pdfs\comprehensive-v3\NPORT_Runbook_8.png","67874","80f3d7d933e5a0708092812055c6ff573a2bf7570e19083397f89094a4ce5abb"
"local-artifacts\tmp\pdfs\comprehensive-v3\NPORT_Runbook_9.png","60819","58b04b67a5b182e880fb64a4e81276d9fa8bd62fa4eb2f8b3f588f6b896f2ed5"
"local-artifacts\tmp\pdfs\comprehensive-v3\NPORT_Runbook_contact.png","1041055","4d84f3b27a85ddd79c90f24cadf9f5a780b425652c430c61c16404ceb88603cf"
"local-artifacts\tmp\pdfs\comprehensive-v3\US_Bank_NPORT_Comprehensive_Final_Audit_2026-08-03_1.png","20136","d1890cab4ed0b3dffe33e8877e07926313bc886eb4e9307bf5856a60cf4364c8"
"local-artifacts\tmp\pdfs\comprehensive-v3\US_Bank_NPORT_Comprehensive_Final_Audit_2026-08-03_10.png","40706","9b4fe702cd9f59fb9972de16d4e492abe8bb6fc11a1066a98ca4cdc40a92ebaa"
"local-artifacts\tmp\pdfs\comprehensive-v3\US_Bank_NPORT_Comprehensive_Final_Audit_2026-08-03_2.png","75924","5607d2a6a00fb14b12b7a888b7d987797896d0738e4e53d5929f801dadf94ee4"
"local-artifacts\tmp\pdfs\comprehensive-v3\US_Bank_NPORT_Comprehensive_Final_Audit_2026-08-03_3.png","68706","45cabdcde3cdec59aa3526bd050603a6f09b69eaf9e61ec3809a4dfb71cbf7bf"
"local-artifacts\tmp\pdfs\comprehensive-v3\US_Bank_NPORT_Comprehensive_Final_Audit_2026-08-03_4.png","67989","1ec583634dfcfdc70e64a2bb933a5f1ba20c80ac7efad6cc2ff4791484c98e40"
"local-artifacts\tmp\pdfs\comprehensive-v3\US_Bank_NPORT_Comprehensive_Final_Audit_2026-08-03_5.png","65475","ac07ac9326395fa66c9bd6066ab60f3372c1eadb2a3e2d42f03e3d1d65a825e4"
"local-artifacts\tmp\pdfs\comprehensive-v3\US_Bank_NPORT_Comprehensive_Final_Audit_2026-08-03_6.png","46004","c275dadb9114bbd33e209378bcb9fa6db98679379a3d1554d60d913672d1c6be"
"local-artifacts\tmp\pdfs\comprehensive-v3\US_Bank_NPORT_Comprehensive_Final_Audit_2026-08-03_7.png","38532","fe61fcbfd490e42940a18f756c1b4fbab79cbd0578f6fc24bbc8600b32dc5ccb"
"local-artifacts\tmp\pdfs\comprehensive-v3\US_Bank_NPORT_Comprehensive_Final_Audit_2026-08-03_8.png","29528","b33e737f1bd08c83ff9f8ce76b62cc3407b6b18f92f5f68fa5676f2166708d3e"
"local-artifacts\tmp\pdfs\comprehensive-v3\US_Bank_NPORT_Comprehensive_Final_Audit_2026-08-03_9.png","31970","ad449d76d661462ae73ded83685b7aeb95b4de7af621532bd2e6f15c8bdd8812"
"local-artifacts\tmp\pdfs\comprehensive-v3\US_Bank_NPORT_Comprehensive_Final_Audit_2026-08-03_contact.png","361579","073201488afbd1fa2435a20f36e24a53c2af9487bbe29de9177f958954cb31f0"
"local-artifacts\tmp\pdfs\current\NPORT_Runbook_1.png","70704","8dba8485d3bef33375b296b0f44d1ff5e9ac8fc51ff4c36e1b127d80dc7bcac4"
"local-artifacts\tmp\pdfs\current\NPORT_Runbook_2.png","143108","fd59323f0d2920c62b0ed3ce847b0f6af25c0d655f96db380d2fa08a8ca2e4d7"
"local-artifacts\tmp\pdfs\current\NPORT_Runbook_3.png","26719","5e72fa709ac85c197286bea8a259ddbf12a6e415e8c27c83bf87d07b10009c6c"
"local-artifacts\tmp\pdfs\current\US_Bank_NPORT_Comprehensive_Final_Audit_2026-08-03_1.png","73257","16ef50f00d03b273f4c5bc5f3dd4a10c37544e9e52ef588c1b49aea9ed3eb2fd"
"local-artifacts\tmp\pdfs\current\US_Bank_NPORT_Comprehensive_Final_Audit_2026-08-03_2.png","170283","fc766655092b5b459dabba991c5f33eb450222be2418e5b1cd1d757e4916d0e5"
"local-artifacts\tmp\pdfs\current\US_Bank_NPORT_Comprehensive_Final_Audit_2026-08-03_3.png","15223","ae77dcefeada0deb59d7186138cf51ff7230607273af7925e830cb9381b3a8a5"
"local-artifacts\tmp\pdfs\downloaded-runbook-review\page-5.png","163977","490ecf848749e86847a329de0d9b7d72931aff31f9adf53c2bdcc8fa69fa41e1"
"local-artifacts\tmp\pdfs\downloaded-runbook-review\page-6.png","84311","15689ba683fc25b0f908c7ca990dba5496285d62a4bdac5a10274cc6d631e9fd"
"local-artifacts\tmp\pdfs\downloaded-runbook-review\page-7.png","141918","05290c039fc982abe1731405b4ed8036a0d8e3d5d0136586b1e494ef951b5378"
"local-artifacts\tmp\pdfs\final\NPORT_Runbook_1.png","19418","85c8e55f18f0c5bfc3ff7b3f7e1e86b3330cf10b044cb2e8d7f28da067f85a07"
"local-artifacts\tmp\pdfs\final\NPORT_Runbook_2.png","111833","fb90a1585658d1ea82f2f615912d522adc729b67e0de39ef1aaca61bbb8dfa16"
"local-artifacts\tmp\pdfs\final\NPORT_Runbook_3.png","69713","97a73f8bd50c28f11ec69e739dc2d0405622ed4dc73be148c91900ef0b48fd12"
"local-artifacts\tmp\pdfs\final\US_Bank_NPORT_Comprehensive_Final_Audit_2026-08-03_1.png","22737","0bd4d648df3cc51dbf2e9ec6f98933cd3f1e93ab6226f7b07d0117419000a824"
"local-artifacts\tmp\pdfs\final\US_Bank_NPORT_Comprehensive_Final_Audit_2026-08-03_2.png","130589","b8ed322403b6ad38bafb8a252eb4792988a2cda3a04d2394676cada0e40402ef"
"local-artifacts\tmp\pdfs\final\US_Bank_NPORT_Comprehensive_Final_Audit_2026-08-03_3.png","64607","ea6b48a3bf5795eb12298894ee28aeb46d613ec79cfa49116a5b0f25d2ef5eab"
"local-artifacts\tmp\pdfs\final_NPORT_Runbook_p1.png","34462","dddb9141b55e04eb804f792f6abb6755583f20326b896ddec12f1d949146abd5"
"local-artifacts\tmp\pdfs\final_NPORT_Runbook_p10.png","139671","aa0254667f9f104c6424feefddb112d42764c689d4f5a237e7acda116e9c03c9"
"local-artifacts\tmp\pdfs\final_NPORT_Runbook_p18.png","101192","99a71c702a12fefc670544f2d805fe0e45ec191b022f42802607c4b4ef3926b8"
"local-artifacts\tmp\pdfs\final_US_Bank_NPORT_Comprehensive_Final_Audit_2026-08-03_p1.png","35615","f78b6c6283ddc96906dc133efbbd7a6c4682e25e11bbf09ce1ec953a46a515c0"
"local-artifacts\tmp\pdfs\final_US_Bank_NPORT_Comprehensive_Final_Audit_2026-08-03_p3.png","132401","3e52e8c30fb33d16b73be375b5273328a2b1b0aee9eebdadc736e92d9bfb365e"
"local-artifacts\tmp\pdfs\final_US_Bank_NPORT_Comprehensive_Final_Audit_2026-08-03_p5.png","93332","1c9da2fc02d88d9f25d462d8f3abb1517c8223e1af1f706208f684d299eab79f"
"local-artifacts\tmp\pdfs\final-runbook\contact-1.png","422997","d1c256a1f3b06666caca10d0fb5420173b7dd1dd70dfb584c8881611e723e370"
"local-artifacts\tmp\pdfs\final-runbook\contact-2.png","490122","9bc7580b6791d29ec6f3d59c763530d39aed8315070fe31f9b814c833dca537b"
"local-artifacts\tmp\pdfs\final-runbook\contact-3.png","480243","a539aa7a9fb46b28607c4b212952c1d44a1826d1c90f3eb81654c6b775fc1f10"
"local-artifacts\tmp\pdfs\final-runbook\page-01.png","25845","4912115f0b1f33d3572d30d22688f418881f232848cd89f6d1eabae8e66acca7"
"local-artifacts\tmp\pdfs\final-runbook\page-02.png","106106","67f9dc1ec4b67493303eb27b1b71e4dae7e367281123d9a3a7bbc1150346500f"
"local-artifacts\tmp\pdfs\final-runbook\page-03.png","93562","16c85754da18ed111de7ddd8445b7032ed91e4ed39c2950c7ba1357f7907f152"
"local-artifacts\tmp\pdfs\final-runbook\page-04.png","34175","a3e80c750c67c0edf86d3d94de85ce43cfacbfece27128ae03672e941f1033ed"
"local-artifacts\tmp\pdfs\final-runbook\page-05.png","120674","018c2a24320626abbb339766873418d62cb9fa5730cfd6fde633836ec4594a03"
"local-artifacts\tmp\pdfs\final-runbook\page-06.png","26067","c998d4f5ea0b05b66ebac0df06933352957564a964e8163dd0cd858b569da798"
"local-artifacts\tmp\pdfs\final-runbook\page-07.png","112894","a08f15d471dcdb6a1198e804a68191d0cf81fcde793c67e26a371549a30af7ed"
"local-artifacts\tmp\pdfs\final-runbook\page-08.png","70292","bfa839d1aa172d07944b1d2741629cddfb8e937b63fc75e987769996c4e94a6a"
"local-artifacts\tmp\pdfs\final-runbook\page-09.png","99748","5a78388a48f7478c1249b0034ac7a0c1a9f4b0448fc07d7159c510cdb5f38691"
"local-artifacts\tmp\pdfs\final-runbook\page-10.png","90943","04805f945966d0251fed48d3a43f0fafd807d8ddfd5c536c10329a5ad9671b6b"
"local-artifacts\tmp\pdfs\final-runbook\page-11.png","83416","45cebcd02bfa717f4c9af49a54654eda603e790c279363ffd4b21c4ed7ce1901"
"local-artifacts\tmp\pdfs\final-runbook\page-12.png","100013","884d7cb4e8d7a7da298988232c997f8e39da9e69535a05c8fd34a8fa40267ee2"
"local-artifacts\tmp\pdfs\final-runbook\page-13.png","94116","a69e7587af9f3f6ec000b7482ea8c99dd3c7e9bda93efe69e765080757dac39f"
"local-artifacts\tmp\pdfs\final-runbook\page-14.png","85381","4a58f5b91fc8cf7ea9e1be60f14afb6f739978931147b34d381e5740e3ea7185"
"local-artifacts\tmp\pdfs\final-runbook\page-15.png","94955","dc0357b9aa1dabb99f7cb464dcd7c529e88a91aa3f93024cdb1aae5ace346b2a"
"local-artifacts\tmp\pdfs\final-runbook\page-16.png","103378","73869b769aa0416f4a340b5b5eb6cf09a701c816f2edcddc8e859417e4e38b5f"
"local-artifacts\tmp\pdfs\final-runbook\page-17.png","97044","2ac34f1f5e0f1161a773486f527b4ee9f723b22beddb6788a734c4dfe30b7716"
"local-artifacts\tmp\pdfs\final-runbook\page-18.png","121876","254be795406393daa9f4cd306801e83c3f98e339bf7a4ee7b3672a7080ab3ef2"
"local-artifacts\tmp\pdfs\final-runbook\page-19.png","132013","33bc5735079f7b63385f188cad56ce67134de58d8e3e4e91dc40d1e618069539"
"local-artifacts\tmp\pdfs\final-runbook\page-20.png","121278","5f58ed490c9f222d219f0eafc1fbdb454f744c6794b760b369bd28a402260d95"
"local-artifacts\tmp\pdfs\final-runbook\page-21.png","110318","8f18b272ee7c5e3d39d378815845ce5b5f1ce7ae26cefe40c86ce255a5d86ec0"
"local-artifacts\tmp\pdfs\final-runbook\page-22.png","99063","e7adcd40920cf7542eb47b4f12d4d5eef806866ebb346740ed583da3e8f18770"
"local-artifacts\tmp\pdfs\final-runbook\page-23.png","101396","abd5848539dee7a6324d864da79e8c4a48d182c44cdd5f6d78dcebbb65bba43a"
"local-artifacts\tmp\pdfs\final-runbook\page-24.png","109356","7cee1578ad29c5d00f9655fc0e4bad8868cc9253062ff83eab665ae15ff63a48"
"local-artifacts\tmp\pdfs\final-runbook\page-25.png","105810","88eba43d54284ee6e51ed4f4f84bbc98d8d5cbeaff42db9c3e34594c8d79f72e"
"local-artifacts\tmp\pdfs\final-runbook\page-26.png","102467","62d0e7c21562f8625e9b754aa993f62cb8e0fa035c8d7263475130e75380330f"
"local-artifacts\tmp\pdfs\final-runbook\page-27.png","87740","539e30fdd990644e3861ff216c1582ec020e8f4fa9dd61fe376cdc7779c4cbc1"
"local-artifacts\tmp\pdfs\final-runbook\page-28.png","95767","7c6b52bf4a85f253028eb88e34391b707bcb0e54cc3f81e05ad48b56cea63512"
"local-artifacts\tmp\pdfs\final-runbook\page-29.png","94532","8e0bfba57eabfaa6b4233e877ef8f952c539449d2f1843a69a346b5d92919d9c"
"local-artifacts\tmp\pdfs\final-runbook\page-30.png","109560","15f88fdbec09d7d7343375a00779171058ed1a9b517c44c1907424322c11ae76"
"local-artifacts\tmp\pdfs\final-runbook-v2\contact-1.png","456280","562a993c612b4fb158ef7e66dc4f5b204f7ff35e09277897bc8bd5000cf58ae0"
"local-artifacts\tmp\pdfs\final-runbook-v2\contact-2.png","495060","74a918a8c36e7558ca726a9f4e8684eab2ca48b39ebf21f7562a3a23c2f26be6"
"local-artifacts\tmp\pdfs\final-runbook-v2\contact-3.png","463990","e1680d3969ea38b349a748aeb7c0a6b4d446b59e443e0ebd8756d335286e7a7a"
"local-artifacts\tmp\pdfs\final-runbook-v2\contact-4.png","209228","557f3d4cfd222090b11a4d33b690f8bfd3d6221035b654f65406edee8f39735e"
"local-artifacts\tmp\pdfs\final-runbook-v2\page-01.png","25845","4912115f0b1f33d3572d30d22688f418881f232848cd89f6d1eabae8e66acca7"
"local-artifacts\tmp\pdfs\final-runbook-v2\page-02.png","106106","67f9dc1ec4b67493303eb27b1b71e4dae7e367281123d9a3a7bbc1150346500f"
"local-artifacts\tmp\pdfs\final-runbook-v2\page-03.png","93562","16c85754da18ed111de7ddd8445b7032ed91e4ed39c2950c7ba1357f7907f152"
"local-artifacts\tmp\pdfs\final-runbook-v2\page-04.png","34175","a3e80c750c67c0edf86d3d94de85ce43cfacbfece27128ae03672e941f1033ed"
"local-artifacts\tmp\pdfs\final-runbook-v2\page-05.png","114889","9a6ea26d148b50be84eab42ea6cb5f8ede2e0eca1c360237f5d38d5b7d701a15"
"local-artifacts\tmp\pdfs\final-runbook-v2\page-06.png","88457","cf08a66856d5a4f470e43a3898dbb4de033d5801be260f7741f1a79aaeaae6de"
"local-artifacts\tmp\pdfs\final-runbook-v2\page-07.png","115946","dc6cd5c1b8052626b7ca1521ad6542d1a3e9bacef59b805811f91f7d055d4c43"
"local-artifacts\tmp\pdfs\final-runbook-v2\page-08.png","99731","7b23702f227508a3372955e666b7bda9fc2cd03abba4790a780f75471e21f124"
"local-artifacts\tmp\pdfs\final-runbook-v2\page-09.png","91000","fb0c46240da24a50b5f29be1610dbd476e87e94ba81a2b93716b3c09a6ff30d7"
"local-artifacts\tmp\pdfs\final-runbook-v2\page-10.png","83488","18bf783fe068f9e1793b2f5a91ba11f3fbb2e548e9d9225b9b53200db1d25fd7"
"local-artifacts\tmp\pdfs\final-runbook-v2\page-11.png","99966","a59f66db23607075130a20a24c7713e7211c666ea5ecb77fef7e03f520616dc6"
"local-artifacts\tmp\pdfs\final-runbook-v2\page-12.png","94090","f9167fdd06f556db6633bf5c9ee620a90ae47b43c6299fc437e78cce13d7b8e8"
"local-artifacts\tmp\pdfs\final-runbook-v2\page-13.png","85418","6d7530bde541bdde79f25e125ca509baa2f6f97c788eb622b6530ecd8dbd0f27"
"local-artifacts\tmp\pdfs\final-runbook-v2\page-14.png","117695","5ffdd0bcdb1694f14d3885d563c2b01b27d45323b01595e9400c96336a978db4"
"local-artifacts\tmp\pdfs\final-runbook-v2\page-15.png","131588","34378179cec68132428a2c93815fc934f6fbd3a7671204e6226465937c9b37af"
"local-artifacts\tmp\pdfs\final-runbook-v2\page-16.png","120385","06ea887cb7d20a3615864a78269eae615736ecc089fb1fb5059165d1e3001b79"
"local-artifacts\tmp\pdfs\final-runbook-v2\page-17.png","105766","437bca92884ba85ae5f1da64c0b3f8f1b2b1aa2006745277ba1de3317cfe0db9"
"local-artifacts\tmp\pdfs\final-runbook-v2\page-18.png","111899","b3891045d246f41c83fc6b1594188d23687f915fe0bd9908524fe1564d03c94e"
"local-artifacts\tmp\pdfs\final-runbook-v2\page-19.png","110868","1776e668264349ff764266b9057d8704c04188733011613933f00869281fe4a4"
"local-artifacts\tmp\pdfs\final-runbook-v2\page-20.png","107694","ca984aa731c684b712f991cf13df2144e1090183ec72530f39c16c57237374d2"
"local-artifacts\tmp\pdfs\final-runbook-v2\page-21.png","95274","5c5ead3b02f6196e5a9616954f8a13872e586c4a2bbcd84fda31687baa8730e3"
"local-artifacts\tmp\pdfs\final-runbook-v2\page-22.png","101481","8612a4af7d0704916dc231a3e9c0af042c592bfaaa44e6f1cbae0dff214ae328"
"local-artifacts\tmp\pdfs\final-runbook-v2\page-23.png","88999","ccb3f8cdaf4da2a3e0c5265a01867eb93bb0b906fcf7a3ebfd4324680a2570df"
"local-artifacts\tmp\pdfs\final-runbook-v2\page-24.png","92492","d82bb7895844c14f84faad4bb588ab511f3582ea5cad61fa05c272a5f1599287"
"local-artifacts\tmp\pdfs\final-runbook-v2\page-25.png","94754","f8572ad87a0ace45d43911a7adc197b27f80b89a8d1ccd3068fe2ff3cf03c858"
"local-artifacts\tmp\pdfs\final-runbook-v2\page-26.png","102406","1fa57e46ac89f7675a427d87a0f8584cf09be7f137369ed5ead5339c1cfd7185"
"local-artifacts\tmp\pdfs\final-runbook-v2\page-27.png","93040","3127a5776c55ea80c6df458b3f74352b11847d1d3ad067ee56ecb3ca1e5a98f6"
"local-artifacts\tmp\pdfs\final-runbook-v2\page-28.png","96237","46fefc548fda00f48986b6685e26b9d6d3d32e50e3540511a48f05264b311d68"
"local-artifacts\tmp\pdfs\final-runbook-v2\page-29.png","97545","bb2436482d1748a880af89b77cc9b13221d975e8ff2734ac5d54c13ea063112e"
"local-artifacts\tmp\pdfs\final-runbook-v2\page-30.png","103770","6d65b4ce59637250067e9f5a9863c0f23d19ac5c189949881cc087e99bf35a99"
"local-artifacts\tmp\pdfs\final-runbook-v2\page-31.png","109492","5a3bf7439a6a0ce3da3ff1a4f4eb45fa87485ce758a4e38ae218c581f479d05d"
"local-artifacts\tmp\pdfs\final-runbook-v2\page-32.png","116079","faa73db19d9328aea1e6d1807b72fcef480effd5bcc2295283918dae28cebb53"
"local-artifacts\tmp\pdfs\final-runbook-v2\page-33.png","115196","5c1cba11ba0d81f2c5c1e7d686ce036c4d76b65b0e02d5a73b3296fc286b163c"
"local-artifacts\tmp\pdfs\final-runbook-v2\page-34.png","77507","5c6a05107993e3d04e0cf56934793204350ae6c707b39ed4efaa50b1e2b85926"
"local-artifacts\tmp\pdfs\final-runbook-v3\contact-1.png","456280","562a993c612b4fb158ef7e66dc4f5b204f7ff35e09277897bc8bd5000cf58ae0"
"local-artifacts\tmp\pdfs\final-runbook-v3\contact-2.png","495060","74a918a8c36e7558ca726a9f4e8684eab2ca48b39ebf21f7562a3a23c2f26be6"
"local-artifacts\tmp\pdfs\final-runbook-v3\contact-3.png","472083","8a2a236e8594620c16649091e6e6859ddfffe95b871988175dfb4e027372c88a"
"local-artifacts\tmp\pdfs\final-runbook-v3\contact-4.png","178870","d20e96824c6ab9398dc5307b3eb7b524b93910035834cad638fb87f60140d802"
"local-artifacts\tmp\pdfs\final-runbook-v3\page-01.png","25845","4912115f0b1f33d3572d30d22688f418881f232848cd89f6d1eabae8e66acca7"
"local-artifacts\tmp\pdfs\final-runbook-v3\page-02.png","106106","67f9dc1ec4b67493303eb27b1b71e4dae7e367281123d9a3a7bbc1150346500f"
"local-artifacts\tmp\pdfs\final-runbook-v3\page-03.png","93562","16c85754da18ed111de7ddd8445b7032ed91e4ed39c2950c7ba1357f7907f152"
"local-artifacts\tmp\pdfs\final-runbook-v3\page-04.png","34175","a3e80c750c67c0edf86d3d94de85ce43cfacbfece27128ae03672e941f1033ed"
"local-artifacts\tmp\pdfs\final-runbook-v3\page-05.png","114889","9a6ea26d148b50be84eab42ea6cb5f8ede2e0eca1c360237f5d38d5b7d701a15"
"local-artifacts\tmp\pdfs\final-runbook-v3\page-06.png","88457","cf08a66856d5a4f470e43a3898dbb4de033d5801be260f7741f1a79aaeaae6de"
"local-artifacts\tmp\pdfs\final-runbook-v3\page-07.png","115946","dc6cd5c1b8052626b7ca1521ad6542d1a3e9bacef59b805811f91f7d055d4c43"
"local-artifacts\tmp\pdfs\final-runbook-v3\page-08.png","99731","7b23702f227508a3372955e666b7bda9fc2cd03abba4790a780f75471e21f124"
"local-artifacts\tmp\pdfs\final-runbook-v3\page-09.png","91000","fb0c46240da24a50b5f29be1610dbd476e87e94ba81a2b93716b3c09a6ff30d7"
"local-artifacts\tmp\pdfs\final-runbook-v3\page-10.png","83488","18bf783fe068f9e1793b2f5a91ba11f3fbb2e548e9d9225b9b53200db1d25fd7"
"local-artifacts\tmp\pdfs\final-runbook-v3\page-11.png","99966","a59f66db23607075130a20a24c7713e7211c666ea5ecb77fef7e03f520616dc6"
"local-artifacts\tmp\pdfs\final-runbook-v3\page-12.png","94090","f9167fdd06f556db6633bf5c9ee620a90ae47b43c6299fc437e78cce13d7b8e8"
"local-artifacts\tmp\pdfs\final-runbook-v3\page-13.png","85418","6d7530bde541bdde79f25e125ca509baa2f6f97c788eb622b6530ecd8dbd0f27"
"local-artifacts\tmp\pdfs\final-runbook-v3\page-14.png","117695","5ffdd0bcdb1694f14d3885d563c2b01b27d45323b01595e9400c96336a978db4"
"local-artifacts\tmp\pdfs\final-runbook-v3\page-15.png","131588","34378179cec68132428a2c93815fc934f6fbd3a7671204e6226465937c9b37af"
"local-artifacts\tmp\pdfs\final-runbook-v3\page-16.png","120385","06ea887cb7d20a3615864a78269eae615736ecc089fb1fb5059165d1e3001b79"
"local-artifacts\tmp\pdfs\final-runbook-v3\page-17.png","105766","437bca92884ba85ae5f1da64c0b3f8f1b2b1aa2006745277ba1de3317cfe0db9"
"local-artifacts\tmp\pdfs\final-runbook-v3\page-18.png","111899","b3891045d246f41c83fc6b1594188d23687f915fe0bd9908524fe1564d03c94e"
"local-artifacts\tmp\pdfs\final-runbook-v3\page-19.png","110868","1776e668264349ff764266b9057d8704c04188733011613933f00869281fe4a4"
"local-artifacts\tmp\pdfs\final-runbook-v3\page-20.png","107694","ca984aa731c684b712f991cf13df2144e1090183ec72530f39c16c57237374d2"
"local-artifacts\tmp\pdfs\final-runbook-v3\page-21.png","95274","5c5ead3b02f6196e5a9616954f8a13872e586c4a2bbcd84fda31687baa8730e3"
"local-artifacts\tmp\pdfs\final-runbook-v3\page-22.png","101481","8612a4af7d0704916dc231a3e9c0af042c592bfaaa44e6f1cbae0dff214ae328"
"local-artifacts\tmp\pdfs\final-runbook-v3\page-23.png","88999","ccb3f8cdaf4da2a3e0c5265a01867eb93bb0b906fcf7a3ebfd4324680a2570df"
"local-artifacts\tmp\pdfs\final-runbook-v3\page-24.png","96599","c3704d87294e2a8f9d82a5e073835e6e1b41f8033889c41ff7ea2ce48d5f7daf"
"local-artifacts\tmp\pdfs\final-runbook-v3\page-25.png","96451","cf665d131f6cc071158ee7d15b9d83608b494bf94518de51dc1a8d9170e84b92"
"local-artifacts\tmp\pdfs\final-runbook-v3\page-26.png","95956","141a74f819a98e9a0e1ce7505e3daff3ab8d4b3e4f259b52e3428dc779c2941f"
"local-artifacts\tmp\pdfs\final-runbook-v3\page-27.png","92317","47d4088a928068f231245e3c0766965777587a48637ee819547457f408b2e9ab"
"local-artifacts\tmp\pdfs\final-runbook-v3\page-28.png","97108","3694efa3a894b89a1c9a3d624eab1f858be652e92494ccba7746f5bd9e79d2d4"
"local-artifacts\tmp\pdfs\final-runbook-v3\page-29.png","103250","c63c86774f449f524498c87aedd9e725e8d31f486e2a261a182fad4b3aff6c6a"
"local-artifacts\tmp\pdfs\final-runbook-v3\page-30.png","107615","052aca0907dc8bcc086e45a425a0b46ede941f5f4d5ef2976834278bac2aba29"
"local-artifacts\tmp\pdfs\final-runbook-v3\page-31.png","104562","225b5e6581886fcfb695d7a8ef1c317c180c56e482db3771768541b7409c9857"
"local-artifacts\tmp\pdfs\final-runbook-v3\page-32.png","104105","697f1f15030121230bf95baa6c3e952b687d9ad93bce88d77d428053d8c1d03a"
"local-artifacts\tmp\pdfs\final-runbook-v3\page-33.png","106762","a8ce1e5b2820d5d4802fed5b488bb5f50158a4045697b5586a5b1ac46a6b9f31"
"local-artifacts\tmp\pdfs\final-runbook-v3\page-34.png","78346","decf78703a6e151e774aa042b499a11fac4bdbdd5ceeb5ae4f98d8fe8b892c25"
"local-artifacts\tmp\pdfs\latest_NPORT_Runbook_1.png","34462","dddb9141b55e04eb804f792f6abb6755583f20326b896ddec12f1d949146abd5"
"local-artifacts\tmp\pdfs\latest_NPORT_Runbook_18.png","101192","99a71c702a12fefc670544f2d805fe0e45ec191b022f42802607c4b4ef3926b8"
"local-artifacts\tmp\pdfs\latest_US_Bank_NPORT_Comprehensive_Final_Audit_2026-08-03_1.png","35615","f78b6c6283ddc96906dc133efbbd7a6c4682e25e11bbf09ce1ec953a46a515c0"
"local-artifacts\tmp\pdfs\latest_US_Bank_NPORT_Comprehensive_Final_Audit_2026-08-03_5.png","93332","1c9da2fc02d88d9f25d462d8f3abb1517c8223e1af1f706208f684d299eab79f"
"local-artifacts\tmp\pdfs\NPORT_Runbook.txt","55238","0e1db01d84f68d50f7ce87690dc4eb287af3a6ea152d3b6e34c8b0b9bf7287ed"
"local-artifacts\tmp\pdfs\NPORT_Runbook_p1.png","42552","602fdee0bcd33910b36d578784b456c838fbd5eed09bf9f3f8f489387391d944"
"local-artifacts\tmp\pdfs\NPORT_Runbook_p10.png","194187","d547b41413dd7df34b230b829e16010fdcc1ca922c8bf091cc2372f87b32e5cb"
"local-artifacts\tmp\pdfs\NPORT_Runbook_p18.png","136758","49c5d6b248d0ebdaf84e78f3f5548b85fc32c1e3fd8f0adbb92e592315d53b51"
"local-artifacts\tmp\pdfs\NPORT_Runbook_p2.png","137853","b79e36de13193765b76489d79ef0a3f007a2eccc0174f9a21709f0636c5b0c3f"
"local-artifacts\tmp\pdfs\pretty-final\NPORT_Runbook_1.png","22623","c8323c22006d667480301e585188d1de403cbdbb7cbfcff869a5cc52b8d5863d"
"local-artifacts\tmp\pdfs\pretty-final\NPORT_Runbook_2.png","79305","ec7c4fc3b6e9b7cdda0353d786a0f78b782f6a634abca0acb5c4e9cda9db30d0"
"local-artifacts\tmp\pdfs\pretty-final\NPORT_Runbook_3.png","70891","f4f65823c617fba5aed1f4fea5b070ac7ea87b5a74a3f2c23705347504f08825"
"local-artifacts\tmp\pdfs\pretty-final\NPORT_Runbook_4.png","83482","7e1f9089d4cb704d521df971d91a78eefcbb06ca7f6ed72771078521daeadd14"
"local-artifacts\tmp\pdfs\pretty-final\NPORT_Runbook_5.png","76599","a586c41ab1162ab98c80298584afc5645571f6e7c28c1ed96fe5f392bb1f1e3f"
"local-artifacts\tmp\pdfs\pretty-final\NPORT_Runbook_6.png","71943","0bc4f3ff504fb4d400dbd909d2e415f419544a554eee3cf5869fe63f56d163ed"
"local-artifacts\tmp\pdfs\pretty-final\NPORT_Runbook_7.png","85842","ea609fc21d44dc73d8078e1bd062150b7884bb063de64a25de8e7226c64bc741"
"local-artifacts\tmp\pdfs\pretty-final\NPORT_Runbook_8.png","78934","1dba3c3477e8118a750ee8e936ff190adda96935e0f85d561a5e9762e2177e38"
"local-artifacts\tmp\pdfs\pretty-final\NPORT_Runbook_9.png","70457","6ee8f76e9c6e12803b2dad7c8fc308ac7e215c1d6bd5a74f936ec089284c6bcf"
"local-artifacts\tmp\pdfs\pretty-final\NPORT_Runbook_contact.png","489551","6036f8f5cfbb6bb5dd577f710594b9a332e789b85f9c753a4c740564df095c83"
"local-artifacts\tmp\pdfs\pretty-final\US_Bank_NPORT_Comprehensive_Final_Audit_2026-08-03_1.png","25474","0caaa40b7dc0af64207465622c0f7bf233862c4eb41ae7a2c70e3e53beaec384"
"local-artifacts\tmp\pdfs\pretty-final\US_Bank_NPORT_Comprehensive_Final_Audit_2026-08-03_2.png","93627","c97f2f4dd2d7b5f7aa16ce7fb115f72a582f9910ff99d08e42f9b0e24754fb9c"
"local-artifacts\tmp\pdfs\pretty-final\US_Bank_NPORT_Comprehensive_Final_Audit_2026-08-03_3.png","63831","cf75ab6a0a6e8a8d847fa0cd4d2bc863c5db6cec8b6f3b47023537014883a8b6"
"local-artifacts\tmp\pdfs\pretty-final\US_Bank_NPORT_Comprehensive_Final_Audit_2026-08-03_contact.png","166812","d236b89b2f94471ebb9706a2a12deca1a9ad49cfb98f7878a727594b48a5d40a"
"local-artifacts\tmp\pdfs\pretty-final2\NPORT_Runbook_1.png","18329","ada503cd734e394c7dc24265bef8cfa502e6549a797ab03953b4b04acd5d9a79"
"local-artifacts\tmp\pdfs\pretty-final2\NPORT_Runbook_2.png","67228","a7e80c87cd7ac7ceba9d4180eceedf2712b427a1df34eda8f7985b87a391c2a2"
"local-artifacts\tmp\pdfs\pretty-final2\NPORT_Runbook_3.png","58292","3518aeaf27c239e49b190abce6ab53573f4d031085715750419725a0ad2bc269"
"local-artifacts\tmp\pdfs\pretty-final2\NPORT_Runbook_4.png","70649","cc7ed355690f47842776501a9d12fc3cd26dbfc014fbd020a846d7c6e11a4bdd"
"local-artifacts\tmp\pdfs\pretty-final2\NPORT_Runbook_5.png","65643","76ac9390e57e1751b5f7b515b734bed442e0155084105c93384ed0fff1f1adfe"
"local-artifacts\tmp\pdfs\pretty-final2\NPORT_Runbook_6.png","60705","e0107eca0f6aa0536a5bbac3867f5dd54794646299bd0426f25a102b57c36c8e"
"local-artifacts\tmp\pdfs\pretty-final2\NPORT_Runbook_7.png","71970","4d1c972f8982e2e8e346c60e016979468b6cdd027d6926f8eac1ca5c56df865d"
"local-artifacts\tmp\pdfs\pretty-final2\NPORT_Runbook_8.png","68060","c8c24ed64c672ad65b584ded90b00815e1fd75c9a349f44ed6deb1710d492c85"
"local-artifacts\tmp\pdfs\pretty-final2\NPORT_Runbook_9.png","61439","1746d42c8f40865ccc6f1222c4d7a58ca94e34d255d431e701f19f8d1c39820f"
"local-artifacts\tmp\pdfs\pretty-final2\NPORT_Runbook_contact.png","440841","7bc828df1ccad65a72a1523eb987df3df78825ec30d0f284585f6c40edb9a394"
"local-artifacts\tmp\pdfs\pretty-final2\US_Bank_NPORT_Comprehensive_Final_Audit_2026-08-03_1.png","21324","51449de479e697f728d8cbb5433129cc168e1f913fc7ca0e534c758510e0bb79"
"local-artifacts\tmp\pdfs\pretty-final2\US_Bank_NPORT_Comprehensive_Final_Audit_2026-08-03_2.png","77137","f68cf989c3b957aa2479b2295ff76071d55be4b0c325a5c738e10191b0ffa9e5"
"local-artifacts\tmp\pdfs\pretty-final2\US_Bank_NPORT_Comprehensive_Final_Audit_2026-08-03_3.png","55235","ad74efac6745eb91a7710e32514e6dabbf963d64f4eeb6c9c544f4c185fffacd"
"local-artifacts\tmp\pdfs\pretty-final2\US_Bank_NPORT_Comprehensive_Final_Audit_2026-08-03_contact.png","150841","d367f8aa38e83d23a285a7656ac9f90302aece9c5abd687dcbf47ba1a94649d2"
"local-artifacts\tmp\pdfs\pretty-v1\NPORT_Runbook_1.png","24941","cb92ecbc1ac7bec20e7b4fdf0a4b14e8647fccc91621224ab37a78bafc085ece"
"local-artifacts\tmp\pdfs\pretty-v1\NPORT_Runbook_2.png","89981","3a707c954b569d82c584028de1f829770e0a5b945d483ca7bfa8d40844772bd6"
"local-artifacts\tmp\pdfs\pretty-v1\NPORT_Runbook_3.png","85470","446050f76ded1e6306d155d81d7cec61980022a569bb7b6aac6e71ead96b6f6d"
"local-artifacts\tmp\pdfs\pretty-v1\NPORT_Runbook_9.png","83375","7e5dc738115dc1e41f1903d64e58c8fe3e3b51a64d6dc577cdbddb20e2132e3e"
"local-artifacts\tmp\pdfs\pretty-v1\US_Bank_NPORT_Comprehensive_Final_Audit_2026-08-03_1.png","27858","759071fd6003b3f4b4937d898b5067172f217a0cfe44dfb83495406629c22fe2"
"local-artifacts\tmp\pdfs\pretty-v1\US_Bank_NPORT_Comprehensive_Final_Audit_2026-08-03_2.png","111452","80469b081774de3279d1541e39539b11e44e0d96e86179bc2fdf55f8d85f0dff"
"local-artifacts\tmp\pdfs\pretty-v1\US_Bank_NPORT_Comprehensive_Final_Audit_2026-08-03_3.png","79186","0cca5e13f97f8519bd3ba4790f59d917b4d8b4e69fa2c5c458973ccffc413b50"
"local-artifacts\tmp\pdfs\recheck\NPORT_Runbook_1.png","19418","85c8e55f18f0c5bfc3ff7b3f7e1e86b3330cf10b044cb2e8d7f28da067f85a07"
"local-artifacts\tmp\pdfs\recheck\NPORT_Runbook_2.png","111833","fb90a1585658d1ea82f2f615912d522adc729b67e0de39ef1aaca61bbb8dfa16"
"local-artifacts\tmp\pdfs\recheck\NPORT_Runbook_3.png","69713","97a73f8bd50c28f11ec69e739dc2d0405622ed4dc73be148c91900ef0b48fd12"
"local-artifacts\tmp\pdfs\recheck\US_Bank_NPORT_Comprehensive_Final_Audit_2026-08-03_1.png","22737","0bd4d648df3cc51dbf2e9ec6f98933cd3f1e93ab6226f7b07d0117419000a824"
"local-artifacts\tmp\pdfs\recheck\US_Bank_NPORT_Comprehensive_Final_Audit_2026-08-03_2.png","130589","b8ed322403b6ad38bafb8a252eb4792988a2cda3a04d2394676cada0e40402ef"
"local-artifacts\tmp\pdfs\recheck\US_Bank_NPORT_Comprehensive_Final_Audit_2026-08-03_3.png","64607","ea6b48a3bf5795eb12298894ee28aeb46d613ec79cfa49116a5b0f25d2ef5eab"
"local-artifacts\tmp\pdfs\render_and_check.py","1956","f8268ee58a718709d9e7d05b70bc5dbcfc3e812c1f9c2b4d7423d664886cc2c2"
"local-artifacts\tmp\pdfs\render_contacts.py","1244","9fad3199ed43357622a33781396ab6b23b8e56958ccf1decb0dcc7315358a6da"
"local-artifacts\tmp\pdfs\render_missing_fields_table.py","1748","1865b507871420ec067884aaa3fb189cd05cb154abe255b78be6e0b9313fcd92"
"local-artifacts\tmp\pdfs\rendered\contact-sheet.png","569356","648ff76828e5949ef1d3ae56398e82bf3941b0d04a841462237b1fad62789abc"
"local-artifacts\tmp\pdfs\rendered\page-001.png","57660","78788f1d7a87b7cdd751f0a2b30de7c1a23b34b46500b06683f23acef5ee30a1"
"local-artifacts\tmp\pdfs\rendered\page-002.png","99433","38d5a661605845b19546338ff922265e5126578f3258c3d25c804d8cc4fc2346"
"local-artifacts\tmp\pdfs\rendered\page-003.png","121705","5547f90e9750775beb458c1cba9275f69820cb0e6eaa08fedfd6225c3590e892"
"local-artifacts\tmp\pdfs\rendered\page-004.png","92570","e549717d4baa4e3dcd5b0863faa5e07439fb095b769bd343ec9cde83d6eb9197"
"local-artifacts\tmp\pdfs\rendered\page-005.png","183392","59304d4350409c570178e448629682ffb7e6164401ed16e7e330574ec3155925"
"local-artifacts\tmp\pdfs\rendered\page-006.png","114293","074abc9d3290ecb778e80a3364680bc4deab820a63d246aa68f2c4a61a4de681"
"local-artifacts\tmp\pdfs\rendered\page-007.png","120425","743627cbebf7692bbd7cdb3edd637aef4186a80f420fc0747049b946701c8351"
"local-artifacts\tmp\pdfs\rendered_missing_fields\contact-sheet.png","646576","8a26ca0bd631d3901bf34d8da1cd4a2e45333c47a366b03cd823a09c045c64b9"
"local-artifacts\tmp\pdfs\rendered_missing_fields\page-001.png","189930","1a44887e0079b6ac8a4c30ba9f037efd7d4be6ba242597c7bd8855170af90115"
"local-artifacts\tmp\pdfs\rendered_missing_fields\page-002.png","220613","a5e1ddd3a457b66b85593985b3dc14076f895fb1feead31480bb0cd5bd0ddb70"
"local-artifacts\tmp\pdfs\rendered_missing_fields\page-003.png","226484","2543c3c11887dc6258597a335e4c50beb751b783eec08a100037fceb873931ac"
"local-artifacts\tmp\pdfs\rendered_missing_fields\page-004.png","170563","4469b60ea90778d0ce7a99ff965f7ae73ed4c524cd40fd6739b04d0e8b583737"
"local-artifacts\tmp\pdfs\runbook_clean_page_1.png","134711","5bd82647735d876b069fb0ba95c5ff7967763506a354ed03d8a38a38a5b2f90b"
"local-artifacts\tmp\pdfs\runbook_clean_page_10.png","192245","2febe2c3a4be2c65086bd8730f424a48a9b4f84ab829deb933743fe8fc688b8f"
"local-artifacts\tmp\pdfs\runbook_clean_page_11.png","70913","70382e05480195121c8f0b7f5102af7b847424bb9dadc4ed4f6fc9072e6d6912"
"local-artifacts\tmp\pdfs\runbook_clean_page_12.png","195426","3c34ecab20f28c455b295163aca5da4f08391e37ede87fe38989e3d469d3efe9"
"local-artifacts\tmp\pdfs\runbook_clean_page_13.png","206726","866bfe097bc3bd7dd172331550e65a929be372f2deb5eebafd0b2f12c807715c"
"local-artifacts\tmp\pdfs\runbook_clean_page_14.png","209977","c38e5e8701706fa7c3711a1ea88dc1142b329cc4117041a4fd8d2b712f6e21c2"
"local-artifacts\tmp\pdfs\runbook_clean_page_15.png","207310","77ed4e2f15f71642d754a17bd77ef2bbe7369f87dbcd0674fa3052cac4c0bf77"
"local-artifacts\tmp\pdfs\runbook_clean_page_16.png","99995","9d954f892d776faaa18d2f06f04217d85b6583ae433f4b2cdf43440891dc945f"
"local-artifacts\tmp\pdfs\runbook_clean_page_2.png","160996","e799489c49406ba2271b9ec5708474cf388c91cd33dd03e3f851b5cbf76af873"
"local-artifacts\tmp\pdfs\runbook_clean_page_3.png","149890","c27e993cab2462f9f3b78ea12899c623484771665e7a0b7f91a9d4197966cd6b"
"local-artifacts\tmp\pdfs\runbook_clean_page_4.png","244242","4ad658cac56d1d38fcf0896ea4e1c1c1423e313f06014900e2abbdecb327f8cf"
"local-artifacts\tmp\pdfs\runbook_clean_page_5.png","76418","4b32208b46e0aee2b5f9225ed11eaf0c03b8b980bdd4676905dc08a31fa47e4e"
"local-artifacts\tmp\pdfs\runbook_clean_page_6.png","178834","ee617a41cf66e53cfcdf6608266a38a6eb1f78a1685392e54c51e84600d910f0"
"local-artifacts\tmp\pdfs\runbook_clean_page_7.png","143837","3160bad15962cf6d39cfe3a94a852bc5faad6e61a8045c787d6ad0ac48525a40"
"local-artifacts\tmp\pdfs\runbook_clean_page_8.png","184285","329666d5f42226121177a10c68d6eaf2407a7dd5b2010440735fff6f3b278f05"
"local-artifacts\tmp\pdfs\runbook_clean_page_9.png","199798","96d00825e23db99ad84a61b5bb075d0fdc592a25f1d09b2ad2a96ffa9d281170"
"local-artifacts\tmp\pdfs\runbook_contact_1.png","859631","ec46a490dbc6f7b2e7801725c0320f00f1b74f2c65c0462367dbfb5813ea1c5d"
"local-artifacts\tmp\pdfs\runbook_contact_2.png","702025","c148dfd3a5c38bf61283117b197ff816e6fb9935aa82777584abcb8f84a76fea"
"local-artifacts\tmp\pdfs\runbook_contact_3.png","848545","407167f50bee1c29afc0fc295cd96fe146c8b627e3e4f5a8a4b68b5268d21459"
"local-artifacts\tmp\pdfs\runbook_contact_4.png","936595","c233c62c7a4e9ea36ed985ca6679e43c59f78d75735ecb02f7bba79d7e2fe73d"
"local-artifacts\tmp\pdfs\runbook_contact_5.png","63232","e7bd3db8f4afd6aada70e5613bb09ac2337710e47f3feefd86ebe3e735bb66d0"
"local-artifacts\tmp\pdfs\runbook_final.png","267060","cc59e8ae48010ecc205790fa67e2792ef422a54ab7be2da85b99159918146d7b"
"local-artifacts\tmp\pdfs\runbook_page_10.png","363690","6c7baaf2d5c9568e855b29b54e9fc11525cc86213a544280002539588d85d962"
"local-artifacts\tmp\pdfs\runbook_page_12.png","339028","b7a09ed3118dca3b0112d22715fb1a9d9c7e867fd3b8cd9855fedb053b37f165"
"local-artifacts\tmp\pdfs\runbook_page_14.png","334334","0b7a6ab6dc2eb4bfd7f52c3752fc71de5625576e311f134852f980c969ea0f8f"
"local-artifacts\tmp\pdfs\runbook_page_17.png","76976","1e80d76be308f7cb6920c0e02b7d78d90e699094518c3a26ab7008961b19e74a"
"local-artifacts\tmp\pdfs\runbook_page_6.png","327904","0a194bd0a41a0b71cb8d99491d0cf5b08f031a32d91730f51629638dd3784531"
"local-artifacts\tmp\pdfs\runbook_page_7.png","298733","81c875d487afbb53a927a8750163a3be80102d9f36673867da98c0b10ddd11f0"
"local-artifacts\tmp\pdfs\runbook_v2_page_12.png","280228","55f3f8a91401042bdb9093df4f27ee4baf960ffbc5ed3943f5c63df2d518a06b"
"local-artifacts\tmp\pdfs\runbook_v2_page_15.png","290289","2274cc07d3c9ebd8b258ccf4d7e79ced15885bc1d0f7a6f83d2318480d63d2ba"
"local-artifacts\tmp\pdfs\runbook_v2_page_6.png","252457","960ff2ca322c1afd3d3af900658c5218ac5c957a639f8685f1e7e4321f67b2f5"
"local-artifacts\tmp\pdfs\runbook_v2_page_7.png","208275","1e5d6db5bda9c6e296383211248e0b2d911abfe30192dcf248874f54d81bd092"
"local-artifacts\tmp\pdfs\runbook_v2_page_9.png","281086","7f712d9fb5c87b820b98b7e34dbded5ac93df0b0d6c8945a8b20223da38be2f7"
"local-artifacts\tmp\pdfs\runbook3_page_1.png","134711","5bd82647735d876b069fb0ba95c5ff7967763506a354ed03d8a38a38a5b2f90b"
"local-artifacts\tmp\pdfs\runbook3_page_10.png","192245","2febe2c3a4be2c65086bd8730f424a48a9b4f84ab829deb933743fe8fc688b8f"
"local-artifacts\tmp\pdfs\runbook3_page_11.png","70913","70382e05480195121c8f0b7f5102af7b847424bb9dadc4ed4f6fc9072e6d6912"
"local-artifacts\tmp\pdfs\runbook3_page_12.png","195426","3c34ecab20f28c455b295163aca5da4f08391e37ede87fe38989e3d469d3efe9"
"local-artifacts\tmp\pdfs\runbook3_page_13.png","206726","866bfe097bc3bd7dd172331550e65a929be372f2deb5eebafd0b2f12c807715c"
"local-artifacts\tmp\pdfs\runbook3_page_14.png","209977","c38e5e8701706fa7c3711a1ea88dc1142b329cc4117041a4fd8d2b712f6e21c2"
"local-artifacts\tmp\pdfs\runbook3_page_15.png","207310","77ed4e2f15f71642d754a17bd77ef2bbe7369f87dbcd0674fa3052cac4c0bf77"
"local-artifacts\tmp\pdfs\runbook3_page_16.png","99995","9d954f892d776faaa18d2f06f04217d85b6583ae433f4b2cdf43440891dc945f"
"local-artifacts\tmp\pdfs\runbook3_page_2.png","160996","e799489c49406ba2271b9ec5708474cf388c91cd33dd03e3f851b5cbf76af873"
"local-artifacts\tmp\pdfs\runbook3_page_3.png","149018","1afa67bd0fc6c92d3dece356cd1409cbcf1cf1f367a2b273da010a55b5745b5f"
"local-artifacts\tmp\pdfs\runbook3_page_4.png","204887","03998cd58511a28cf7d32edbf179a71c3fdd3aec11ec99c83b1f3025d17dbed9"
"local-artifacts\tmp\pdfs\runbook3_page_5.png","152228","bccbd2ce03742c2d491cf8546c51db446627d5ab7ca3960374c738f027cc3b02"
"local-artifacts\tmp\pdfs\runbook3_page_6.png","178834","ee617a41cf66e53cfcdf6608266a38a6eb1f78a1685392e54c51e84600d910f0"
"local-artifacts\tmp\pdfs\runbook3_page_7.png","143837","3160bad15962cf6d39cfe3a94a852bc5faad6e61a8045c787d6ad0ac48525a40"
"local-artifacts\tmp\pdfs\runbook3_page_8.png","184285","329666d5f42226121177a10c68d6eaf2407a7dd5b2010440735fff6f3b278f05"
"local-artifacts\tmp\pdfs\runbook3_page_9.png","199798","96d00825e23db99ad84a61b5bb075d0fdc592a25f1d09b2ad2a96ffa9d281170"
"local-artifacts\tmp\pdfs\standup_agenda\page-01.png","261782","d521451877f521aa0c2ee73fa5df4ab62913f1336952467fa8f57d8de95f885b"
"local-artifacts\tmp\pdfs\standup_agenda\page-02.png","118192","962863738c98345a97734bbff96dbb6cf9b879fec652fbf05e415cf270e8a5e6"
"local-artifacts\tmp\pdfs\US_Bank_NPORT_Comprehensive_Final_Audit_2026-08-03.txt","11102","2a6ad49524a29df17e012421d51d44c71e6c7aaf066313c424ea1eb0d04816f8"
"local-artifacts\tmp\pdfs\US_Bank_NPORT_Comprehensive_Final_Audit_2026-08-03_p1.png","43259","6a5a452a160e7c1c1e6f62eb31b2c89e217d32801282fe98a5fd8a930b175e54"
"local-artifacts\tmp\pdfs\US_Bank_NPORT_Comprehensive_Final_Audit_2026-08-03_p2.png","135922","f879af0dec5e8081465c14038bf64be17e3b5fc84a8957ca143524c209768901"
"local-artifacts\tmp\pdfs\US_Bank_NPORT_Comprehensive_Final_Audit_2026-08-03_p3.png","174365","02e6e227b575048a89c0f18e2fe0579357dd7fdc43f0395cb8bbaaf27b2a4a27"
"local-artifacts\tmp\pdfs\US_Bank_NPORT_Comprehensive_Final_Audit_2026-08-03_p5.png","112478","6fcaa4e2856745f02ce43aed9c906cc74ba8f93072cfd6fd94c2653451a32580"
"local-artifacts\tmp\uv-cache\.gitignore","1","684888c0ebb17f374298b65ee2807526c066094c701bcc7ebbe1c1095f494fc1"
"local-artifacts\tmp\uv-cache\.lock","0","e3b0c44298fc1c149afbf4c8996fb92427ae41e4649b934ca495991b7852b855"
"local-artifacts\tmp\uv-cache\archive-v0\-hCu8kGYs8TVQmAQJZLT-\ada92cb5d92a588d1b93__mypyc.cp312-win_amd64.pyd","227328","df5ea1b515f4e6677196f3d8c2f40a00b008d8e09152d08425f794e1b55f890d"
"local-artifacts\tmp\uv-cache\archive-v0\-hCu8kGYs8TVQmAQJZLT-\charset_normalizer\__init__.py","1638","d0d4fc3078bb48aab78ee32a61f39dae4ce38ac2b42fbde59de3471f8a9a500b"
"local-artifacts\tmp\uv-cache\archive-v0\-hCu8kGYs8TVQmAQJZLT-\charset_normalizer\__main__.py","115","dac8ff052e87d2c536e42d5b32acfd0d5c1aea438af657214846d253efe2bbb3"
"local-artifacts\tmp\uv-cache\archive-v0\-hCu8kGYs8TVQmAQJZLT-\charset_normalizer\api.py","43390","ba7db5c1f08fc03a3bc79a6fb45ab94a10855716a969bbdd98d0956e9c5cd840"
"local-artifacts\tmp\uv-cache\archive-v0\-hCu8kGYs8TVQmAQJZLT-\charset_normalizer\cd.cp312-win_amd64.pyd","10752","be1d8801c9785a52e5bc1b0c77ceca2c88041a5d9b9bac7162d767f712ea10e3"
"local-artifacts\tmp\uv-cache\archive-v0\-hCu8kGYs8TVQmAQJZLT-\charset_normalizer\cd.py","16447","f5b50bb7ecb028ed2f769ac02757b6320abdd4aa30e155125e480f15c28db8db"
"local-artifacts\tmp\uv-cache\archive-v0\-hCu8kGYs8TVQmAQJZLT-\charset_normalizer\cli\__init__.py","144","77d314c7ed55fea0f7c7d8a0232e094f8a02e42534ca3ba593b4326567911618"
"local-artifacts\tmp\uv-cache\archive-v0\-hCu8kGYs8TVQmAQJZLT-\charset_normalizer\cli\__main__.py","12312","1a29e6b4a0d8d75b16f4fe7dda781cfe0f8c159e76008481655348f693551887"
"local-artifacts\tmp\uv-cache\archive-v0\-hCu8kGYs8TVQmAQJZLT-\charset_normalizer\constant.py","46679","7fa55df1e89eb7f38807709e7adb23184008f86e5262ffcd271ce125c4462b5a"
"local-artifacts\tmp\uv-cache\archive-v0\-hCu8kGYs8TVQmAQJZLT-\charset_normalizer\legacy.py","2730","8d5a1916b9fc14b890f4b68db9a715e72189a854aa067430a65f035252649bdb"
"local-artifacts\tmp\uv-cache\archive-v0\-hCu8kGYs8TVQmAQJZLT-\charset_normalizer\md.cp312-win_amd64.pyd","10752","a3d9c05de6a69b7adc024de7b3ffe823e8c72f080e4a89d1aac4b24173945815"
"local-artifacts\tmp\uv-cache\archive-v0\-hCu8kGYs8TVQmAQJZLT-\charset_normalizer\md.py","33643","4f2900c5655fbac31ece41c00c8b96255ae672fc37fd334e3bda57413e7e2149"
"local-artifacts\tmp\uv-cache\archive-v0\-hCu8kGYs8TVQmAQJZLT-\charset_normalizer\models.py","13200","a32dc8b7cc24be621464a9b627be31d04e94a47dee6d6f91000c555f75d69a91"
"local-artifacts\tmp\uv-cache\archive-v0\-hCu8kGYs8TVQmAQJZLT-\charset_normalizer\py.typed","0","e3b0c44298fc1c149afbf4c8996fb92427ae41e4649b934ca495991b7852b855"
"local-artifacts\tmp\uv-cache\archive-v0\-hCu8kGYs8TVQmAQJZLT-\charset_normalizer\utils.py","13992","d18891fe01f93bacff6362e7a7d935feacaf325ed89930f446b5c6f30b0fb295"
"local-artifacts\tmp\uv-cache\archive-v0\-hCu8kGYs8TVQmAQJZLT-\charset_normalizer\version.py","123","00bb3ae446aa8a406632d70b60e1c279c1cb82088e0ad5006bf79da012db3fbb"
"local-artifacts\tmp\uv-cache\archive-v0\-hCu8kGYs8TVQmAQJZLT-\charset_normalizer-3.4.9.dist-info\entry_points.txt","65","0034932ab91767786174e5458ba0dc5041d0452d317f10c813fa44cf8c0b2170"
"local-artifacts\tmp\uv-cache\archive-v0\-hCu8kGYs8TVQmAQJZLT-\charset_normalizer-3.4.9.dist-info\licenses\LICENSE","1092","18577485d3704f1a479ded8e573c0976cfed315fd2fd17983fa988da4c2f70d1"
"local-artifacts\tmp\uv-cache\archive-v0\-hCu8kGYs8TVQmAQJZLT-\charset_normalizer-3.4.9.dist-info\METADATA","42505","83a2993c753cc6098985f8a75286025a01e96453403284ce25e3fef7665472e1"
"local-artifacts\tmp\uv-cache\archive-v0\-hCu8kGYs8TVQmAQJZLT-\charset_normalizer-3.4.9.dist-info\RECORD","1974","feaf632395ce890c53cd4a3e27a3fe4d248d1c0afe44b1c326595a9d55ad8b5d"
"local-artifacts\tmp\uv-cache\archive-v0\-hCu8kGYs8TVQmAQJZLT-\charset_normalizer-3.4.9.dist-info\top_level.txt","47","cbae597ff18bb39147b1c187cdc51318095d5dca799845576e1f0ca34665996b"
"local-artifacts\tmp\uv-cache\archive-v0\-hCu8kGYs8TVQmAQJZLT-\charset_normalizer-3.4.9.dist-info\WHEEL","101","f767fbbf21c4fc6662c119c3d88d39bc24ff4b7f54be4472ba0b980c028e19bf"
"local-artifacts\tmp\uv-cache\archive-v0\pClhs3_TpN_5taLY25pGb\reportlab\__init__.py","1481","c0cb6f2b2bb5cff4d911f67fecb0d2bee232b5924028c2dbf22b770dbada36c0"
"local-artifacts\tmp\uv-cache\archive-v0\pClhs3_TpN_5taLY25pGb\reportlab\fonts\_a______.pfb","32084","612e88946ff22cecdd6e345a50ab1d6c25a32ef4bf6e78f011aa4de2d7548f4d"
"local-artifacts\tmp\uv-cache\archive-v0\pClhs3_TpN_5taLY25pGb\reportlab\fonts\_ab_____.pfb","31966","6e82ebb42171beb805fbd4449232e426c477456df8b24105211e6199fbc6ba3b"
"local-artifacts\tmp\uv-cache\archive-v0\pClhs3_TpN_5taLY25pGb\reportlab\fonts\_abi____.pfb","32019","a97afdf8376caa6b16030e8a6d1a3f67e60073590e9f360a3b1f2d754ab9d5ff"
"local-artifacts\tmp\uv-cache\archive-v0\pClhs3_TpN_5taLY25pGb\reportlab\fonts\_ai_____.pfb","32115","74e2be79b1fd7a30f0ea90ed9ab89c33ade49e3265d50a09a6e87d51c5ba1583"
"local-artifacts\tmp\uv-cache\archive-v0\pClhs3_TpN_5taLY25pGb\reportlab\fonts\_eb_____.pfb","35377","adb1bfed9e866577583d93735cf16ca8d3357c2a71784ee13b4d9287299bb258"
"local-artifacts\tmp\uv-cache\archive-v0\pClhs3_TpN_5taLY25pGb\reportlab\fonts\_ebi____.pfb","38543","04e6345bec4bd6fb2c64b31565dc14a77f0e4cd8b2fdca16b9f8f4fc29582cd1"
"local-artifacts\tmp\uv-cache\archive-v0\pClhs3_TpN_5taLY25pGb\reportlab\fonts\_ei_____.pfb","37518","33aba9a62aae5b96d3e78255e1b0652dc16ae30686044bd7fe801b624346a7b6"
"local-artifacts\tmp\uv-cache\archive-v0\pClhs3_TpN_5taLY25pGb\reportlab\fonts\_er_____.pfb","35380","d9cbbcd211300fdfac5317450832d6ece542afbda1015fef9df40e8a350a5029"
"local-artifacts\tmp\uv-cache\archive-v0\pClhs3_TpN_5taLY25pGb\reportlab\fonts\00readme.txt","318","542d0cb341a93322766f917036685e102a0763b117f8320b3791591723ba5e91"
"local-artifacts\tmp\uv-cache\archive-v0\pClhs3_TpN_5taLY25pGb\reportlab\fonts\bitstream-vera-license.txt","5954","3361d054759a2fc686a2c058be82deaf9c2e6fe549be9004d7935a6c1736315d"
"local-artifacts\tmp\uv-cache\archive-v0\pClhs3_TpN_5taLY25pGb\reportlab\fonts\callig15.afm","8318","bff9f4e37fa1688586e79c35097d68a5f638c29b27c6f0d4ac1c8eb859668a17"
"local-artifacts\tmp\uv-cache\archive-v0\pClhs3_TpN_5taLY25pGb\reportlab\fonts\callig15.pfb","59663","8d36db66b2f0ded4f84cb3cd9d5d4c7ca4b692648c80539bf9bd83af14ee1a22"
"local-artifacts\tmp\uv-cache\archive-v0\pClhs3_TpN_5taLY25pGb\reportlab\fonts\cob_____.pfb","35500","fd5b34ad7c63d10278b25a6e763968fb0fde969985419f404205fa267a27c68c"
"local-artifacts\tmp\uv-cache\archive-v0\pClhs3_TpN_5taLY25pGb\reportlab\fonts\cobo____.pfb","50532","d128fc4ac784bb28383e169f9638629b06078a90adbc1b8d7e4e9f44d893f6f1"
"local-artifacts\tmp\uv-cache\archive-v0\pClhs3_TpN_5taLY25pGb\reportlab\fonts\com_____.pfb","34585","1de587f0ca79deef99a738f9f7875d062f85ef5103b6526ceda53a47961aea13"
"local-artifacts\tmp\uv-cache\archive-v0\pClhs3_TpN_5taLY25pGb\reportlab\fonts\coo_____.pfb","48468","676de5e6e1c302875218c733c33ba9a9b8283b0deafb92b5f94c5f0be24d4f77"
"local-artifacts\tmp\uv-cache\archive-v0\pClhs3_TpN_5taLY25pGb\reportlab\fonts\DarkGarden.sfd","519634","7ff67c9eda02fc751f5ca04394109c38b2d723e105506e58141fc9363662d6ba"
"local-artifacts\tmp\uv-cache\archive-v0\pClhs3_TpN_5taLY25pGb\reportlab\fonts\DarkGarden-changelog.txt","504","dbb09ff331d1597125f754d9426bb8cef78fb956397790de44269db8c0a9e54d"
"local-artifacts\tmp\uv-cache\archive-v0\pClhs3_TpN_5taLY25pGb\reportlab\fonts\DarkGarden-copying.txt","1318","3cd1020510efa7f6b3166a5a2740f92bd664a695ea179e0bda442e74cd0ef3a4"
"local-artifacts\tmp\uv-cache\archive-v0\pClhs3_TpN_5taLY25pGb\reportlab\fonts\DarkGarden-copying-gpl.txt","17976","1b2a567f289f66a143c56353e7b3d4fa5862514a5e3c5cfdf8b02ee5e5aaa953"
"local-artifacts\tmp\uv-cache\archive-v0\pClhs3_TpN_5taLY25pGb\reportlab\fonts\DarkGardenMK.afm","10351","932bb1acc08358d87f326e891b78cde9e7ef60bfd4fb749cfb48ab9e2a2fe6eb"
"local-artifacts\tmp\uv-cache\archive-v0\pClhs3_TpN_5taLY25pGb\reportlab\fonts\DarkGardenMK.pfb","79824","3633d5aed5c0fc3ec9302ee6995d0bb87a2926793ede5bb654287d9cb896ec95"
"local-artifacts\tmp\uv-cache\archive-v0\pClhs3_TpN_5taLY25pGb\reportlab\fonts\DarkGarden-readme.txt","4122","b327963fcf0d88333d293751dd0b113c8c02f35d61440f578a14681a8ea734a0"
"local-artifacts\tmp\uv-cache\archive-v0\pClhs3_TpN_5taLY25pGb\reportlab\fonts\hb-test.ttf","3284","4df8840ec8382efa2c06bda01e31e1a5a975cd46e13f7c0b0be696a8542f1ba0"
"local-artifacts\tmp\uv-cache\archive-v0\pClhs3_TpN_5taLY25pGb\reportlab\fonts\sy______.pfb","34705","b0480c6f9cee6bb87c1ae159a89a8a9d1ffa46e0ab70461fdf2fc291e2c94b4a"
"local-artifacts\tmp\uv-cache\archive-v0\pClhs3_TpN_5taLY25pGb\reportlab\fonts\Vera.ttf","65932","c4c45690b345435b2cba52ecabe275f05e49b389b39fe68ad03afbb551288d3d"
"local-artifacts\tmp\uv-cache\archive-v0\pClhs3_TpN_5taLY25pGb\reportlab\fonts\VeraBd.ttf","58716","cc037385e4d55bfde89b13e03091ee93bf40c0c52ddd391ff031ab276f13b8e9"
"local-artifacts\tmp\uv-cache\archive-v0\pClhs3_TpN_5taLY25pGb\reportlab\fonts\VeraBI.ttf","63208","fca0d4eeac1ced7e75e1b2274c869a351d2d83b5ed1f61d249e7bcc477c33ebe"
"local-artifacts\tmp\uv-cache\archive-v0\pClhs3_TpN_5taLY25pGb\reportlab\fonts\VeraIt.ttf","63684","2adc684d518f45232c4ad1f56522f5a82a6904c31940373e1b7030beee20fb3a"
"local-artifacts\tmp\uv-cache\archive-v0\pClhs3_TpN_5taLY25pGb\reportlab\fonts\zd______.pfb","49593","d9710cadd1fd895563601dbfd339291eeff72199eb5e93f654dcc7235269790b"
"local-artifacts\tmp\uv-cache\archive-v0\pClhs3_TpN_5taLY25pGb\reportlab\fonts\zx______.pfb","75573","ba8f3996fad32c042bf1f474a08b7452f252060882dc4de5a97ec389209e2301"
"local-artifacts\tmp\uv-cache\archive-v0\pClhs3_TpN_5taLY25pGb\reportlab\fonts\zy______.pfb","96418","1182fcc2fb887713fb954a804f83fae3417c27b6929ecb07c5034dac24586e8b"
"local-artifacts\tmp\uv-cache\archive-v0\pClhs3_TpN_5taLY25pGb\reportlab\graphics\__init__.py","274","da70974a970585b6c48034a0d4c4c3c19460e040c918c9fad4d15f2120a9cdd1"
"local-artifacts\tmp\uv-cache\archive-v0\pClhs3_TpN_5taLY25pGb\reportlab\graphics\barcode\__init__.py","5886","4ac68b0a3d15bf3add7cff5920fabd302b0425807c445f3e65c8484c33a065f9"
"local-artifacts\tmp\uv-cache\archive-v0\pClhs3_TpN_5taLY25pGb\reportlab\graphics\barcode\code128.py","18451","2f2495002de9f170e30478e2ee4a28eab8bde69a93fbc67dd48ffa69e86f7a97"
"local-artifacts\tmp\uv-cache\archive-v0\pClhs3_TpN_5taLY25pGb\reportlab\graphics\barcode\code39.py","9799","c04625721bfdc085b755eebd99823b9d0bc1ffde534c614db4905f8823539ce0"
"local-artifacts\tmp\uv-cache\archive-v0\pClhs3_TpN_5taLY25pGb\reportlab\graphics\barcode\code93.py","9077","ac5151ec504b2ab7adc54978cd576b12aff39ff3f6ea714b7396045f4c295da6"
"local-artifacts\tmp\uv-cache\archive-v0\pClhs3_TpN_5taLY25pGb\reportlab\graphics\barcode\common.py","24425","7522d785a43dbb8e790b92c93764edee576f9120b6e7ae0661ee52198c5797fe"
"local-artifacts\tmp\uv-cache\archive-v0\pClhs3_TpN_5taLY25pGb\reportlab\graphics\barcode\dmtx.py","7872","a0242be1830e2e5c41457f2bd636f4115f701fd2c7293d39c2780154ccdc1269"
"local-artifacts\tmp\uv-cache\archive-v0\pClhs3_TpN_5taLY25pGb\reportlab\graphics\barcode\eanbc.py","18922","afb7965aaa924b0b93c437602411f052098f1cce70e142a16ffe62771a3188e4"
"local-artifacts\tmp\uv-cache\archive-v0\pClhs3_TpN_5taLY25pGb\reportlab\graphics\barcode\ecc200datamatrix.py","17884","59942ff705b0ca7fa8bc452bb9d93768c9c7231d8ae29ae9dc98ec16c622ec13"
"local-artifacts\tmp\uv-cache\archive-v0\pClhs3_TpN_5taLY25pGb\reportlab\graphics\barcode\fourstate.py","3746","9236f71fd93106104aa8e3170d3262f4d2737098db047abef57f0a1569d3393c"
"local-artifacts\tmp\uv-cache\archive-v0\pClhs3_TpN_5taLY25pGb\reportlab\graphics\barcode\lto.py","7377","fc089872b37625beb4d6e8aa4d09c60c449bf9fd4f86eb6f8cf5c294dc862f88"
"local-artifacts\tmp\uv-cache\archive-v0\pClhs3_TpN_5taLY25pGb\reportlab\graphics\barcode\qr.py","6266","f769308dc3a9b9277d2709cc57d5e6a5cea274f47341f98918aa06dbbe040d16"
"local-artifacts\tmp\uv-cache\archive-v0\pClhs3_TpN_5taLY25pGb\reportlab\graphics\barcode\qrencoder.py","34117","d604f2d1352562d4a5857ba5e54ee5635364c3b3d2f8f2b26a6b6b60cf0c6a99"
"local-artifacts\tmp\uv-cache\archive-v0\pClhs3_TpN_5taLY25pGb\reportlab\graphics\barcode\test.py","11973","2dea239b6b86db21c730252eda36644497114de3f73ecdcc384009bfe0d345ec"
"local-artifacts\tmp\uv-cache\archive-v0\pClhs3_TpN_5taLY25pGb\reportlab\graphics\barcode\usps.py","8076","5f40e4e63a4b226c459d884b5d56a3632290af118d643a068de0918de29ce2a3"
"local-artifacts\tmp\uv-cache\archive-v0\pClhs3_TpN_5taLY25pGb\reportlab\graphics\barcode\usps4s.py","15681","a005dba6fbf033f0fc03916567987a7d67f899e8ec06befa4d3ddcb9f360cfa9"
"local-artifacts\tmp\uv-cache\archive-v0\pClhs3_TpN_5taLY25pGb\reportlab\graphics\barcode\widgets.py","17499","69ec0d663373bd463f4b6a383f2d3147670b2d5ef2142deab75d8df4cc151ec9"
"local-artifacts\tmp\uv-cache\archive-v0\pClhs3_TpN_5taLY25pGb\reportlab\graphics\charts\__init__.py","234","9bb221a775cb95402b5a3f2b19a9f1d5921c1303ba2d9ac6aed9f4b17cb38096"
"local-artifacts\tmp\uv-cache\archive-v0\pClhs3_TpN_5taLY25pGb\reportlab\graphics\charts\areas.py","4405","f44e86bd8983d862fcaef0fff302464db0d163f40009fd5574f71a4c697276bc"
"local-artifacts\tmp\uv-cache\archive-v0\pClhs3_TpN_5taLY25pGb\reportlab\graphics\charts\axes.py","92513","000279d0822255b5c0d7c36a2e5f7602f30db960e1db6a2ad1d381f0994018aa"
"local-artifacts\tmp\uv-cache\archive-v0\pClhs3_TpN_5taLY25pGb\reportlab\graphics\charts\barcharts.py","72361","8bee464c54bd4bf4f9cc8a6cc9bf6bf8d86cc3ce5a05dd357c354e92788e488b"
"local-artifacts\tmp\uv-cache\archive-v0\pClhs3_TpN_5taLY25pGb\reportlab\graphics\charts\dotbox.py","6628","14b899796a33db9cc26550105ec6354c29d585f36d85642c38ce83eb2d8de7a7"
"local-artifacts\tmp\uv-cache\archive-v0\pClhs3_TpN_5taLY25pGb\reportlab\graphics\charts\doughnut.py","19530","1aaebf51a180c799818e478e51232a47600fcc3cfc687fcdc86e3681bd8724cc"
"local-artifacts\tmp\uv-cache\archive-v0\pClhs3_TpN_5taLY25pGb\reportlab\graphics\charts\legends.py","25687","36b3d2fcadb8189896ee10a384ef2e945e558f673f8aedcd429f0c74cdac05f3"
"local-artifacts\tmp\uv-cache\archive-v0\pClhs3_TpN_5taLY25pGb\reportlab\graphics\charts\linecharts.py","28675","0f5939d47dfe4de7a59df04ae3b08fe39d84e14d56fabfaa41e99a8d9f0ac2cd"
"local-artifacts\tmp\uv-cache\archive-v0\pClhs3_TpN_5taLY25pGb\reportlab\graphics\charts\lineplots.py","51189","7a65f02c6442c697890c7aa755cf95da504b3ed4eb479eac334c5a41ddd8d1b6"
"local-artifacts\tmp\uv-cache\archive-v0\pClhs3_TpN_5taLY25pGb\reportlab\graphics\charts\markers.py","1739","39ff834bb2d9bc2e7a7983219df007d9710869b633760980d84dccba38b4fc5f"
"local-artifacts\tmp\uv-cache\archive-v0\pClhs3_TpN_5taLY25pGb\reportlab\graphics\charts\piecharts.py","67461","b6d91b328db3662865fb8b4258c13db13153ea537871dc6033ee5f762d24a141"
"local-artifacts\tmp\uv-cache\archive-v0\pClhs3_TpN_5taLY25pGb\reportlab\graphics\charts\slidebox.py","8548","3340e87ad486014ab9d6e2f223c159ce92c1139e051de67341f714fb509283dd"
"local-artifacts\tmp\uv-cache\archive-v0\pClhs3_TpN_5taLY25pGb\reportlab\graphics\charts\spider.py","16132","7d86faf83b058c883d4782e9197b1a65d4634a05addf7c860ca8bf66a57003a8"
"local-artifacts\tmp\uv-cache\archive-v0\pClhs3_TpN_5taLY25pGb\reportlab\graphics\charts\textlabels.py","23839","eebcb6cf8a30963a74ecd597ee1a7df36769bc53f908660f3ce64f50eecb5c1a"
"local-artifacts\tmp\uv-cache\archive-v0\pClhs3_TpN_5taLY25pGb\reportlab\graphics\charts\utils.py","14564","f6e6c51dd41a2f9dc26765f39915fff2589d8d3372020a2c5452aded1b227047"
"local-artifacts\tmp\uv-cache\archive-v0\pClhs3_TpN_5taLY25pGb\reportlab\graphics\charts\utils3d.py","7194","e491a21446c57255cb64851068f21e91e6e9647407a70538c5c12bfa6f4ea075"
"local-artifacts\tmp\uv-cache\archive-v0\pClhs3_TpN_5taLY25pGb\reportlab\graphics\renderbase.py","13206","08ada2f6d9fd291dec866776abc6e9f50aa176253f9f576546cfcaeeaee012c0"
"local-artifacts\tmp\uv-cache\archive-v0\pClhs3_TpN_5taLY25pGb\reportlab\graphics\renderPDF.py","15285","cf220d730889205d6746fe050d148aed4bc4a3aca4d6ce4a8bf2430a630acbd0"
"local-artifacts\tmp\uv-cache\archive-v0\pClhs3_TpN_5taLY25pGb\reportlab\graphics\renderPM.py","30616","b6259ce45d7d05cecdbcb5fa0724c0b039846d45469231ce1f724fa7b4e00a77"
"local-artifacts\tmp\uv-cache\archive-v0\pClhs3_TpN_5taLY25pGb\reportlab\graphics\renderPS.py","37937","30a56380a627613c85b3ec584578726ac64b5ad2560c06ef5eb2c07970ebe14f"
"local-artifacts\tmp\uv-cache\archive-v0\pClhs3_TpN_5taLY25pGb\reportlab\graphics\renderSVG.py","38094","f68403f2f30598d4c3f6be8fe2239192d21346f286935138957b08d32b540b36"
"local-artifacts\tmp\uv-cache\archive-v0\pClhs3_TpN_5taLY25pGb\reportlab\graphics\samples\__init__.py","69","bc0a3e18ba10b41156e3d9db332f8ae10ede18cbec2edf268db036e5f36c377f"
"local-artifacts\tmp\uv-cache\archive-v0\pClhs3_TpN_5taLY25pGb\reportlab\graphics\samples\bubble.py","3584","b823b2c145f122bafa633b39b51688f0dfb7cdc7e2abd5f1e20c2e10947c9ad2"
"local-artifacts\tmp\uv-cache\archive-v0\pClhs3_TpN_5taLY25pGb\reportlab\graphics\samples\clustered_bar.py","4241","1d2071aa000a1892ead0fdc5ff404ffeeaf173c728ec67614c9e4b90bdb0ee1f"
"local-artifacts\tmp\uv-cache\archive-v0\pClhs3_TpN_5taLY25pGb\reportlab\graphics\samples\clustered_column.py","4188","be89c0898d3602be6b484b9ac43e405654baa1521f24740a6a0fc651559eee8f"
"local-artifacts\tmp\uv-cache\archive-v0\pClhs3_TpN_5taLY25pGb\reportlab\graphics\samples\excelcolors.py","1947","93664fecdeb5297ec79cb575ce5d5f2f50e3de3855bbd5264c767c01b1dc201d"
"local-artifacts\tmp\uv-cache\archive-v0\pClhs3_TpN_5taLY25pGb\reportlab\graphics\samples\exploded_pie.py","3126","312938f1d7682502c5de3fbec3d9d3a049fc42579bfd388d00c49f74cf4a93c6"
"local-artifacts\tmp\uv-cache\archive-v0\pClhs3_TpN_5taLY25pGb\reportlab\graphics\samples\filled_radar.py","2691","b30c4029fcf27f603d8c3ad5a515c685e9ec0bc1a8b57fb6120763d37d2a233b"
"local-artifacts\tmp\uv-cache\archive-v0\pClhs3_TpN_5taLY25pGb\reportlab\graphics\samples\line_chart.py","4267","cae6a8884e08f0a6565adb278796d810a3d4907e3d65883323637740d206dd55"
"local-artifacts\tmp\uv-cache\archive-v0\pClhs3_TpN_5taLY25pGb\reportlab\graphics\samples\linechart_with_markers.py","5007","a9e42b635dce8e9e1fbf705fa969cc107c2e8eb1761cea427ac129b54dad65d1"
"local-artifacts\tmp\uv-cache\archive-v0\pClhs3_TpN_5taLY25pGb\reportlab\graphics\samples\radar.py","3244","3a27646d0201dba453a2a0ea04475023e2c850e158bd8cb1173f28ac5abd3add"
"local-artifacts\tmp\uv-cache\archive-v0\pClhs3_TpN_5taLY25pGb\reportlab\graphics\samples\runall.py","1957","ab4655a85597ecabf7c78f7bac4853034b136b4842e3e2682c3c5848032b896b"
"local-artifacts\tmp\uv-cache\archive-v0\pClhs3_TpN_5taLY25pGb\reportlab\graphics\samples\scatter.py","3566","74466d95dda558d1a976d1ff9148c2e2e15f084ef2abe4779df1a7304fae902e"
"local-artifacts\tmp\uv-cache\archive-v0\pClhs3_TpN_5taLY25pGb\reportlab\graphics\samples\scatter_lines.py","4164","e8ea59df75ac826698089509b96f7257186edb1a4ae417a038cd15fda4c2091f"
"local-artifacts\tmp\uv-cache\archive-v0\pClhs3_TpN_5taLY25pGb\reportlab\graphics\samples\scatter_lines_markers.py","3766","6b49bbb756010f840a71c09af51ae22d993e4e1abfd43d7d891d81d3daebf0c7"
"local-artifacts\tmp\uv-cache\archive-v0\pClhs3_TpN_5taLY25pGb\reportlab\graphics\samples\simple_pie.py","2933","fff1a3a7994d09a43fb2027d290f54dfa943c124123cf2d6c2ffe8326935e5ac"
"local-artifacts\tmp\uv-cache\archive-v0\pClhs3_TpN_5taLY25pGb\reportlab\graphics\samples\stacked_bar.py","4284","48115874109bb0da97d6120488c8c59a20acf30913a35329fa1aa99661d0113d"
"local-artifacts\tmp\uv-cache\archive-v0\pClhs3_TpN_5taLY25pGb\reportlab\graphics\samples\stacked_column.py","4230","4d41bd7ddab786df8d11396b9280b66c9690bdae418723d52d92a42d634c5033"
"local-artifacts\tmp\uv-cache\archive-v0\pClhs3_TpN_5taLY25pGb\reportlab\graphics\shapes.py","59205","37ece271ab6be88f8c67409b125ea0233cc8cc4a8416220f06c3899af4ef6fd2"
"local-artifacts\tmp\uv-cache\archive-v0\pClhs3_TpN_5taLY25pGb\reportlab\graphics\svgpath.py","16116","cf4eca559df0628c9fa9bbdec47ea7315bf6aee44b17968ada630e708b95fa0f"
"local-artifacts\tmp\uv-cache\archive-v0\pClhs3_TpN_5taLY25pGb\reportlab\graphics\testdrawings.py","9433","cec7c63f999f06afdd75abec58b5c17aed22228d7cf960fe1e0186136d3e4173"
"local-artifacts\tmp\uv-cache\archive-v0\pClhs3_TpN_5taLY25pGb\reportlab\graphics\testshapes.py","17237","5dd9ddd656ea906d141cc9d88185115c082da5216e021628b4ca1fe0068b8581"
"local-artifacts\tmp\uv-cache\archive-v0\pClhs3_TpN_5taLY25pGb\reportlab\graphics\transform.py","2634","bae368ccfc738f363a5613d2b3a5ba832fe5f14ab8c6dc3f9f9e279a23e322ab"
"local-artifacts\tmp\uv-cache\archive-v0\pClhs3_TpN_5taLY25pGb\reportlab\graphics\utils.py","9951","195693fd70c8bd9040532ba399a74eb80d8966daf34899a2b05595e966236763"
"local-artifacts\tmp\uv-cache\archive-v0\pClhs3_TpN_5taLY25pGb\reportlab\graphics\widgetbase.py","25552","40d37fb6a94e9fb39fc9d972892d62be4958ce6823730eb9f1249ed8dc823a93"
"local-artifacts\tmp\uv-cache\archive-v0\pClhs3_TpN_5taLY25pGb\reportlab\graphics\widgets\__init__.py","242","3cf25a1bf793f534233a9e7f5c673804ea99a562d466dbb93f99df0b65388a4a"
"local-artifacts\tmp\uv-cache\archive-v0\pClhs3_TpN_5taLY25pGb\reportlab\graphics\widgets\adjustableArrow.py","3920","21caa12197cec81477935aadb042cb4f83b58d9a745458e3091b58be2e0692d1"
"local-artifacts\tmp\uv-cache\archive-v0\pClhs3_TpN_5taLY25pGb\reportlab\graphics\widgets\eventcal.py","13073","8ae8694a78804068aa427df863e8ebcfda99898918dcef00fcd4c88f98e947d9"
"local-artifacts\tmp\uv-cache\archive-v0\pClhs3_TpN_5taLY25pGb\reportlab\graphics\widgets\flags.py","30233","143793f39a36cfacb580733ad0c82558f52d9794b56dd2c6ebb327d537651f58"
"local-artifacts\tmp\uv-cache\archive-v0\pClhs3_TpN_5taLY25pGb\reportlab\graphics\widgets\grids.py","18797","2194ae6f1588a9e5c8e1bca81384595befa41d1b07d432d57ddc8a965b618bd1"
"local-artifacts\tmp\uv-cache\archive-v0\pClhs3_TpN_5taLY25pGb\reportlab\graphics\widgets\markers.py","8424","63890183008b25e96862e463f1c7f9562d144cd24e34241a24149744ba862029"
"local-artifacts\tmp\uv-cache\archive-v0\pClhs3_TpN_5taLY25pGb\reportlab\graphics\widgets\signsandsymbols.py","31655","51be14f8187c1a0c799b0d740e989e49e3c089c5a678c976af149cff32a7e1c1"
"local-artifacts\tmp\uv-cache\archive-v0\pClhs3_TpN_5taLY25pGb\reportlab\graphics\widgets\table.py","6932","4adb57bd71d374f58d132ca4becca7a41eb75d9b2ae5c34a13ded7ff56c92c9c"
"local-artifacts\tmp\uv-cache\archive-v0\pClhs3_TpN_5taLY25pGb\reportlab\lib\__init__.py","256","720e76140d8696bca0381b20cd73261729418d1492b01443ed6efd64982a7410"
"local-artifacts\tmp\uv-cache\archive-v0\pClhs3_TpN_5taLY25pGb\reportlab\lib\abag.py","1122","42bcdb830a3713efbdb5f4c7d7b00825745b61d9280b782b06510efaeb6299a3"
"local-artifacts\tmp\uv-cache\archive-v0\pClhs3_TpN_5taLY25pGb\reportlab\lib\arciv.py","7272","b0d18774ce622068ee0ee189876eefe2d5cbc062c30dcf8cec6a6e2c488fc0b8"
"local-artifacts\tmp\uv-cache\archive-v0\pClhs3_TpN_5taLY25pGb\reportlab\lib\attrmap.py","6419","c0b7df40030e89b707e31287eaac81f5f82688b8f5cb09bb40319f9df665e8f6"
"local-artifacts\tmp\uv-cache\archive-v0\pClhs3_TpN_5taLY25pGb\reportlab\lib\boxstuff.py","2927","b8c458de5c7c5dfd03db204a96c309f5e1bc3989a70ac3a032f581eca6148256"
"local-artifacts\tmp\uv-cache\archive-v0\pClhs3_TpN_5taLY25pGb\reportlab\lib\codecharts.py","13051","2ce44629fb27e4abd4c91029d7a372c7214706ccd313952cef5fdd1bc6b39253"
"local-artifacts\tmp\uv-cache\archive-v0\pClhs3_TpN_5taLY25pGb\reportlab\lib\colors.py","41176","13976b0227bd0e053ad4aa0e567157eb25276b66564d03c6426fe150c2087e37"
"local-artifacts\tmp\uv-cache\archive-v0\pClhs3_TpN_5taLY25pGb\reportlab\lib\corp.py","27141","98750a68ceebb5ebf5647d9f7d9eb1937dde91e61b2689c244d98f127cd459ef"
"local-artifacts\tmp\uv-cache\archive-v0\pClhs3_TpN_5taLY25pGb\reportlab\lib\enums.py","296","4dd85909cd3b59d23dbf71f0b31acf9a67a4ad4f62126fc6f9894e4a8f39fba6"
"local-artifacts\tmp\uv-cache\archive-v0\pClhs3_TpN_5taLY25pGb\reportlab\lib\extformat.py","2226","d5931d7b5a59c5a705afaa6d3c8f37f26980578993c17094ee830ad8d0d700fb"
"local-artifacts\tmp\uv-cache\archive-v0\pClhs3_TpN_5taLY25pGb\reportlab\lib\fontfinder.py","13391","efbaf5101e9d777ae75812db307a54e1002f24e5c7f3c22a31c53161d202c532"
"local-artifacts\tmp\uv-cache\archive-v0\pClhs3_TpN_5taLY25pGb\reportlab\lib\fonts.py","3503","9233c9e2c8793d30e77af22c73751fd6b07cbf7d411b08424fb58f6560bab566"
"local-artifacts\tmp\uv-cache\archive-v0\pClhs3_TpN_5taLY25pGb\reportlab\lib\formatters.py","3804","c439789831d7c2ee75be826a67ae6d551e44c20912d12e7ac4dd82713e92c815"
"local-artifacts\tmp\uv-cache\archive-v0\pClhs3_TpN_5taLY25pGb\reportlab\lib\geomutils.py","1163","90b9bab1a49310dd53b80ee75dd944a59f0e4577ca9221ab56e3094da4ffc2fc"
"local-artifacts\tmp\uv-cache\archive-v0\pClhs3_TpN_5taLY25pGb\reportlab\lib\logger.py","1747","78f04e38925f4965b4b7036adb2d10057d38240c9c8c67f70f7319b179c91f13"
"local-artifacts\tmp\uv-cache\archive-v0\pClhs3_TpN_5taLY25pGb\reportlab\lib\normalDate.py","22017","9469f7ab0630e7a271524dfae62c810d1a2f2162abe30d2f74aeb3349dca6683"
"local-artifacts\tmp\uv-cache\archive-v0\pClhs3_TpN_5taLY25pGb\reportlab\lib\pagesizes.py","2001","d85b4bbb335d9098cfc08805fa72be89ea661180a9a449621c0168b27832ddda"
"local-artifacts\tmp\uv-cache\archive-v0\pClhs3_TpN_5taLY25pGb\reportlab\lib\pdfencrypt.py","30767","ad7b11cb3f8a807a4f03a83cd2f9880b3181e01e9a90425a01c5e362200c76a0"
"local-artifacts\tmp\uv-cache\archive-v0\pClhs3_TpN_5taLY25pGb\reportlab\lib\PyFontify.py","4972","2d7c8eb5868bb2628e791edcbd558fdd983c20d3b608bf725dec457da47643f8"
"local-artifacts\tmp\uv-cache\archive-v0\pClhs3_TpN_5taLY25pGb\reportlab\lib\pygments2xpre.py","2509","14341ef713392cb0fd89bd1da3d6636b458743907ec11a411925eee6d9a55d99"
"local-artifacts\tmp\uv-cache\archive-v0\pClhs3_TpN_5taLY25pGb\reportlab\lib\randomtext.py","19572","0673665bae1b6711ae5f3fd6ef69280047ace3527be6ae4625e8e2b31fdbfaca"
"local-artifacts\tmp\uv-cache\archive-v0\pClhs3_TpN_5taLY25pGb\reportlab\lib\rl_accel.py","13564","31e4f4a9b8d6ea3443311803d7cc79453b12d07a88ef3ee1f15304952ede91f8"
"local-artifacts\tmp\uv-cache\archive-v0\pClhs3_TpN_5taLY25pGb\reportlab\lib\rl_safe_eval.py","40110","1d256d12f2a898dd739796dba8e1904cff04a0ba00c8b06ab5e1aa50a368edbf"
"local-artifacts\tmp\uv-cache\archive-v0\pClhs3_TpN_5taLY25pGb\reportlab\lib\rltempfile.py","1121","3b5feaa84125ddb33d60c70e608ddd04850dc911ea9a14cbed76fa61a17d3d8d"
"local-artifacts\tmp\uv-cache\archive-v0\pClhs3_TpN_5taLY25pGb\reportlab\lib\rparsexml.py","17282","9300975d41091ff02995a733cf76fb4da15fec236df962a8bb85fef6bd73bb25"
"local-artifacts\tmp\uv-cache\archive-v0\pClhs3_TpN_5taLY25pGb\reportlab\lib\sequencer.py","9647","eb18cc14bbc7c7227401ca8c76c7b38cdb7fa9fbe1310074d9b0ae7f5a2a402e"
"local-artifacts\tmp\uv-cache\archive-v0\pClhs3_TpN_5taLY25pGb\reportlab\lib\styles.py","17349","58941d9b7e49cc9522c9ddd1ca459a830594a2208e78caf346fe70202deebc00"
"local-artifacts\tmp\uv-cache\archive-v0\pClhs3_TpN_5taLY25pGb\reportlab\lib\testutils.py","13556","bd61a9a7d1b036a7a8d59b45435d6486a76366606c51ad6a507c522f69bf3234"
"local-artifacts\tmp\uv-cache\archive-v0\pClhs3_TpN_5taLY25pGb\reportlab\lib\textsplit.py","9723","c58493c86847ce7c400f2d5b883917eec0adc63dac5af634cae3489e98c9b2a6"
"local-artifacts\tmp\uv-cache\archive-v0\pClhs3_TpN_5taLY25pGb\reportlab\lib\units.py","917","0b520889528f0b2294e10972bf348d4f4bf2eb00abca00aaaf53622579979e70"
"local-artifacts\tmp\uv-cache\archive-v0\pClhs3_TpN_5taLY25pGb\reportlab\lib\utils.py","45567","569bbb93c77a2669fd52d62a8b5a3371042acce3a159f2c2ca5969b0cbcafe80"
"local-artifacts\tmp\uv-cache\archive-v0\pClhs3_TpN_5taLY25pGb\reportlab\lib\validators.py","11333","a1562ce727d2c7b06c31b7bd5d0acd3552566d6d6ed098f4df852a840318faec"
"local-artifacts\tmp\uv-cache\archive-v0\pClhs3_TpN_5taLY25pGb\reportlab\lib\yaml.py","5717","e88e8e8171727e1c12560545b25a585d031c4bd4638fe46f8fbb18afddd26c8f"
"local-artifacts\tmp\uv-cache\archive-v0\pClhs3_TpN_5taLY25pGb\reportlab\pdfbase\__init__.py","275","a22502da626aa7064d9c2bed6f5af17245011b1f7d6b6c25817ff856d018588b"
"local-artifacts\tmp\uv-cache\archive-v0\pClhs3_TpN_5taLY25pGb\reportlab\pdfbase\_can_cmap_data.py","1794","78b82d2e530ee2e6bf818acaec3b2a8dfd389c8cbcd977a62a7ad2067b23c2e4"
"local-artifacts\tmp\uv-cache\archive-v0\pClhs3_TpN_5taLY25pGb\reportlab\pdfbase\_cidfontdata.py","32044","94ca1013256f3510cd52bfa73edc65c4299876eed769864aa6488da7d9e11897"
"local-artifacts\tmp\uv-cache\archive-v0\pClhs3_TpN_5taLY25pGb\reportlab\pdfbase\_fontdata.py","10141","3bdaf2b8764d3e61ceca5295f07e9238add2cbd4d9ffe25c9f9ae7ab8dad21b2"
"local-artifacts\tmp\uv-cache\archive-v0\pClhs3_TpN_5taLY25pGb\reportlab\pdfbase\_fontdata_enc_macexpert.py","3058","0a57cd77e313dc11abd69847fe0cdc4b0d87e5b81732ca2513fdce3fe22450ef"
"local-artifacts\tmp\uv-cache\archive-v0\pClhs3_TpN_5taLY25pGb\reportlab\pdfbase\_fontdata_enc_macroman.py","2934","235cc3f87af60d4da009cc1250d6508ff69786355ee84082b0c5219df343de33"
"local-artifacts\tmp\uv-cache\archive-v0\pClhs3_TpN_5taLY25pGb\reportlab\pdfbase\_fontdata_enc_pdfdoc.py","2308","ab69d41d7eed90f18addd55dd6478fa9af95916a9dd51f6eca0d3dec4252880a"
"local-artifacts\tmp\uv-cache\archive-v0\pClhs3_TpN_5taLY25pGb\reportlab\pdfbase\_fontdata_enc_standard.py","1829","f477039ca94a38bd85c762fa4a85ad3c34dbb01e2df075715c20f5868200228e"
"local-artifacts\tmp\uv-cache\archive-v0\pClhs3_TpN_5taLY25pGb\reportlab\pdfbase\_fontdata_enc_symbol.py","3187","93335536e0c5c6d80dd5994d050f33940e8e1fc3a828cbfba13b6101616cb372"
"local-artifacts\tmp\uv-cache\archive-v0\pClhs3_TpN_5taLY25pGb\reportlab\pdfbase\_fontdata_enc_winansi.py","3003","e7b5d1be40351a19333dc1741573bd8e8014c363b4a845c8de63693ea7c629a2"
"local-artifacts\tmp\uv-cache\archive-v0\pClhs3_TpN_5taLY25pGb\reportlab\pdfbase\_fontdata_enc_zapfdingbats.py","2222","9398fc8f4f4ee5f6067c7d17dca90d3b55787e796b97f362a51bbc9459b8a84a"
"local-artifacts\tmp\uv-cache\archive-v0\pClhs3_TpN_5taLY25pGb\reportlab\pdfbase\_fontdata_widths_courier.py","3664","c387d1248460ae9f8c0d6ca6c2a0db6f0fd0bb016bd9a60bbd250e86141ffb98"
"local-artifacts\tmp\uv-cache\archive-v0\pClhs3_TpN_5taLY25pGb\reportlab\pdfbase\_fontdata_widths_courierbold.py","3664","c387d1248460ae9f8c0d6ca6c2a0db6f0fd0bb016bd9a60bbd250e86141ffb98"
"local-artifacts\tmp\uv-cache\archive-v0\pClhs3_TpN_5taLY25pGb\reportlab\pdfbase\_fontdata_widths_courierboldoblique.py","3664","c387d1248460ae9f8c0d6ca6c2a0db6f0fd0bb016bd9a60bbd250e86141ffb98"
"local-artifacts\tmp\uv-cache\archive-v0\pClhs3_TpN_5taLY25pGb\reportlab\pdfbase\_fontdata_widths_courieroblique.py","3664","c387d1248460ae9f8c0d6ca6c2a0db6f0fd0bb016bd9a60bbd250e86141ffb98"
"local-artifacts\tmp\uv-cache\archive-v0\pClhs3_TpN_5taLY25pGb\reportlab\pdfbase\_fontdata_widths_helvetica.py","3671","1010b3c0ff897b3b467bb893500be8a6fa94f15c34fdcb16eb83c8c5773f9211"
"local-artifacts\tmp\uv-cache\archive-v0\pClhs3_TpN_5taLY25pGb\reportlab\pdfbase\_fontdata_widths_helveticabold.py","3670","61b30f5a8ebb923971e5160ea85fd6769b9f1ce3b6689fafe7c702354a5e9328"
"local-artifacts\tmp\uv-cache\archive-v0\pClhs3_TpN_5taLY25pGb\reportlab\pdfbase\_fontdata_widths_helveticaboldoblique.py","3670","61b30f5a8ebb923971e5160ea85fd6769b9f1ce3b6689fafe7c702354a5e9328"
"local-artifacts\tmp\uv-cache\archive-v0\pClhs3_TpN_5taLY25pGb\reportlab\pdfbase\_fontdata_widths_helveticaoblique.py","3671","1010b3c0ff897b3b467bb893500be8a6fa94f15c34fdcb16eb83c8c5773f9211"
"local-artifacts\tmp\uv-cache\archive-v0\pClhs3_TpN_5taLY25pGb\reportlab\pdfbase\_fontdata_widths_symbol.py","3367","a90c58d86eb543969c14b6e9f46b22b8cb3d6823a9953179275d825432f5ed31"
"local-artifacts\tmp\uv-cache\archive-v0\pClhs3_TpN_5taLY25pGb\reportlab\pdfbase\_fontdata_widths_timesbold.py","3672","f7443b6ce6e5c188babaa6473f38b5b46c348489d882f0e77e1d643c862968ec"
"local-artifacts\tmp\uv-cache\archive-v0\pClhs3_TpN_5taLY25pGb\reportlab\pdfbase\_fontdata_widths_timesbolditalic.py","3668","87632b9a35119bd92ff078b36660c8fa38dfd329ef9ef4ac9623a6f42fa54b3a"
"local-artifacts\tmp\uv-cache\archive-v0\pClhs3_TpN_5taLY25pGb\reportlab\pdfbase\_fontdata_widths_timesitalic.py","3665","1a8755cbf14aa0ab4fa0cc092ffcec46839f01945a9307bce0469e956ba4371f"
"local-artifacts\tmp\uv-cache\archive-v0\pClhs3_TpN_5taLY25pGb\reportlab\pdfbase\_fontdata_widths_timesroman.py","3667","18328f25869055abe98487aadfd2e3dbe76ab26849b693b8165f00dcbe679f14"
"local-artifacts\tmp\uv-cache\archive-v0\pClhs3_TpN_5taLY25pGb\reportlab\pdfbase\_fontdata_widths_zapfdingbats.py","2732","8db1826dddedcb2e15c31cae525cd597af222e0bd169fc87209cfcb36e199602"
"local-artifacts\tmp\uv-cache\archive-v0\pClhs3_TpN_5taLY25pGb\reportlab\pdfbase\_glyphlist.py","108467","f6f3aa3d0a5743f4199f8f2cf2e1c28b058940b62d07773818dc8d88b8429e37"
"local-artifacts\tmp\uv-cache\archive-v0\pClhs3_TpN_5taLY25pGb\reportlab\pdfbase\acroform.py","49786","a276bdef14bf7df98ab32fe468e5c827e42d2e154d99319f83c4f812d2472626"
"local-artifacts\tmp\uv-cache\archive-v0\pClhs3_TpN_5taLY25pGb\reportlab\pdfbase\cidfonts.py","18789","662cda68573e8ea653898e836074b00ee5f8a9d5f5d3dda59202cf444541d957"
"local-artifacts\tmp\uv-cache\archive-v0\pClhs3_TpN_5taLY25pGb\reportlab\pdfbase\pdfdoc.py","91182","22019a5fae551f3b430b666e568e5ba0d199376b59474675f96a659de8cd0a86"
"local-artifacts\tmp\uv-cache\archive-v0\pClhs3_TpN_5taLY25pGb\reportlab\pdfbase\pdfform.py","15704","08c1d6fe3ab0b68ab1804495397db5dbe0b990410a8f7a77e47fd9a376a9f907"
"local-artifacts\tmp\uv-cache\archive-v0\pClhs3_TpN_5taLY25pGb\reportlab\pdfbase\pdfmetrics.py","29956","d3cefd6fc756d2134b77c14dc61ceb901d57a0f21f0f5f8bd0fe7eb00e50b7fb"
"local-artifacts\tmp\uv-cache\archive-v0\pClhs3_TpN_5taLY25pGb\reportlab\pdfbase\pdfpattern.py","3763","3bb2abee289ea9f934307e89a453ba4e808632a25b67474cbdc9997dc0ee0251"
"local-artifacts\tmp\uv-cache\archive-v0\pClhs3_TpN_5taLY25pGb\reportlab\pdfbase\pdfutils.py","10135","594ee319f1d685fa49b286d9956bdf26957309daf97fcb6073570be76503dcfb"
"local-artifacts\tmp\uv-cache\archive-v0\pClhs3_TpN_5taLY25pGb\reportlab\pdfbase\rl_codecs.py","56426","328a3a902d859014f1aad3b3ed3eb643caa94e9bd57b5ed8c3750f05e0abb211"
"local-artifacts\tmp\uv-cache\archive-v0\pClhs3_TpN_5taLY25pGb\reportlab\pdfbase\ttfonts.py","62605","9df9d24832e36a8db85408845558fe2508580d8565f3b0447033c11f0ab3a2c7"
"local-artifacts\tmp\uv-cache\archive-v0\pClhs3_TpN_5taLY25pGb\reportlab\pdfgen\__init__.py","270","60850b43ba3faf69de1af4dacfa6a8938d585b953b03a0ed308655c4eb7c4c8d"
"local-artifacts\tmp\uv-cache\archive-v0\pClhs3_TpN_5taLY25pGb\reportlab\pdfgen\canvas.py","83283","8e4256dbca70956dd511dc6f2f31e7b6908bcb607c6e5633d285c232563b6262"
"local-artifacts\tmp\uv-cache\archive-v0\pClhs3_TpN_5taLY25pGb\reportlab\pdfgen\pathobject.py","5737","1db841965739be187c85133d325a3fa13a9d39d596c5a5cb7ba68d6def84f388"
"local-artifacts\tmp\uv-cache\archive-v0\pClhs3_TpN_5taLY25pGb\reportlab\pdfgen\pdfgeom.py","2980","0412b89affe9e8887aeda16e9d9da4c82b4fcccb02996958251dca7a71642b9e"
"local-artifacts\tmp\uv-cache\archive-v0\pClhs3_TpN_5taLY25pGb\reportlab\pdfgen\pdfimages.py","8422","cdd35a75002e53e21f9787868cb647b17e467e7e8f4f27c2d1669ceb61170c13"
"local-artifacts\tmp\uv-cache\archive-v0\pClhs3_TpN_5taLY25pGb\reportlab\pdfgen\textobject.py","32403","b8268fe29383d3585f497f66e307718061039c3203972dd3d08621f9f2dc6d7e"
"local-artifacts\tmp\uv-cache\archive-v0\pClhs3_TpN_5taLY25pGb\reportlab\platypus\__init__.py","502","6999337edee847a038272794ceaf82641696f756b75b315c67e8ac2734609ad9"
"local-artifacts\tmp\uv-cache\archive-v0\pClhs3_TpN_5taLY25pGb\reportlab\platypus\doctemplate.py","54975","15d6585be6c6e26e8db33e8df1836063e643c7cbd53c5a20a7d1a2b10a05d717"
"local-artifacts\tmp\uv-cache\archive-v0\pClhs3_TpN_5taLY25pGb\reportlab\platypus\figures.py","18313","cb90ae5ac8a1be30e0f4f66fe34ba364dcc2cbdadd35182b3d3f1b92a350ccd0"
"local-artifacts\tmp\uv-cache\archive-v0\pClhs3_TpN_5taLY25pGb\reportlab\platypus\flowables.py","98789","b0860ebc693e2435fde3e913164343e3a67e6decdc7edb48b4a0fff2c9ee2b1a"
"local-artifacts\tmp\uv-cache\archive-v0\pClhs3_TpN_5taLY25pGb\reportlab\platypus\frames.py","10144","61a06c1f20fa9550c5bd7c87bac935ce7539c91f827196ecb94cd3d24f8dd895"
"local-artifacts\tmp\uv-cache\archive-v0\pClhs3_TpN_5taLY25pGb\reportlab\platypus\multicol.py","2753","87992e71e365c7571231b2878d832534663b41173dc56b7bdbea501e39d2f7eb"
"local-artifacts\tmp\uv-cache\archive-v0\pClhs3_TpN_5taLY25pGb\reportlab\platypus\para.py","93001","b4371bfd65371fdbd1c173703ea9dac5cbb5a8764f7ca72fec52508515280b48"
"local-artifacts\tmp\uv-cache\archive-v0\pClhs3_TpN_5taLY25pGb\reportlab\platypus\paragraph.py","122871","c9f4a40a05dba9878b52f9d25231eaa2e51fc4db4be95c742adaa77dc1e91ce8"
"local-artifacts\tmp\uv-cache\archive-v0\pClhs3_TpN_5taLY25pGb\reportlab\platypus\paraparser.py","213967","60ec07084e217fb1d6dd5b20282a6751364108086df241afb486d2de8713923c"
"local-artifacts\tmp\uv-cache\archive-v0\pClhs3_TpN_5taLY25pGb\reportlab\platypus\tableofcontents.py","21482","3072146a993ac4fe9477b9d2b1bce18f2a20cd9c1f3c540e7cbc3f94217f477a"
"local-artifacts\tmp\uv-cache\archive-v0\pClhs3_TpN_5taLY25pGb\reportlab\platypus\tables.py","120579","c2a7699cb9d6d984a42fa56e52119aaf9fdae7337e6f5649754102925055b7cb"
"local-artifacts\tmp\uv-cache\archive-v0\pClhs3_TpN_5taLY25pGb\reportlab\platypus\xpreformatted.py","12947","6adb86abcd11d530feaaa8c7407eed763f287e631bcb71fc4f1210ea14bc9792"
"local-artifacts\tmp\uv-cache\archive-v0\pClhs3_TpN_5taLY25pGb\reportlab\rl_config.py","5115","a1ead7588365344e1dcf94bb357d841f9caeea74bd334ba4dd78e8625bfb0d8e"
"local-artifacts\tmp\uv-cache\archive-v0\pClhs3_TpN_5taLY25pGb\reportlab\rl_settings.py","15630","e88c7ae2d3cceb510253942c0289cf1af1ace3a50a0670f42ba9b4b0dc1354a1"
"local-artifacts\tmp\uv-cache\archive-v0\pClhs3_TpN_5taLY25pGb\reportlab-5.0.0.dist-info\licenses\LICENSE","1707","ef831761646313921375fc2cb888e8eeaf7da213d0b92852c10c42f3a0b4d138"
"local-artifacts\tmp\uv-cache\archive-v0\pClhs3_TpN_5taLY25pGb\reportlab-5.0.0.dist-info\METADATA","1638","bdbc7e1eb4b81901d80ef39dc4762d5dae2bbbd55be0849da2825167121f4d8b"
"local-artifacts\tmp\uv-cache\archive-v0\pClhs3_TpN_5taLY25pGb\reportlab-5.0.0.dist-info\RECORD","17763","d6d78fde73b4b8688ad546f2e1ab3a012b59ca21244920fc57dc155da53bd5a1"
"local-artifacts\tmp\uv-cache\archive-v0\pClhs3_TpN_5taLY25pGb\reportlab-5.0.0.dist-info\top_level.txt","10","432b21ea25224c5e398305e821736e6cd84e611ac4bf84f02e9cdd601984c2a4"
"local-artifacts\tmp\uv-cache\archive-v0\pClhs3_TpN_5taLY25pGb\reportlab-5.0.0.dist-info\WHEEL","91","69e6228a0d35958183cc1812f07c565ce837b95eb51bd8a33acba9fa4f68d6c9"
"local-artifacts\tmp\uv-cache\archive-v0\uKTgiiG_oQbvqPF3wAFH1\PIL\__init__.py","2122","3fffff8502f4b59ca61d39cce713d55ffef046954262fce1abac3e97f3803734"
"local-artifacts\tmp\uv-cache\archive-v0\uKTgiiG_oQbvqPF3wAFH1\PIL\__main__.py","140","5fc788a469661df9e9ef36b3a7999d6afdb6f08b5c7f696488c3f4b4b53a5fd7"
"local-artifacts\tmp\uv-cache\archive-v0\uKTgiiG_oQbvqPF3wAFH1\PIL\_avif.cp312-win_amd64.pyd","7893504","6731dce52baab0b96b0eeb3c664844b5b42c2168ea8668af2430e2fbdd2dfbd8"
"local-artifacts\tmp\uv-cache\archive-v0\uKTgiiG_oQbvqPF3wAFH1\PIL\_avif.pyi","66","cc3f2f0283c2f1a1085637dc90bb45b24456e6c6a255e977fac254036a476867"
"local-artifacts\tmp\uv-cache\archive-v0\uKTgiiG_oQbvqPF3wAFH1\PIL\_binary.py","2664","ba6dc47fa221e747297ee81afcbdaef2ea9be664c7a4b51f5382563132e0b20b"
"local-artifacts\tmp\uv-cache\archive-v0\uKTgiiG_oQbvqPF3wAFH1\PIL\_deprecate.py","2106","522ac3970b3279feaeeac2ffae51379a72ad45fd666af9a7864b7fd4f03b43c0"
"local-artifacts\tmp\uv-cache\archive-v0\uKTgiiG_oQbvqPF3wAFH1\PIL\_imaging.cp312-win_amd64.pyd","2632704","c8c519ec72bf75b2945b4fc4afa854af2fca8b970a403134f9ddda3e164d85e9"
"local-artifacts\tmp\uv-cache\archive-v0\uKTgiiG_oQbvqPF3wAFH1\PIL\_imaging.pyi","924","8d2446dead5dc2204ca8ec0884bb5305edcb30ac2c8b76244dc0dfb0a577d84d"
"local-artifacts\tmp\uv-cache\archive-v0\uKTgiiG_oQbvqPF3wAFH1\PIL\_imagingcms.cp312-win_amd64.pyd","272384","c89c633ae1bf3f26a327d14ff688db66628e19c9866ab925479f27dcb60a2d6f"
"local-artifacts\tmp\uv-cache\archive-v0\uKTgiiG_oQbvqPF3wAFH1\PIL\_imagingcms.pyi","4576","e7f48329eecac13f5a6f911e1bec27e85e6cbff7ecd28db5db1a0f066dc7f88a"
"local-artifacts\tmp\uv-cache\archive-v0\uKTgiiG_oQbvqPF3wAFH1\PIL\_imagingft.cp312-win_amd64.pyd","2174976","77c6d37de41733df40fb36d9af47644989ac17da036515e759303969edb22c48"
"local-artifacts\tmp\uv-cache\archive-v0\uKTgiiG_oQbvqPF3wAFH1\PIL\_imagingft.pyi","1903","535ae9c2a417d6150bbd3028f1f634fc8ad79e0f953ee09755a581523da9d73d"
"local-artifacts\tmp\uv-cache\archive-v0\uKTgiiG_oQbvqPF3wAFH1\PIL\_imagingmath.cp312-win_amd64.pyd","21504","82ac45c41a008854d05f67deda298b65a7bed850d0d79a3af861ed583f6e7d62"
"local-artifacts\tmp\uv-cache\archive-v0\uKTgiiG_oQbvqPF3wAFH1\PIL\_imagingmath.pyi","66","cc3f2f0283c2f1a1085637dc90bb45b24456e6c6a255e977fac254036a476867"
"local-artifacts\tmp\uv-cache\archive-v0\uKTgiiG_oQbvqPF3wAFH1\PIL\_imagingmorph.cp312-win_amd64.pyd","12288","b8523bbce8b322b4b931863c61b8107156b3f23fe1bbbfe0bc3fa318ea662fb0"
"local-artifacts\tmp\uv-cache\archive-v0\uKTgiiG_oQbvqPF3wAFH1\PIL\_imagingmorph.pyi","66","cc3f2f0283c2f1a1085637dc90bb45b24456e6c6a255e977fac254036a476867"
"local-artifacts\tmp\uv-cache\archive-v0\uKTgiiG_oQbvqPF3wAFH1\PIL\_imagingtk.cp312-win_amd64.pyd","14848","690cc1cae4a2dc8594a342b9241e691dcc89d81dad4cddcefdf285275365a2b1"
"local-artifacts\tmp\uv-cache\archive-v0\uKTgiiG_oQbvqPF3wAFH1\PIL\_imagingtk.pyi","66","cc3f2f0283c2f1a1085637dc90bb45b24456e6c6a255e977fac254036a476867"
"local-artifacts\tmp\uv-cache\archive-v0\uKTgiiG_oQbvqPF3wAFH1\PIL\_tkinter_finder.py","558","1f5530ddd57b8161c88ffa2c527245c56875691b10d8c74aa4d3f7bd0c10716d"
"local-artifacts\tmp\uv-cache\archive-v0\uKTgiiG_oQbvqPF3wAFH1\PIL\_typing.py","964","b7e3154b97ffa5174bf8cd3bd9866a957141fc3f33d4a3a5f0470ab13fddf6ce"
"local-artifacts\tmp\uv-cache\archive-v0\uKTgiiG_oQbvqPF3wAFH1\PIL\_util.py","713","78ff087e658999b13f3ea6d425be2a4ea18d2e2e334f44d369daebaa6ca483b6"
"local-artifacts\tmp\uv-cache\archive-v0\uKTgiiG_oQbvqPF3wAFH1\PIL\_version.py","91","8367607a728dc206da64e3de6b24f826f3030d7f3c053f25c3b3a1fde94fb9d7"
"local-artifacts\tmp\uv-cache\archive-v0\uKTgiiG_oQbvqPF3wAFH1\PIL\_webp.cp312-win_amd64.pyd","416256","9823cebb84f425af3ac1e7437259bc176e7ad7e25d7fa829b0e1a3e55c11be70"
"local-artifacts\tmp\uv-cache\archive-v0\uKTgiiG_oQbvqPF3wAFH1\PIL\_webp.pyi","66","cc3f2f0283c2f1a1085637dc90bb45b24456e6c6a255e977fac254036a476867"
"local-artifacts\tmp\uv-cache\archive-v0\uKTgiiG_oQbvqPF3wAFH1\PIL\AvifImagePlugin.py","9596","80733b71d411630ea63c782333de241a12bd83f0f1cafcd8ccde4516bed4b5a1"
"local-artifacts\tmp\uv-cache\archive-v0\uKTgiiG_oQbvqPF3wAFH1\PIL\BdfFontFile.py","3463","2c54f5932a79e45789cd0b1fbd64694f2f53009f5485e3fe7bd95e2ddf77cf35"
"local-artifacts\tmp\uv-cache\archive-v0\uKTgiiG_oQbvqPF3wAFH1\PIL\BlpImagePlugin.py","17048","522b1467bdc20f8edfd8b19346573e4df6f10dda93915b72a3b8efe6f6104c17"
"local-artifacts\tmp\uv-cache\archive-v0\uKTgiiG_oQbvqPF3wAFH1\PIL\BmpImagePlugin.py","20377","e23760527cf54ebb06b6e56d73be70ff896666c04f55fdd1047bf99434f9da63"
"local-artifacts\tmp\uv-cache\archive-v0\uKTgiiG_oQbvqPF3wAFH1\PIL\BufrStubImagePlugin.py","1757","3b2a82334b9422e153315099108f4fda20377a83785d540f7c57cdb835bfc9e4"
"local-artifacts\tmp\uv-cache\archive-v0\uKTgiiG_oQbvqPF3wAFH1\PIL\ContainerIO.py","4777","23ac8efd814412a30a035724804133176aff224e69fc68ccf91ad63896234a56"
"local-artifacts\tmp\uv-cache\archive-v0\uKTgiiG_oQbvqPF3wAFH1\PIL\CurImagePlugin.py","2814","3aab7fa3ba3b1d758a01e368073544be1c4a14cbf75b751cf390a73a842e8612"
"local-artifacts\tmp\uv-cache\archive-v0\uKTgiiG_oQbvqPF3wAFH1\PIL\DcxImagePlugin.py","2264","2f6d5cde0557e883e6938cee7ff96db779807917dcb8209c5e1902569b9e7765"
"local-artifacts\tmp\uv-cache\archive-v0\uKTgiiG_oQbvqPF3wAFH1\PIL\DdsImagePlugin.py","19733","eae2016bb3476be917ff549086c18b89d8e911d0f6d3f0900486a90fe2808cac"
"local-artifacts\tmp\uv-cache\archive-v0\uKTgiiG_oQbvqPF3wAFH1\PIL\EpsImagePlugin.py","17253","3582af51b5623fc766008fa1e3df028a918aaf7073f4f6435fc5d1607f3deb2c"
"local-artifacts\tmp\uv-cache\archive-v0\uKTgiiG_oQbvqPF3wAFH1\PIL\ExifTags.py","10339","362cafb665044fbf41322a248a3313a7fabc75e596ce9c9db5371305f272f0a1"
"local-artifacts\tmp\uv-cache\archive-v0\uKTgiiG_oQbvqPF3wAFH1\PIL\features.py","11118","cbf7a5342ce007a46030ff4031fdc274e3f78dda0de21a38bf1a122b383a7967"
"local-artifacts\tmp\uv-cache\archive-v0\uKTgiiG_oQbvqPF3wAFH1\PIL\FitsImagePlugin.py","4875","2ff9142b7f02394b95f65a13e64f4366a12df74a3600245d64f63696fb1ed0bd"
"local-artifacts\tmp\uv-cache\archive-v0\uKTgiiG_oQbvqPF3wAFH1\PIL\FliImagePlugin.py","5113","2f5bdfe108ec68c57479141399fcb5c27a89f65f61195e65bd320b5bbce7cc3f"
"local-artifacts\tmp\uv-cache\archive-v0\uKTgiiG_oQbvqPF3wAFH1\PIL\FontFile.py","4419","a424a370fdf10adc8e780110f3e12f9366e0e479ec49c560400e715108ff0554"
"local-artifacts\tmp\uv-cache\archive-v0\uKTgiiG_oQbvqPF3wAFH1\PIL\FpxImagePlugin.py","7724","b3610e701e56459102379804abd517a576a44e2dfc905322133d8ccd1029c7f5"
"local-artifacts\tmp\uv-cache\archive-v0\uKTgiiG_oQbvqPF3wAFH1\PIL\FtexImagePlugin.py","3685","fb32afbe131373351ede8d1fe07a430bdfc32ba94a1d3e4b0017f4af9fb797ee"
"local-artifacts\tmp\uv-cache\archive-v0\uKTgiiG_oQbvqPF3wAFH1\PIL\GbrImagePlugin.py","3156","21bff2df967334e98ca86d92b8eca3c518773b1b78d90a5c11c80b6ba0619ad0"
"local-artifacts\tmp\uv-cache\archive-v0\uKTgiiG_oQbvqPF3wAFH1\PIL\GdImageFile.py","2951","ace96a8ea2945fc25827a18b1b3a8792cf85a4033bdb43b2a1d1c636222e9283"
"local-artifacts\tmp\uv-cache\archive-v0\uKTgiiG_oQbvqPF3wAFH1\PIL\GifImagePlugin.py","43596","0cf9dd837ba23b412c95765aea4422bbf6e7c2210c6eefde91eab43d4308b0d5"
"local-artifacts\tmp\uv-cache\archive-v0\uKTgiiG_oQbvqPF3wAFH1\PIL\GimpGradientFile.py","4137","cec216d4c915ea4a39964e072555de8121d4df250fc16d695329d1b39cf48990"
"local-artifacts\tmp\uv-cache\archive-v0\uKTgiiG_oQbvqPF3wAFH1\PIL\GimpPaletteFile.py","1935","126047710f44c42e1fe3bb5a0fb4bb1ba55a324afd1e3ca7955f0d7535d5e624"
"local-artifacts\tmp\uv-cache\archive-v0\uKTgiiG_oQbvqPF3wAFH1\PIL\GribStubImagePlugin.py","1786","73c88f12a40e48171616a756122b9cb9b8da5f061f6520761a365761568f0313"
"local-artifacts\tmp\uv-cache\archive-v0\uKTgiiG_oQbvqPF3wAFH1\PIL\Hdf5StubImagePlugin.py","1768","ac831d7fbb83b248c9ab07ba0af18bc3fb6325f875828e6f2929e67ed05d08a8"
"local-artifacts\tmp\uv-cache\archive-v0\uKTgiiG_oQbvqPF3wAFH1\PIL\IcnsImagePlugin.py","12798","4e8092cb968527bffa9e266ccc53917c232bf3f5393babe0775447315aff27fa"
"local-artifacts\tmp\uv-cache\archive-v0\uKTgiiG_oQbvqPF3wAFH1\PIL\IcoImagePlugin.py","13499","0d9a018f6ccabfbe9293de8f2aaf1e97d69900cd89df050b56a3dea27a3fd33d"
"local-artifacts\tmp\uv-cache\archive-v0\uKTgiiG_oQbvqPF3wAFH1\PIL\Image.py","158171","59f1b98ed7bfd7b516b9f13ffd9dd3bc0aa1a495042accdb5ae4609b41c329d5"
"local-artifacts\tmp\uv-cache\archive-v0\uKTgiiG_oQbvqPF3wAFH1\PIL\ImageChops.py","8257","859f043d43e5408cee82c11e755f2dae4297d230420c66fa0acce66ba65e3194"
"local-artifacts\tmp\uv-cache\archive-v0\uKTgiiG_oQbvqPF3wAFH1\PIL\ImageCms.py","41773","0effeeecadc71257d6eabcbd4cf43277ff35c6aeda0e7ba4c60ab67676bf49de"
"local-artifacts\tmp\uv-cache\archive-v0\uKTgiiG_oQbvqPF3wAFH1\PIL\ImageColor.py","9761","295faeec79d95abacbdf3b8100e2ea7ab23eeef15c5d3c5d2dea1a6158ec9f02"
"local-artifacts\tmp\uv-cache\archive-v0\uKTgiiG_oQbvqPF3wAFH1\PIL\ImageDraw.py","36421","98aa4388d2629866aad9dd734bec67ad3f9981ab1ed4390281b4c17be9027cf6"
"local-artifacts\tmp\uv-cache\archive-v0\uKTgiiG_oQbvqPF3wAFH1\PIL\ImageDraw2.py","7470","1b4388cfbb0e5bf4e7af5b431ee8d3c8f54476aa216fb33838e3ade19424550c"
"local-artifacts\tmp\uv-cache\archive-v0\uKTgiiG_oQbvqPF3wAFH1\PIL\ImageEnhance.py","3740","ba00d4d2c963691ff369389bb6e9a54ef7fea851f5c755ba97640ca5cdfce975"
"local-artifacts\tmp\uv-cache\archive-v0\uKTgiiG_oQbvqPF3wAFH1\PIL\ImageFile.py","30828","e972c9d8785ad1fd44f860a375d8719f3fdff8e46da1cc311950699f93e4f539"
"local-artifacts\tmp\uv-cache\archive-v0\uKTgiiG_oQbvqPF3wAFH1\PIL\ImageFilter.py","19714","1702a1b8f1c497a99f816a3aa94509b2ba2ce357ec480308c015e406c6bcc15e"
"local-artifacts\tmp\uv-cache\archive-v0\uKTgiiG_oQbvqPF3wAFH1\PIL\ImageFont.py","65080","e9601111f8817e8387fd792b3643e709a5a11febea43cb49de1732e776ba5f60"
"local-artifacts\tmp\uv-cache\archive-v0\uKTgiiG_oQbvqPF3wAFH1\PIL\ImageGrab.py","8475","b0df963537d02a3f90a20b6385edd5338efc7b6b28ee2248f30de562d1358530"
"local-artifacts\tmp\uv-cache\archive-v0\uKTgiiG_oQbvqPF3wAFH1\PIL\ImageMath.py","10659","d39d8fd05608b184178f75263ff0b04a0509de58e8e6945f14dfe4eac85e4496"
"local-artifacts\tmp\uv-cache\archive-v0\uKTgiiG_oQbvqPF3wAFH1\PIL\ImageMode.py","2480","50b900fa3b02806c31563af62cf48fe367439a3ea759a424f4be142a3eca7d28"
"local-artifacts\tmp\uv-cache\archive-v0\uKTgiiG_oQbvqPF3wAFH1\PIL\ImageMorph.py","10673","56bd50401e6f198a4655f7d11894287781fbfc095098ede5f81961a5a61e0f22"
"local-artifacts\tmp\uv-cache\archive-v0\uKTgiiG_oQbvqPF3wAFH1\PIL\ImageOps.py","26446","ad146c4c218335150d4099e851f1f78c582f5df6c46648893f0ab56dea38a3e4"
"local-artifacts\tmp\uv-cache\archive-v0\uKTgiiG_oQbvqPF3wAFH1\PIL\ImagePalette.py","9498","f4a973fbb23a253494a7695f64933a5740f270540a926e91c5fc970d3e14fe7c"
"local-artifacts\tmp\uv-cache\archive-v0\uKTgiiG_oQbvqPF3wAFH1\PIL\ImagePath.py","391","6679c9baf40db5b2918429abeb54c4984875bd5579ffdd163043cbf0ea72e65f"
"local-artifacts\tmp\uv-cache\archive-v0\uKTgiiG_oQbvqPF3wAFH1\PIL\ImageQt.py","6903","4a9c4778f81687981d8d5206342e061b9bfd577b26426fe73e224372b8671d77"
"local-artifacts\tmp\uv-cache\archive-v0\uKTgiiG_oQbvqPF3wAFH1\PIL\ImageSequence.py","2341","82e64751da56af39f3664718d0e6290f3b85d2e15794212edbad283feedefdf2"
"local-artifacts\tmp\uv-cache\archive-v0\uKTgiiG_oQbvqPF3wAFH1\PIL\ImageShow.py","10684","d660d3b5502fb540e2d414a9eeefa85541c368deecd916c99196f07d0eb62082"
"local-artifacts\tmp\uv-cache\archive-v0\uKTgiiG_oQbvqPF3wAFH1\PIL\ImageStat.py","5662","5b4b946bc60d0babe1a3095ead2cd923013b46ef8aa76ad6baa18d2c114b672a"
"local-artifacts\tmp\uv-cache\archive-v0\uKTgiiG_oQbvqPF3wAFH1\PIL\ImageText.py","19087","082c1145853cadd845f42775d7ac896b6cc63d9b2e80572cf579acb6fcc01d54"
"local-artifacts\tmp\uv-cache\archive-v0\uKTgiiG_oQbvqPF3wAFH1\PIL\ImageTk.py","8398","4f1d337fd913681b801af66ea342401eb35b9379fa7b0af86677569d6c592b44"
"local-artifacts\tmp\uv-cache\archive-v0\uKTgiiG_oQbvqPF3wAFH1\PIL\ImageTransform.py","4052","66eea8c925c436dabbd76fa792a14ba9a7d83ef891020b209337cb586d0add5f"
"local-artifacts\tmp\uv-cache\archive-v0\uKTgiiG_oQbvqPF3wAFH1\PIL\ImageWin.py","8345","7d018c99917dc076f4f6d33c7697ccb8de5ac75bfe1c3d38389a645ce6b1ddc7"
"local-artifacts\tmp\uv-cache\archive-v0\uKTgiiG_oQbvqPF3wAFH1\PIL\ImImagePlugin.py","11992","5fd881490e31eeb6aec5b3889fbda3eefe9301481995da580f970073a67530d0"
"local-artifacts\tmp\uv-cache\archive-v0\uKTgiiG_oQbvqPF3wAFH1\PIL\ImtImagePlugin.py","2768","afe643cf75e38ba10117c7949caea2b8211912d965a74c4b452210d3f875e141"
"local-artifacts\tmp\uv-cache\archive-v0\uKTgiiG_oQbvqPF3wAFH1\PIL\IptcImagePlugin.py","6663","e05b6e7b88dd6bba546342e1dbbd8e0df84e0488893992b4410d9ed0f610c228"
"local-artifacts\tmp\uv-cache\archive-v0\uKTgiiG_oQbvqPF3wAFH1\PIL\Jpeg2KImagePlugin.py","15088","00e20588471f2455caa9018885d958480c3d23e6d8f087eb421450fc0f6b3c18"
"local-artifacts\tmp\uv-cache\archive-v0\uKTgiiG_oQbvqPF3wAFH1\PIL\JpegImagePlugin.py","32223","049fc12cf436b101a5622456a1b83ba8b28b54cf8106d3953aed751bb0c08f3f"
"local-artifacts\tmp\uv-cache\archive-v0\uKTgiiG_oQbvqPF3wAFH1\PIL\JpegPresets.py","12621","51422c2b3bf2cdd3f3b2774e0ddf747aefe5b8ca9ab86d4f261d7450eb90be68"
"local-artifacts\tmp\uv-cache\archive-v0\uKTgiiG_oQbvqPF3wAFH1\PIL\McIdasImagePlugin.py","1955","3fd77592be12b5ed10564c5faa2c77d6c7c60fcb169fe7959982b4c20e83bc8c"
"local-artifacts\tmp\uv-cache\archive-v0\uKTgiiG_oQbvqPF3wAFH1\PIL\MicImagePlugin.py","2702","b82c463389652053e37eed8a8e2fb34a73da727aa2194646aacfc3b5bdc992d2"
"local-artifacts\tmp\uv-cache\archive-v0\uKTgiiG_oQbvqPF3wAFH1\PIL\MpegImagePlugin.py","2094","91e9bdce87ec06d22aeb194c25cb0590e5d370908f1080a4f657214df47da432"
"local-artifacts\tmp\uv-cache\archive-v0\uKTgiiG_oQbvqPF3wAFH1\PIL\MpoImagePlugin.py","6987","ffc580b1881e62444336ab32d08ff2c38a72c3471a75dadfd4c5940cd2808636"
"local-artifacts\tmp\uv-cache\archive-v0\uKTgiiG_oQbvqPF3wAFH1\PIL\MspImagePlugin.py","6072","bb75dc1140d81926046847543a19e3867a64650264a537520781251e9c4e3e58"
"local-artifacts\tmp\uv-cache\archive-v0\uKTgiiG_oQbvqPF3wAFH1\PIL\PaletteFile.py","1270","41d11af7d8cb0be3cf844a86cbaff87c3b9af13cca4925339007987029455fb3"
"local-artifacts\tmp\uv-cache\archive-v0\uKTgiiG_oQbvqPF3wAFH1\PIL\PalmImagePlugin.py","8965","2247aeefa9db5ba83130696a516c1b579ec12441abd775465c842f9162b9e265"
"local-artifacts\tmp\uv-cache\archive-v0\uKTgiiG_oQbvqPF3wAFH1\PIL\PcdImagePlugin.py","1842","819b027170c8a845532b6cfe1962a9b53db9a455350143a0a6bdc9d3a7233c28"
"local-artifacts\tmp\uv-cache\archive-v0\uKTgiiG_oQbvqPF3wAFH1\PIL\PcfFontFile.py","7240","50f65bca80f8295af7df1b6da0f6a2db5d63ce8f8f0e92386dc9f26cb0eee75e"
"local-artifacts\tmp\uv-cache\archive-v0\uKTgiiG_oQbvqPF3wAFH1\PIL\PcxImagePlugin.py","6596","5e6f1423fe7f01006c89693b07c489add784ffccfb0d20405269cda636e79396"
"local-artifacts\tmp\uv-cache\archive-v0\uKTgiiG_oQbvqPF3wAFH1\PIL\PdfImagePlugin.py","9720","3c3f19e0ea596e3f572f479bed0d9b18bc3846552d77c74f2c2e14e86ff60036"
"local-artifacts\tmp\uv-cache\archive-v0\uKTgiiG_oQbvqPF3wAFH1\PIL\PdfParser.py","39753","c5e04f3c748cc2b7f711208a1689b7c3af0e61e11cb454ee06a209fb5217b901"
"local-artifacts\tmp\uv-cache\archive-v0\uKTgiiG_oQbvqPF3wAFH1\PIL\PixarImagePlugin.py","1830","f919ee2521a1185f0cb14b221d9ab757307157e04d9cadf99018c97e1633c17b"
"local-artifacts\tmp\uv-cache\archive-v0\uKTgiiG_oQbvqPF3wAFH1\PIL\PngImagePlugin.py","53977","26e6495edc516f7589dea911c330d7f16d4ec96eed78af838da00902e77e6040"
"local-artifacts\tmp\uv-cache\archive-v0\uKTgiiG_oQbvqPF3wAFH1\PIL\PpmImagePlugin.py","12719","22331d42c009691d13c90bb591ddebe28eaad28e49295c2ae21475d0e7804715"
"local-artifacts\tmp\uv-cache\archive-v0\uKTgiiG_oQbvqPF3wAFH1\PIL\PsdImagePlugin.py","9249","b3ce408b7129bc190d12ce0db3ad408e114a048b134669021878a7e72afb372d"
"local-artifacts\tmp\uv-cache\archive-v0\uKTgiiG_oQbvqPF3wAFH1\PIL\PSDraw.py","7230","eec05f0067c19aa9d958c4e445f2e6e28057b519415c0b984fffcd3f71ad1f0d"
"local-artifacts\tmp\uv-cache\archive-v0\uKTgiiG_oQbvqPF3wAFH1\PIL\py.typed","0","e3b0c44298fc1c149afbf4c8996fb92427ae41e4649b934ca495991b7852b855"
"local-artifacts\tmp\uv-cache\archive-v0\uKTgiiG_oQbvqPF3wAFH1\PIL\QoiImagePlugin.py","8831","c25feb0cc7e1c9c5aae865c1157f31ce8235d5728c6567afd9629288ce2df372"
"local-artifacts\tmp\uv-cache\archive-v0\uKTgiiG_oQbvqPF3wAFH1\PIL\report.py","105","ea6ecd3afd5adb8e7bed9889a315fcf62a7925e3a07f63b517de5febed4ae5a3"
"local-artifacts\tmp\uv-cache\archive-v0\uKTgiiG_oQbvqPF3wAFH1\PIL\SgiImagePlugin.py","6602","4f0891938baa8e0836d7e3a2154066044d893d63a30c716654f8141fbbce3b75"
"local-artifacts\tmp\uv-cache\archive-v0\uKTgiiG_oQbvqPF3wAFH1\PIL\SpiderImagePlugin.py","10626","b0087770827cbc65aee9619de92721c9ca2aec36a338fa25680a31abbea5b68c"
"local-artifacts\tmp\uv-cache\archive-v0\uKTgiiG_oQbvqPF3wAFH1\PIL\SunImagePlugin.py","4734","60a604bee1b84149227acdf838ab5758a4d8499f14deacdc13fbdd4eb3ae46cc"
"local-artifacts\tmp\uv-cache\archive-v0\uKTgiiG_oQbvqPF3wAFH1\PIL\TarIO.py","1503","2bab4b9050dc69aaf7bdbe84c986fb1b8a15101e35c7f2ccb8625e513f70e434"
"local-artifacts\tmp\uv-cache\archive-v0\uKTgiiG_oQbvqPF3wAFH1\PIL\TgaImagePlugin.py","8017","52bbc8363a079783087f2c5fe5b2f75519425af38deee0e92507e6cf7c939588"
"local-artifacts\tmp\uv-cache\archive-v0\uKTgiiG_oQbvqPF3wAFH1\PIL\TiffImagePlugin.py","88301","7c7c771b1358c4096239c5973199672870c7e4cc34c4ce33a391695a7e251df7"
"local-artifacts\tmp\uv-cache\archive-v0\uKTgiiG_oQbvqPF3wAFH1\PIL\TiffTags.py","17772","16c76a6c8409388ee2846ecc67f2b8614403678ce8fab6986e28550dee3653d1"
"local-artifacts\tmp\uv-cache\archive-v0\uKTgiiG_oQbvqPF3wAFH1\PIL\WalImageFile.py","5891","70b442298cac9c4d2fe59fd47745ded180de338988c45197a83231f157ae31c6"
"local-artifacts\tmp\uv-cache\archive-v0\uKTgiiG_oQbvqPF3wAFH1\PIL\WebPImagePlugin.py","10289","c7022669e4536810944b2d1a5a69a18dc7176706cbd36363994b0fcc2003d69c"
"local-artifacts\tmp\uv-cache\archive-v0\uKTgiiG_oQbvqPF3wAFH1\PIL\WmfImagePlugin.py","5390","136d180c964920aad44327ed3a6ac9ac0b97ba60c6662c231f237620a282c9b8"
"local-artifacts\tmp\uv-cache\archive-v0\uKTgiiG_oQbvqPF3wAFH1\PIL\XbmImagePlugin.py","2767","c1cd0da5f4f3952871f589a2d33c28d1a5598c36b8fc1ecd1221b64e008eeb94"
"local-artifacts\tmp\uv-cache\archive-v0\uKTgiiG_oQbvqPF3wAFH1\PIL\XpmImagePlugin.py","4539","232f0ac0e8e7546541c5f4f6c6d0f737050a52dcec0f678753b3aeb48461a9d9"
"local-artifacts\tmp\uv-cache\archive-v0\uKTgiiG_oQbvqPF3wAFH1\PIL\XVThumbImagePlugin.py","2209","384b448508022cb82fc7c275888f75d533338c9e624e538ea90a4b431d5bcd0e"
"local-artifacts\tmp\uv-cache\archive-v0\uKTgiiG_oQbvqPF3wAFH1\pillow-12.3.0.dist-info\licenses\LICENSE","78016","4f7866a74802c6326f81faff59a56546b6aec2b10b91973e0e9308de95e79857"
"local-artifacts\tmp\uv-cache\archive-v0\uKTgiiG_oQbvqPF3wAFH1\pillow-12.3.0.dist-info\METADATA","9273","2c4378001803cfac65809a50722d46e0da4ce8061e717f103e5d52734bab30f5"
"local-artifacts\tmp\uv-cache\archive-v0\uKTgiiG_oQbvqPF3wAFH1\pillow-12.3.0.dist-info\RECORD","9378","d24fa162d4f3a3b109e4979a02ca710ef0cab064b42c001a83e573a78fb69687"
"local-artifacts\tmp\uv-cache\archive-v0\uKTgiiG_oQbvqPF3wAFH1\pillow-12.3.0.dist-info\sboms\pillow-12.3.0.cdx.json","22279","40fa909b0f23405a7b97a6d91671a639a40acea7671b04387da22ba3e9fca50a"
"local-artifacts\tmp\uv-cache\archive-v0\uKTgiiG_oQbvqPF3wAFH1\pillow-12.3.0.dist-info\top_level.txt","4","ae266aae4fa1c99aa1e5fd59d19c228b774a7f112c07286ef5c53d20e0c5f8d6"
"local-artifacts\tmp\uv-cache\archive-v0\uKTgiiG_oQbvqPF3wAFH1\pillow-12.3.0.dist-info\WHEEL","101","ad1e507ec59c665de6adae409920fb15dd1dcd0c59de51c2a43a3bd0891f0cae"
"local-artifacts\tmp\uv-cache\archive-v0\uKTgiiG_oQbvqPF3wAFH1\pillow-12.3.0.dist-info\zip-safe","2","7eb70257593da06f682a3ddda54a9d260d4fc514f645237f5ca74b08f8da61a6"
"local-artifacts\tmp\uv-cache\CACHEDIR.TAG","43","5953156d7e0c564a427251316eaf26f8870e6483ae2197f916b630e4f93e31ae"
"local-artifacts\tmp\uv-cache\interpreter-v4\2f8a8d68d05c453f\a64be4d4eafa0c76.msgpack","1599","e88ee2b3fff044d92f6000cf71938c0807fbafaa211d60081473d5279542cdb6"
"local-artifacts\tmp\uv-cache\sdists-v9\.git","0","e3b0c44298fc1c149afbf4c8996fb92427ae41e4649b934ca495991b7852b855"
"local-artifacts\tmp\uv-cache\sdists-v9\.gitignore","0","e3b0c44298fc1c149afbf4c8996fb92427ae41e4649b934ca495991b7852b855"
"local-artifacts\tmp\uv-cache\simple-v20\pypi\charset-normalizer.lock","0","e3b0c44298fc1c149afbf4c8996fb92427ae41e4649b934ca495991b7852b855"
"local-artifacts\tmp\uv-cache\simple-v20\pypi\charset-normalizer.rkyv","1217720","8c87ce7a927550535c2afbba8b68c68fae1a5ae6bd9f08c8671aec25cb51a317"
"local-artifacts\tmp\uv-cache\simple-v20\pypi\pillow.lock","0","e3b0c44298fc1c149afbf4c8996fb92427ae41e4649b934ca495991b7852b855"
"local-artifacts\tmp\uv-cache\simple-v20\pypi\pillow.rkyv","1711112","f87337b956e00de404fe6dd2161f4df09adaf5bb4042a63c39e4675923633b4b"
"local-artifacts\tmp\uv-cache\simple-v20\pypi\reportlab.lock","0","e3b0c44298fc1c149afbf4c8996fb92427ae41e4649b934ca495991b7852b855"
"local-artifacts\tmp\uv-cache\simple-v20\pypi\reportlab.rkyv","1169912","41e8987dc51f27f50a64d68611852a507ee8655aa561cd29e162d04f8871b1e0"
"local-artifacts\tmp\uv-cache\wheels-v6\pypi\charset-normalizer\3.4.9-cp312-cp312-win_amd64","32","89d07460697d14d00c24d5221383df61d8b78a4188d136d519fad028638c2cb9"
"local-artifacts\tmp\uv-cache\wheels-v6\pypi\charset-normalizer\3.4.9-cp312-cp312-win_amd64.http","597","21c1135f5ae516fb246134a8b7317cf2301b5adc9903519452c19db01b2be1dd"
"local-artifacts\tmp\uv-cache\wheels-v6\pypi\charset-normalizer\3.4.9-cp312-cp312-win_amd64.msgpack","612","370d09d41bebe11ee04f66733604870c055628666eeba762fe1a89d47a5a4cf8"
"local-artifacts\tmp\uv-cache\wheels-v6\pypi\charset-normalizer\charset_normalizer-3.4.9-cp312-cp312-win_amd64.lock","0","e3b0c44298fc1c149afbf4c8996fb92427ae41e4649b934ca495991b7852b855"
"local-artifacts\tmp\uv-cache\wheels-v6\pypi\pillow\12.3.0-cp312-cp312-win_amd64","32","7e09ba931e61f436620c7d50b2b4f8f594022ef4a3384257bc837892dc3fbc48"
"local-artifacts\tmp\uv-cache\wheels-v6\pypi\pillow\12.3.0-cp312-cp312-win_amd64.http","578","341e124a2b050854d4b89d7c306b79bda914692730e95a9b59823cd46b504e06"
"local-artifacts\tmp\uv-cache\wheels-v6\pypi\pillow\12.3.0-cp312-cp312-win_amd64.msgpack","1416","a7d9d12d04ea857a934ee0f2a16d42e68c6d40ceb282648bfb78d50191e18aff"
"local-artifacts\tmp\uv-cache\wheels-v6\pypi\pillow\pillow-12.3.0-cp312-cp312-win_amd64.lock","0","e3b0c44298fc1c149afbf4c8996fb92427ae41e4649b934ca495991b7852b855"
"local-artifacts\tmp\uv-cache\wheels-v6\pypi\reportlab\5.0.0-py3-none-any","32","80a75355262bd620b0cc1465779108c71397e7033d3a3c4190dd851f702df968"
"local-artifacts\tmp\uv-cache\wheels-v6\pypi\reportlab\5.0.0-py3-none-any.http","563","26cb0e5140d0350bdb8de48a0803942cbbc3dab7e493e707ff9dfd44422730e8"
"local-artifacts\tmp\uv-cache\wheels-v6\pypi\reportlab\5.0.0-py3-none-any.msgpack","818","4844dc11bb2d0a7749ecbb2ad9e5621fe5f0c9424a486adfbde7d70fcd830418"
"local-artifacts\tmp\uv-cache\wheels-v6\pypi\reportlab\reportlab-5.0.0-py3-none-any.lock","0","e3b0c44298fc1c149afbf4c8996fb92427ae41e4649b934ca495991b7852b855"
"local-artifacts\tracked-filing-move-plan.txt","15362","c5c89b7b5ec44ba3e6b075247d07e52ae552287c32865d89a670d7a0b16cf4d3"
"local-artifacts\workbook-move-plan.csv","15074","57911e23d0382d4c5599822a0ef9a8b9689b11473f737c72c87e7689081dbab9"
"README.md","1143","4467a3de11b7fadc349487b68ec57a9c3ecf0c0df5362c77547f154fe731ac66"
"retired-repo\data\custodian\Corgi_Adv.40C8.C8_ETF_Holdings (1).csv","291953","a99b3e46f6f3b58003b1d6b8aefbedffacf0a0e8d36717664ed60f87d5b38d1a"
"retired-repo\data\fund_accounting\README.md","451","279554f6b2fea5139491f339a719cbca873c4530719314df936753ee6a88b790"
"retired-repo\data\funds\aclz\filings\2026-06\derivatives.csv","601","1a085d39e5d054a38b353aaff33a788a76444e0c33d9f4bc3e6df7c271c9af9d"
"retired-repo\data\funds\aclz\filings\2026-06\filing_data.txt","1246","146e7ab286f1547d06d6fc7439f4c7f55a3a426208bcc5645b889c938ff37568"
"retired-repo\data\funds\aclz\filings\2026-06\holdings.csv","654","d590f8e63f3c306d458b45ffdfa333def164a8e1a64436b0f4a9008a6bfe3770"
"retired-repo\data\funds\aclz\security_master.csv","1258","6e54a10ed954154319f42c79081309cf103a95d8054a83d77f84d6494e8ba277"
"retired-repo\data\funds\acmm\filings\2026-06\derivatives.csv","580","b185413eef874d6ec780d230dd7918bd5b793d13d048b7118b004974b225e6aa"
"retired-repo\data\funds\acmm\filings\2026-06\filing_data.txt","1248","57a1eb5229f93677460b2dcd66eda99c4166a33fcfd83451f5c33580d0d2551b"
"retired-repo\data\funds\acmm\filings\2026-06\holdings.csv","647","baafe0122df8fb98e5fbd7b397e7dfe64d8e68c4dcd62fb90a1f76e340ec9eeb"
"retired-repo\data\funds\acmm\security_master.csv","1236","cece54da62e1033f0485a786cbe3cb32c89678446c8f5bfce9334e774a92b5b8"
"retired-repo\data\funds\av\filings\2026-06\filing_data.txt","1258","b69785c8c41bf37bec1999c7844d892a886e4c62116e3d3aee4062c4b680d8fe"
"retired-repo\data\funds\av\filings\2026-06\holdings.csv","6188","0a5629b240869da853bcd838b0e72053d7a3608de0e1fd4819ea1aaadcfde593"
"retired-repo\data\funds\av\fund_config.txt","780","321c2d8b0305c45ceac9a32e36c5cbe1095a1f98c30e1037665dd40707a8b457"
"retired-repo\data\funds\av\security_master.csv","6898","4fc35f5ce58ab35061367dc2d83e02be3df82adda2a7c2974dd3ddc03cdf30cc"
"retired-repo\data\funds\bay\filings\2026-06\filing_data.txt","1262","4faf0758e90609e61f7603b2a77a26353a22a34699dd821b2fb1ee17abd96a40"
"retired-repo\data\funds\bay\filings\2026-06\holdings.csv","9049","3bd85a16538b4300f65d19af3d321b9c4e32822f7bbe1dade9ffb34a4a10fb72"
"retired-repo\data\funds\bay\fund_config.txt","764","e5e226e19d93c8c6e52ccf923c2106b8f778f5e51318217a5c45da0ecc8c191e"
"retired-repo\data\funds\bay\security_master.csv","9973","5ac9ff38484a62fef155c8cbbd0ea4e0b6df8483bde70c58af3b7cf7635f3900"
"retired-repo\data\funds\blck\filings\2026-06\filing_data.txt","1264","6c4ff6855468f45ff1142f8aa2bfaf0fdf5f895f0d9209b49a24c4f3c05bde87"
"retired-repo\data\funds\blck\filings\2026-06\holdings.csv","5238","2c46a30e20ebf56fec3abcb1a57ce4c21a34aa047790400c1df16a3116fe07b0"
"retired-repo\data\funds\blck\fund_config.txt","772","d769f9b07514b54bc296e33c2433ede456eb3a6f512cf90dff264ce1744947cf"
"retired-repo\data\funds\blck\security_master.csv","5994","21222b17e6d66ac619a93d9fc655bfbb41a14dc6df3c2c4d601b188ef298cec9"
"retired-repo\data\funds\bond_fund\filings\2025-12\debt_securities.csv","338","6f415279348815ef20c75071a6a73f6cab39b74e167221e2e30449599a126571"
"retired-repo\data\funds\bond_fund\filings\2025-12\filing_data.txt","1197","d8f1b4ed266ba3b8ec930f8de6f91d324b76cb9864d3c5f379ad66ade93f08f6"
"retired-repo\data\funds\bond_fund\filings\2025-12\holdings.csv","1452","79777df63d79fceb0bfcaa95b0ae94b75b473c903eef910f9ef61d450cca6f51"
"retired-repo\data\funds\bond_fund\filings\2026-06\filing_data.txt","1187","ce8c927a7054f025a7e2802428988424ffcfca56fad8fe211df00f6a22ef9d8d"
"retired-repo\data\funds\bond_fund\fund_config.txt","654","f4aa82dbfd6c5609647ad500c94d2d38203e575ac3a2c415b8867597a633ed7a"
"retired-repo\data\funds\bond_fund\security_master.csv","1088","cbab2b66f7b3cab619e46a848f331556c17a4ae311680ff211c8db2931d47c3a"
"retired-repo\data\funds\brew\filings\2026-06\filing_data.txt","1260","b9a5f8a43c2f8e25b230bbe4dc0891ba112f1b1a5f9ff1d3d05f19bd00c2dbbb"
"retired-repo\data\funds\brew\filings\2026-06\holdings.csv","2742","dddd8096119480cb76c0c4891222b11216036d19ea4b4c808774c259cf1bdd87"
"retired-repo\data\funds\brew\fund_config.txt","773","46203f0b7a3ef04d23aea14a99349ec7dd3c1831e2fc6530e1a14e37d7da2950"
"retired-repo\data\funds\brew\security_master.csv","3275","be3f9522806b3d1883aba58b934723bbb7e0abbcf51339c2eed897710968d6e2"
"retired-repo\data\funds\brzx\filings\2026-06\derivatives.csv","590","8d493ff92b678512199de755df661614d153f4c04a49b299868810d8bc5f439d"
"retired-repo\data\funds\brzx\filings\2026-06\filing_data.txt","1263","a6c83ff6906ff2709b37b3fa9843e0be918b562fb568592fbd8e6cbf3bfcb5a0"
"retired-repo\data\funds\brzx\filings\2026-06\holdings.csv","649","823d0f5f09af78976bfa71adb654d7c8d70c2d2608787669163db89fd8f29571"
"retired-repo\data\funds\brzx\fund_config.txt","766","7430e16735466adf786b04d2480f4e1758fdefeb525e973308cf2ff889ea7279"
"retired-repo\data\funds\brzx\security_master.csv","1251","fb7cf038f2081590457e58e5083e5c726fd5d2755e5b805c44e994e7846b7871"
"retired-repo\data\funds\buffered_etf\filings\2025-12\derivatives.csv","1447","f55153f16f96af543201bab4fb857c1af0aa28db0a1ab5b84918a9bb50b534c7"
"retired-repo\data\funds\buffered_etf\filings\2025-12\filing_data.txt","1152","4aaa9fd232ac9823ab61f543859123424dbe4d8febb457f0df1f7462f1e5b1da"
"retired-repo\data\funds\buffered_etf\filings\2025-12\holdings.csv","1756","c4cf37efe0cba59b5cda4b1ca2a7fde84aec3d82d0d9de9f7094ffae5eae3b5a"
"retired-repo\data\funds\buffered_etf\filings\2026-06\filing_data.txt","1155","ba91ed3af6d5213c8e79a24e2e119197f8c02fa1899d91fd5775564a99070fdd"
"retired-repo\data\funds\buffered_etf\fund_config.txt","665","c4fd2593cf9991cd51f91001c2dfe5204ec437b291ec9a4dce4c9c08aebc1bd4"
"retired-repo\data\funds\buffered_etf\security_master.csv","2002","776fbd39e806d6c8faf0a0592e0d735147076baa202f935a1536a5180b462bd8"
"retired-repo\data\funds\bzz\filings\2026-06\filing_data.txt","1271","8d8594cb7ca90c528d52b50e5b20f8eac74ffcb79293ecf5e664df608237534a"
"retired-repo\data\funds\bzz\filings\2026-06\holdings.csv","4302","a93337c17296fa6790ea9e53492342c0558b6c32443e8e073eef20aa786edda6"
"retired-repo\data\funds\bzz\fund_config.txt","777","8d38c326f6b671500e4432a4fbd085ba4072837675b284782f676546321ba49a"
"retired-repo\data\funds\bzz\security_master.csv","4877","85e40ca1d60a6af43ab874f447e552f7d65a69443074d9b14f1c9464cf38d4f4"
"retired-repo\data\funds\camc\filings\2026-06\derivatives.csv","560","6fe29f10794c09fc6113e10c2ca1f60799ad734a0e46c71c2a9bc770234fc270"
"retired-repo\data\funds\camc\filings\2026-06\filing_data.txt","1246","19e5b777cb0254dc75637e9eea9da4b4e586d9fda9eabb12e20dfaf9a0135194"
"retired-repo\data\funds\camc\filings\2026-06\holdings.csv","637","527ddeb7fdb6ae76c4c9b969b46a9a8c4651410eca794e43bbb633d20072773a"
"retired-repo\data\funds\camc\security_master.csv","1213","81db1b85ae178d6d2310b4e5785c3f55c13307e43389684fa65bfe1e490e1ae3"
"retired-repo\data\funds\carx\filings\2026-06\derivatives.csv","561","b63356898a1238cda0cd5a53b0245075deaee35abbb0bc3ba2c0f14077bb6855"
"retired-repo\data\funds\carx\filings\2026-06\filing_data.txt","1244","4545221ab5b8458fe7b9406be51573c0297bb84d4a116d797d4f4392ef3085cf"
"retired-repo\data\funds\carx\filings\2026-06\holdings.csv","637","c523b6f681aa42a3193c7ef5f95c36a240569efe939e5e6b657edac969cbd0c2"
"retired-repo\data\funds\carx\security_master.csv","1208","722b5800cf5f405a8efdbe2fd96dd6f5b7dc1cc47d84da7e4c9a38857a62a2ad"
"retired-repo\data\funds\cbil\filings\2026-06\debt_securities.csv","893","e0460e87097f99a618a6fdcae527a5e433580394ac3dfe9391f8386cb21adf82"
"retired-repo\data\funds\cbil\filings\2026-06\filing_data.txt","1868","d2401b006977bc5a4807391f4a40a887273b850223506aa0eeb2f3c3ae9cec5e"
"retired-repo\data\funds\cbil\filings\2026-06\holdings.csv","4768","3658784e683574f056481a0e281033c8238b55505d9c9dc87df932ccf3b1b215"
"retired-repo\data\funds\cbil\fund_config.txt","768","275adcffdfefaa85dab7af24f7305ec5ae9766c99daa4b9de8fce87018f14e8c"
"retired-repo\data\funds\cbil\security_master.csv","5643","b4c86c6b6b20dad10d5512adfafba8ae9bb8cc7f86ebbfcc4e96f57a4ee6a64a"
"retired-repo\data\funds\cbot\filings\2026-06\filing_data.txt","1269","7220d653b80e0295d491492e01e1b84045810637f29dba1ef6b500f2f371d425"
"retired-repo\data\funds\cbot\filings\2026-06\holdings.csv","3862","79f2f12ebdc749e5c1c2790ba4e41e95bdb9b74f3804276c73dca3dc1d54dc8b"
"retired-repo\data\funds\cbot\fund_config.txt","769","c761bc9745c5931c59a5a9c034714b92af4af6854cefed36edb05318242a1080"
"retired-repo\data\funds\cbot\security_master.csv","4458","2807509c0f0cf127b44b0355c6584c6721e57e251a9d72fad386e40a777181bc"
"retired-repo\data\funds\ccpx\filings\2026-06\derivatives.csv","605","0eda7baebafce89ab2d62b3a1f87a3793177110059d940e83a211904e38c6bb1"
"retired-repo\data\funds\ccpx\filings\2026-06\filing_data.txt","1271","769d69ddf5413b900e182424e65fac513ae17d7308bdb343f6cf018b22000cfe"
"retired-repo\data\funds\ccpx\filings\2026-06\holdings.csv","657","ff4599ebccb571fe80dff8f6e971a3df7870ff67263f82eb3053f58972b0a88a"
"retired-repo\data\funds\ccpx\fund_config.txt","765","cdb8c726acec1c86ef66dfd86d7f47cb6a61140cfc7def957399a42728f864e7"
"retired-repo\data\funds\ccpx\security_master.csv","1272","fe87fc5efcdfdf8996b8e74b9b794c21d1d9e4b6fc6046ae5a0720bc36834a72"
"retired-repo\data\funds\cgov\filings\2026-06\debt_securities.csv","858","7bb7de60ce13af7fe867cd3df3db123298f8572487872cfa94b87b8d4f24810e"
"retired-repo\data\funds\cgov\filings\2026-06\filing_data.txt","1849","8971dd75f050cac71875f024e5bd5d50478ebd54127140cbd33701b72ba0f3cf"
"retired-repo\data\funds\cgov\filings\2026-06\holdings.csv","4583","a4b1e8f8fd75ef14fbf941f93a422161f51609aa3d8693c7de0d4f3d811dca96"
"retired-repo\data\funds\cgov\fund_config.txt","767","1ff3ab26414763a19dce0a1a7a249b4c3263b8f066e5e4aeadd6cb72c6b15378"
"retired-repo\data\funds\cgov\security_master.csv","5432","9529f9525d4499b42c55ac417c74e8bbf65e70f0133367e554001b4e9bc91517"
"retired-repo\data\funds\chyg\filings\2026-06\debt_securities.csv","7562","22715eba26801180ba33a0cd0b543ecad812903654d494c1bcbdda17eb36918d"
"retired-repo\data\funds\chyg\filings\2026-06\filing_data.txt","1886","ca2cd6a800c9588ef0e0750b43f55fb1aed6566181788e345edf2169684f7aae"
"retired-repo\data\funds\chyg\filings\2026-06\holdings.csv","36398","894624cbacc8e30883d875dd33831970a2ec1f58b87085550c224267a3155811"
"retired-repo\data\funds\chyg\fund_config.txt","785","4d4e1da488b0eda196998d1016e51fa361993e5428bf446a2442def2b4a6aed8"
"retired-repo\data\funds\chyg\security_master.csv","41966","3ca760bc7cebd05689cf1d4eb3e4684397d15affb9abb2219fcb93b2876c7968"
"retired-repo\data\funds\ciei\filings\2026-06\debt_securities.csv","3567","dfc571336b4f16d02566fea5e5adeb2a16771ee68c814bba87536f588bc7a28c"
"retired-repo\data\funds\ciei\filings\2026-06\filing_data.txt","1847","23330016ea7e3ea39672ee05d53bc46f9d904516e3baaefb10b42af21acea84b"
"retired-repo\data\funds\ciei\filings\2026-06\holdings.csv","18107","61e61528da778ed627cdbf2c96a68633aa33aaa5da82b0fee2996323338703c5"
"retired-repo\data\funds\ciei\fund_config.txt","773","9c7339ec30f748afe12773116815ba3f526b138ee9ce9708cbf533c5cdecbaa3"
"retired-repo\data\funds\ciei\security_master.csv","20920","f150c7c519d54c0c010a4cf89406dca48b39d889aaabedfc0dd9669bd1bad3ce"
"retired-repo\data\funds\civg\filings\2026-06\debt_securities.csv","8030","fa051ebd33e54a5475c11780ad58157b999d4cfb1e395081af87fd959cce3e1d"
"retired-repo\data\funds\civg\filings\2026-06\filing_data.txt","1887","42346887a6675bcbe3189f9d01a418e377d777e2cba9c6d1cb33357317657306"
"retired-repo\data\funds\civg\filings\2026-06\holdings.csv","37916","8d0c4b9dda1c7b137931dd6dc35cf287f1c6050411bf0093368916e16b7de15e"
"retired-repo\data\funds\civg\fund_config.txt","791","fb83d48dcba6ef3bff2797f62d72cc311a69c66fe20ea142359284683d7e8849"
"retired-repo\data\funds\civg\security_master.csv","43859","e54fdabc33a71294a7e3bf2a6e48c469c622a15e7bef3871f330a1a623cad6fc"
"retired-repo\data\funds\cjun\filings\2026-06\debt_securities.csv","126","f8c62af2c8d10c184a45a5c654c8c1edca52523cb9ad0184bb5d675c2e2c8458"
"retired-repo\data\funds\cjun\filings\2026-06\derivatives.csv","836","d0e014137b7dcdb0727b597c47b8e826b5a4d1e4cd170938479673d2075b4d8f"
"retired-repo\data\funds\cjun\filings\2026-06\filing_data.txt","1826","a6bbd62ddfea62af3d4d0c84507660691537eabfc4cf601b7bf6904f44e9a8d5"
"retired-repo\data\funds\cjun\filings\2026-06\holdings.csv","1368","22c1ae3dd876c5f616e1c7d7f8308334057f38393dc0a0c64a188c603b9b2a2a"
"retired-repo\data\funds\cjun\fund_config.txt","800","0b80af42b2b0f69958a4793282132b6b1ea2256a949defb07754caa5e4e755de"
"retired-repo\data\funds\cjun\security_master.csv","2259","4ba7736db6c4d1b5489b9bcf6899f2586867a90dc65a324b2e68e7835c740b96"
"retired-repo\data\funds\cmag\filings\2026-06\derivatives.csv","2177","f44ef22ab586421e90dba563cfc31040c90950fe7957c64fc5aad7be7f73d9bb"
"retired-repo\data\funds\cmag\filings\2026-06\filing_data.txt","1278","39f2356e12023b7723bca6a60d394795662ce13954a4dac99fb0d43b92e35374"
"retired-repo\data\funds\cmag\filings\2026-06\holdings.csv","2891","dd146d3b5f7b276d8b761ad53946bbb12d9aa01e97506da9cc3da8984e95c188"
"retired-repo\data\funds\cmag\fund_config.txt","756","d06559ced74e1f5df484d7235853d18b0577fb776e7b3eb38c2eef24bd17b4e9"
"retired-repo\data\funds\cmag\security_master.csv","4834","a01b8bd64434475e8bd94b616e47b4311af7cbfec72e7dc4fd4b1274537b0025"
"retired-repo\data\funds\cmay\filings\2026-06\debt_securities.csv","126","5cfbbeb3020fc11bb99fd1bcf9f0776fc88002b13e5777125341196795abb219"
"retired-repo\data\funds\cmay\filings\2026-06\derivatives.csv","839","24c2be40e2b3ad9b2944ff7f603a271a863ea24e4409b06492a5849b4c7d3e53"
"retired-repo\data\funds\cmay\filings\2026-06\filing_data.txt","1856","eb090e95d68ff8310dac0c9a7ba8498cd585f2c26780eced2735e201e20c80b1"
"retired-repo\data\funds\cmay\filings\2026-06\holdings.csv","1377","c3c7e37a4256fae129ae9f34c25f0d3f58e120127c1cc390d10cc3b0e7b70473"
"retired-repo\data\funds\cmay\fund_config.txt","799","b69dcab7cf47a3fcebc1816ea66dbe6a28088a3dc24c2943ac67813b64671376"
"retired-repo\data\funds\cmay\security_master.csv","2266","107973face717c7233091f36034f87ff432e5408890fa833b76836be60173c27"
"retired-repo\data\funds\cqtm\filings\2026-06\filing_data.txt","1280","f92e68422be0341c0ab54a2897aec1bf38d3417bf766ee43188ae4a52e07f8c5"
"retired-repo\data\funds\cqtm\filings\2026-06\holdings.csv","3005","ef6ab40c91a4e080aaab9f59c4226cb7937e9ee3dcda7333c073f709e028f9db"
"retired-repo\data\funds\cqtm\fund_config.txt","768","056f20f8759f3813a3a1da7d3ee413b4690bfeb47086d62d3c8b85314e26988e"
"retired-repo\data\funds\cqtm\security_master.csv","3528","d37f579884b110ddf4575f28eb9144eb13b43a772978b3ecc3b9441c5f9355ea"
"retired-repo\data\funds\cruc\filings\2026-06\derivatives.csv","576","f350c109054d95d555e37403e219e768ea7f7f2eb968a56e60ed2d49914ef3a1"
"retired-repo\data\funds\cruc\filings\2026-06\filing_data.txt","1246","6aebe488f201bd4b41d0303b72612b5d370d74aad338896dc7208e4da5cf3b68"
"retired-repo\data\funds\cruc\filings\2026-06\holdings.csv","644","564822fdf483ff5551cd498ce37c0086f3121862dcf7e43e222427d18becf0f9"
"retired-repo\data\funds\cruc\security_master.csv","1224","c89157d34befac7cde34c093fb287f3ee1d4ab9fb1dbb437e6760c7e0b69f1a4"
"retired-repo\data\funds\ctjn\filings\2026-06\debt_securities.csv","126","f8c62af2c8d10c184a45a5c654c8c1edca52523cb9ad0184bb5d675c2e2c8458"
"retired-repo\data\funds\ctjn\filings\2026-06\derivatives.csv","837","1cd90981f1c57c48529711b62be3035fe385bf222a1d45d2b2bf1a85d2e5df8e"
"retired-repo\data\funds\ctjn\filings\2026-06\filing_data.txt","1823","2624bb83fa2f1b63f044f01e0e88ad919d3159ec4b8b64d894f72500d7fd6b72"
"retired-repo\data\funds\ctjn\filings\2026-06\holdings.csv","1371","b64cfdf90545731c9c96c7fa6ddecd8ef96ab89af92e291dd1a324585b353ce3"
"retired-repo\data\funds\ctjn\fund_config.txt","800","4a8759c7fec2d42c27ef71b2cedf5ef962766f9ababa5035a84d8b377cdae125"
"retired-repo\data\funds\ctjn\security_master.csv","2260","3ce45ac3eca86da11d120287afe8c9869923abe071df17292978b5d438c7aa69"
"retired-repo\data\funds\ctma\filings\2026-06\debt_securities.csv","127","992a538c03ceb25a687fa39ba6abf204feb7aad961b3673ca1426bf1992822f1"
"retired-repo\data\funds\ctma\filings\2026-06\derivatives.csv","838","5f5634096a19259a1ddfd32fa7c0cfc2c7cd1c73e19928536b3f1791a1a7798d"
"retired-repo\data\funds\ctma\filings\2026-06\filing_data.txt","1832","7c5f891e9fd94070bdaa8e229ca6cd9cc1d2d3425ace03a5bc083a91ea984eed"
"retired-repo\data\funds\ctma\filings\2026-06\holdings.csv","1376","d678881b38b9612002afb401e869725305c06de3b736c5edc93f876f76330e96"
"retired-repo\data\funds\ctma\fund_config.txt","799","20c52122d9fb545ed8ca3823395c5534ffad956c4ccba328567fafddf0b8511e"
"retired-repo\data\funds\ctma\security_master.csv","2267","a034245375c4b5c47a76d65b2cfaa206ac88049e75ea82b1de70e9a3a1fce9f6"
"retired-repo\data\funds\cust\filings\2026-06\debt_securities.csv","3736","e27e5496c893fe6299165ca9fe36957935ce292cbbb083447770a9dcf4fdd060"
"retired-repo\data\funds\cust\filings\2026-06\filing_data.txt","1858","97fda7833b51c55bd5fc5995950d6b7d0832a4aed6b658d58fbffdd4a75fcd26"
"retired-repo\data\funds\cust\filings\2026-06\holdings.csv","18939","cb5296b96487f042b8320c1152e0713df2f7eca2c309a478f9e3ebfcd76915e9"
"retired-repo\data\funds\cust\fund_config.txt","773","1c17363cc9f0ceaff90285566a78b96625493ce86367c41d9528747d990cd166"
"retired-repo\data\funds\cust\security_master.csv","21850","4acdc9021975929a7b24e49c95f87b2efaedfe2ca64cf4f6dca45ff04e1e7276"
"retired-repo\data\funds\dipr\filings\2026-06\filing_data.txt","1273","b6f9b5edf3e80a2ffa09ab0293c2bf9a9b61b6508f76f725fecc6c202217139a"
"retired-repo\data\funds\dipr\filings\2026-06\holdings.csv","4766","b52f88e949358a2a92d069a56d8b49bb020ce5176af739da7579cc21dd52b3cf"
"retired-repo\data\funds\dipr\fund_config.txt","783","9b83abad1a4ae67ca419d7a4a3531692fe0a53112c3d21843d33ab2af2da04f9"
"retired-repo\data\funds\dipr\security_master.csv","5413","71cab532dccac38a90cc70b553342464a1a25bef276841d1cb8690ada2b012f0"
"retired-repo\data\funds\dock\filings\2026-06\filing_data.txt","1249","9eeea2d0ef7cd3c5ab22fce0e789c505d9f47c583d8f91742b22717d7acdf29b"
"retired-repo\data\funds\dock\filings\2026-06\holdings.csv","7260","83fe26e99cb32694a02a3f1deb8e07edb5fb801dcbf424365ce8d5a66e70d792"
"retired-repo\data\funds\dock\fund_config.txt","772","ba4db99f288b16f712007a2319697e46f26cf6c97a4520a57cebbb0f8e8167cc"
"retired-repo\data\funds\dock\security_master.csv","8115","e81ec52a269a03f0967e652b65873ecea81dc1bb6b75aba61b7253e468c3cad5"
"retired-repo\data\funds\emjn\filings\2026-06\debt_securities.csv","126","f8c62af2c8d10c184a45a5c654c8c1edca52523cb9ad0184bb5d675c2e2c8458"
"retired-repo\data\funds\emjn\filings\2026-06\derivatives.csv","888","d48194672af7ae3f4ff86d77d533d8e6c4689265cbad5afd6e5e19674b4f814d"
"retired-repo\data\funds\emjn\filings\2026-06\filing_data.txt","1841","ce8794928cf5ca3a463101f27e253d8a1f69975760e95988a62c883226c2fe52"
"retired-repo\data\funds\emjn\filings\2026-06\holdings.csv","1359","c6a00141004256b0bbbf9d1e2c4b17a5a733eed457f40028bb2aa7a0878d68d3"
"retired-repo\data\funds\emjn\fund_config.txt","812","0f54bfb92a3e0dbef0f6629ffecf626639985c0ca769ebef51d649ba4d063f6a"
"retired-repo\data\funds\emjn\security_master.csv","2307","b7d729888611fca7ef5257a7592f59db90428cb139c7ed16a3e61fe3fa563c2d"
"retired-repo\data\funds\emmy\filings\2026-06\debt_securities.csv","127","992a538c03ceb25a687fa39ba6abf204feb7aad961b3673ca1426bf1992822f1"
"retired-repo\data\funds\emmy\filings\2026-06\derivatives.csv","890","6f92b23deef51985b23c299ed8b1534c085dee76671a64918f2b0a9a2c192d99"
"retired-repo\data\funds\emmy\filings\2026-06\filing_data.txt","1873","a853417205781c423a724228adddeeea4553f5f12821df04952ff9a8da386c49"
"retired-repo\data\funds\emmy\filings\2026-06\holdings.csv","1353","74fd5d6fbe1d0f5e83e0c0a86814254e997b01dfe5b81c5a8812165ebb3af45d"
"retired-repo\data\funds\emmy\fund_config.txt","811","608afb16b8e1f0de43b29c16c46a550bc801802a332d40c3e517eae9fd14676f"
"retired-repo\data\funds\emmy\security_master.csv","2308","d5d2cf2f076cfacd3f11df0f5833e6d91f0c55d0cede2dee592119eb44c8a1e6"
"retired-repo\data\funds\emxx\filings\2026-06\derivatives.csv","628","bdbfe1cec0fa8c6c4a0e45d1c088d19dacff44834f75c63066c1e6bf0c8977e4"
"retired-repo\data\funds\emxx\filings\2026-06\filing_data.txt","1263","7950bc4eed420f1243b314473fd3af0b046c3004fd4ab18d26ba69f4fe2ff6b0"
"retired-repo\data\funds\emxx\filings\2026-06\holdings.csv","671","6ac3633bedadd03a2ce4bf43bde3f445ac69cdf03d26a702cd726dd7db20ce2b"
"retired-repo\data\funds\emxx\fund_config.txt","776","130ecd5758860709c35fbe69caa0fd35c7d06ce98b7710d3755be5b72c98de92"
"retired-repo\data\funds\emxx\security_master.csv","1282","68852a8712dba99c8a3fc12d7ee518fb9364299b4939cab3cc2fa18acef1330f"
"retired-repo\data\funds\euv\filings\2026-06\filing_data.txt","1313","421b518751e9114d43c3db1f209af4ba13b9658a77e0cc4838d34b81759ecd67"
"retired-repo\data\funds\euv\filings\2026-06\holdings.csv","6345","674460235591c541da6e3b2d14db34685bc3dff4ceb5c0d1cf40a99831161f60"
"retired-repo\data\funds\euv\fund_config.txt","787","9a0512faa7e6e3c323d9112fd84ea28708522a2b226a8434bbbed8ddfdfd55b0"
"retired-repo\data\funds\euv\security_master.csv","6951","e3224b20700d6a2768c4f397a4b7906b6732fe51d3cd566fde72ac16a438a756"
"retired-repo\data\funds\euvx\filings\2026-06\derivatives.csv","609","81802885db316831ec050afd130a6030b6448bb7af6bc15a989e9808f915d2af"
"retired-repo\data\funds\euvx\filings\2026-06\filing_data.txt","1264","a1384ab973d7636dd7886f2a35f77620e98d0269c41ed902635afa0f9e3fe3a6"
"retired-repo\data\funds\euvx\filings\2026-06\holdings.csv","659","f32b9f26c3be72c18cdd442ad41012708b11f121e7304d0ffcfbd2af68276c61"
"retired-repo\data\funds\euvx\fund_config.txt","797","4cad7ea3373a122b2be1430732c6e0a4ae7bcdaa82c2a46176216f50ec65f82d"
"retired-repo\data\funds\euvx\security_master.csv","1271","32c3443cdf00b0d37930651c3eab9028684a71c07e016d24f31f9e88e4816dca"
"retired-repo\data\funds\eyes\filings\2026-06\filing_data.txt","1271","2ce626f2fe1859338baf72b6bd5dec886c986e1529618a0ce5878557ca36de99"
"retired-repo\data\funds\eyes\filings\2026-06\holdings.csv","5504","492575c29afc18ff93682864e134ef1c261233e83f9d7ef312b40cdf0161de30"
"retired-repo\data\funds\eyes\fund_config.txt","770","77bed0c04d67fcf7e46c79d7f3fe27f196e176eba4c2a26d3cfa91894f540f2d"
"retired-repo\data\funds\eyes\security_master.csv","6220","2f3ace7bd0ef68cddf878a3fafab5069af2bf67f59049f014ede9cfd7dc53ca0"
"retired-repo\data\funds\fdrs\filings\2025-12\filing_data.txt","1574","917113803e11b0b1a16b71a0a6e5418b2bc78a7594cb5280a48a750fee20025f"
"retired-repo\data\funds\fdrs\filings\2025-12\holdings.csv","9194","df970841e613a8e480917b37f9bfaeefa242d6b50405eaa62e84996965d84a6a"
"retired-repo\data\funds\fdrs\filings\2026-06\filing_data.txt","1340","b5de94fe59763e8c49b38138f3748f879509fa90da161a4d91f104511de8b2c5"
"retired-repo\data\funds\fdrs\filings\2026-06\holdings.csv","8063","8d0aa2214d96270c7ca8f685f9c60807fae2631af8d9f43ff3ed6af2da87f95c"
"retired-repo\data\funds\fdrs\security_master.csv","8806","a23441284d386f2a42eacb9959d7bd818804bfd5aa7f509dd39b0e10d5c2ac2d"
"retired-repo\data\funds\fdrx\filings\2026-06\derivatives.csv","560","0b725f42a3ab49ded3789d603a56e11e413b3883bfb1d0dfb449bc1b3ee7d6dc"
"retired-repo\data\funds\fdrx\filings\2026-06\filing_data.txt","1304","31d18f670db0c072a2de98c9b0bb9b0f3928e72196879742bdb8c8340ece8df1"
"retired-repo\data\funds\fdrx\filings\2026-06\holdings.csv","624","3f49ee610fbe2e70a011673899865c8f65875b08d3fa2e36b99aa2336802cd18"
"retired-repo\data\funds\fdrx\fund_config.txt","765","bd246852f4cf4bc1d62e5d8d8d05c4978782435bac2ffeab84c87089e829a4eb"
"retired-repo\data\funds\fdrx\security_master.csv","1214","b4af9f88209f16dea93f57078d1816841ab5291d09459340fd13e9d601efe816"
"retired-repo\data\funds\FILING_TODO.md","535","c2d59845e087e3b252deda45a065f561c56783acf4aa2c8fa5b12488414160c6"
"retired-repo\data\funds\gasz\filings\2026-06\filing_data.txt","1279","aeafe4de09176140e0979bbee515bab2250507d88a454a37f3a368c05e593140"
"retired-repo\data\funds\gasz\filings\2026-06\holdings.csv","3638","55f721fcbc9cd222be95419ba46aa78438cc1fc995856bdc97c0e03bf7f5ca5f"
"retired-repo\data\funds\gasz\fund_config.txt","779","875a55c8aaea997a98c461aeb786ecd9fe63f7b69eea6224bbeea752d7b57a59"
"retired-repo\data\funds\gasz\security_master.csv","4194","31b094da151172472adaf398e4c67813c19a6c538aafe13828a8524dc90a57fc"
"retired-repo\data\funds\glam\filings\2026-06\filing_data.txt","1264","88e346cd05f0939bbe9adfc133ba0abf750e2bf6db016951bb2ed2dd4540455d"
"retired-repo\data\funds\glam\filings\2026-06\holdings.csv","4153","9b5a07f28ca4d2d687a40516b75f1ebe7f3d425ebc8dbfebab1a988a7c1e9fd5"
"retired-repo\data\funds\glam\fund_config.txt","780","626c3e8ff87d0e9413114f446320f00ccf773698fae8d55e5dbe865674704a3c"
"retired-repo\data\funds\glam\security_master.csv","4790","c48615d8eb451f652abb17fc3ef7e9ab76c16ac25102b87cd66e6a1bbabf3e23"
"retired-repo\data\funds\gnmx\filings\2026-06\filing_data.txt","1262","c04763606b4e7ed78c0a49af620efbfb0bf7263c604e4ff78d061477f1fc6da2"
"retired-repo\data\funds\gnmx\filings\2026-06\holdings.csv","9236","a115527d3e7e45ee65e5ed943f3264fc26ae3b6bca9c9d22f4fde297afc2f2a7"
"retired-repo\data\funds\gnmx\fund_config.txt","780","9462f99e41bec6c0777fda4674c22fe9b0ff11378aa3f2156c53acfeacaf1419"
"retired-repo\data\funds\gnmx\security_master.csv","10216","a0b3fd5829e702f3b643b886b73da9849694e6cda58172ba7d635debb5927f8a"
"retired-repo\data\funds\gptz\filings\2026-06\filing_data.txt","1249","8960d8bf0e8e8701a9646ba1d7f55d935b2926d0abd906e6af483a93a549d54b"
"retired-repo\data\funds\gptz\fund_config.txt","739","27c448e275a12f140244828824632ef9e8a5b6fd48c0615473b71aa7decf99d8"
"retired-repo\data\funds\gptz\security_master.csv","64","10702d3b442d438636812fb87ec74b993e4201fb7939a86c5327c2bcf2c23e00"
"retired-repo\data\funds\hjun\filings\2026-06\debt_securities.csv","126","f8c62af2c8d10c184a45a5c654c8c1edca52523cb9ad0184bb5d675c2e2c8458"
"retired-repo\data\funds\hjun\filings\2026-06\derivatives.csv","677","38e456ac94cb15c377e869772f35a674b82924931b0ac327c3846fa34056afa7"
"retired-repo\data\funds\hjun\filings\2026-06\filing_data.txt","1825","6d3a6a95cc900aa919a8a28f97b0c5a079846816c8a3343857bd67ae734398eb"
"retired-repo\data\funds\hjun\filings\2026-06\holdings.csv","1184","5a84ad118ce1747cc468efa0508a159f2276c57e32770a252fda6544872a73b6"
"retired-repo\data\funds\hjun\fund_config.txt","801","5f8d4699bcad2762fd2e2f7e9c95aacc8e76580d17f2d20663c349e784c10947"
"retired-repo\data\funds\hjun\security_master.csv","1952","c3c714a8dd679e14d7619f017e7ca267304e8874cfb1e87306f49e085103af5c"
"retired-repo\data\funds\hmay\filings\2026-06\debt_securities.csv","127","992a538c03ceb25a687fa39ba6abf204feb7aad961b3673ca1426bf1992822f1"
"retired-repo\data\funds\hmay\filings\2026-06\derivatives.csv","678","5ba03faa6ad4d70ef8cc34f740976b113de90feb0a16085a7df52016a14f7948"
"retired-repo\data\funds\hmay\filings\2026-06\filing_data.txt","1837","45052cf3c1c55965ac4a062b8d9e4017ae063a2dcd0912e9a17016da631c6ffa"
"retired-repo\data\funds\hmay\filings\2026-06\holdings.csv","1189","3fd64de897d2f1c20228bff5b5553a927df6faa946cac072e88aadebfaaddb03"
"retired-repo\data\funds\hmay\fund_config.txt","800","06a63dacc49aa5bf543caea8dbb534075ac3af2841ec245cb56fe71e4ebc3a1b"
"retired-repo\data\funds\hmay\security_master.csv","1957","14ab5c7b90dbde3b39ffaa52dc5fde345921c8dff1330fc3d553bc692424af2e"
"retired-repo\data\funds\hull\filings\2026-06\filing_data.txt","1264","6d240abd66b49353e77cb0496e4f74c98843eb7e62786f61ccf4062b875ad227"
"retired-repo\data\funds\hull\filings\2026-06\holdings.csv","6771","f6b6b8604f72ace5cc8c1b5ff3dee622b06e423b66e65c7fa56ce8a17122b29e"
"retired-repo\data\funds\hull\fund_config.txt","778","00ab4cea6f7b0da61843d63155ca7f6a922414ad637e112818e056df01c7dc0f"
"retired-repo\data\funds\hull\security_master.csv","7712","a6919c1dd9d184d7ab7bb6f1bb7adbaa6c1da16a4c44f387b872d78dbcdf8b6f"
"retired-repo\data\funds\idjn\filings\2026-06\debt_securities.csv","126","f8c62af2c8d10c184a45a5c654c8c1edca52523cb9ad0184bb5d675c2e2c8458"
"retired-repo\data\funds\idjn\filings\2026-06\derivatives.csv","845","3e6832a2cf7d9d78bb1a620464b0c33347a18b0a806f07108f570157077b5a12"
"retired-repo\data\funds\idjn\filings\2026-06\filing_data.txt","1832","66b37201da572869fd3086e4ea1a46070da6fabdbe9cf275fd4391ccf1324330"
"retired-repo\data\funds\idjn\filings\2026-06\holdings.csv","1360","e1a0968635c896cf04ede88a8430af2ddb691dc916414074c58a1005983f3afc"
"retired-repo\data\funds\idjn\fund_config.txt","819","9166542b06cf8983243601f8882548bb9c757ab9c122546904a5ed32cb0bb49f"
"retired-repo\data\funds\idjn\security_master.csv","2265","cc587eaa6daeda08e07c304569fdad46e119e190df27d04e69a1322945c0006f"
"retired-repo\data\funds\idmy\filings\2026-06\debt_securities.csv","127","992a538c03ceb25a687fa39ba6abf204feb7aad961b3673ca1426bf1992822f1"
"retired-repo\data\funds\idmy\filings\2026-06\derivatives.csv","848","56b8946f0f1712e615a1420d31b3688ac1ff1f52b371ee36ad532abcfbb76421"
"retired-repo\data\funds\idmy\filings\2026-06\filing_data.txt","1841","11d97ee77ce504c445eaccaf5266cb7304626a16ddabb862620f141fc9705e4a"
"retired-repo\data\funds\idmy\filings\2026-06\holdings.csv","1371","31550710258ad03357f64770728d8d9b8202885235c2863e278f7f50704ad8f3"
"retired-repo\data\funds\idmy\fund_config.txt","818","ab64a4a5e4d85fb9c0e8cb26e772dadf6937a00b306fd3b979c01ae31249ccbf"
"retired-repo\data\funds\idmy\security_master.csv","2272","553aa75970d5c40db1939d6e870dc7a36015182c951c2af400162ff964c2c0e2"
"retired-repo\data\funds\joul\filings\2026-06\filing_data.txt","1274","f9868a151e4e7a7d726cd1d9cdb81ec487468f21124a3d43ab269d9b18342bc8"
"retired-repo\data\funds\joul\filings\2026-06\holdings.csv","3298","f177f24c556bf38f125e9cabaf3556c8859fb24dec36c2915929502641f4c930"
"retired-repo\data\funds\joul\fund_config.txt","778","722d01529be1cceaf0c4d9134d0e565a8c5d0fe82f7b93fcc6b17381143e4336"
"retired-repo\data\funds\joul\security_master.csv","3843","f08ef4ab2a91b1feaefd39889b8f9e92f2c51452e3578c2f5c9899de9b54a4c2"
"retired-repo\data\funds\junc\filings\2026-06\debt_securities.csv","126","f8c62af2c8d10c184a45a5c654c8c1edca52523cb9ad0184bb5d675c2e2c8458"
"retired-repo\data\funds\junc\filings\2026-06\derivatives.csv","837","13378cfe84e3630fa7f837fd67c2e2fcf6e0e720f23134fde6c0d237b0b82966"
"retired-repo\data\funds\junc\filings\2026-06\filing_data.txt","1825","3ca01e9a4708208d972fc97e14f3a2f91bc19768c367ff050f8b5a20b9fa635a"
"retired-repo\data\funds\junc\filings\2026-06\holdings.csv","1371","a34c6f0e7d1a9147f0784a74fd64a910a1747f1d1abebabe5461bbe8061917b4"
"retired-repo\data\funds\junc\fund_config.txt","800","eed0736956fb5e436a7aa45d724d6235653e219993c4fd649ef2afd5d42a610b"
"retired-repo\data\funds\junc\security_master.csv","2260","6df60ca1200c61ff5538289294c1d33a31ca2cdfb2cf1074b54a413c131187f2"
"retired-repo\data\funds\keyx\filings\2026-06\derivatives.csv","604","15094d661d492fab3f39228acaf2249b6c669c07bf9271dd434a46062cb84baf"
"retired-repo\data\funds\keyx\filings\2026-06\filing_data.txt","1246","238a891c290542b45c6270452dc3828ce560c9dc7154bd5a3d36091a201fd416"
"retired-repo\data\funds\keyx\filings\2026-06\holdings.csv","655","91192e7d1066526e6c54147d54af1a0508758bed5c5bcb0d862111a3b7497f70"
"retired-repo\data\funds\keyx\security_master.csv","1261","9a7922dc0941e0d2bc8e8743c49e9fad09c9f14363a1a86c4b80addf0024c7bc"
"retired-repo\data\funds\krwx\filings\2026-06\derivatives.csv","904","0ec37c955af95a5e1c1e2b37ddd9790f1930f9fa170bcb432ada91b53c554097"
"retired-repo\data\funds\krwx\filings\2026-06\filing_data.txt","1274","36b0e14b7e18f8ea8cba019fe00ea63db648fee746bd3d05f279340914e4532a"
"retired-repo\data\funds\krwx\filings\2026-06\holdings.csv","868","613f7741f7335a999cc3cb8d8df1b8cedc05078fd7ccf64d8e7ce19c587d8a1b"
"retired-repo\data\funds\krwx\fund_config.txt","771","2057bfae438b7b62da06bd43d467b9c2b935999e0f36600df386245e0b55582f"
"retired-repo\data\funds\krwx\security_master.csv","1742","57b71a0e7d4edd4ca27537cc6854a79f74cbe8f88adef65727d647ef402acd27"
"retired-repo\data\funds\kyc\filings\2026-06\filing_data.txt","1261","df14f38f2abdbeccd478ea07fda95e6c28225f0b623bc072322851f2e2497267"
"retired-repo\data\funds\kyc\filings\2026-06\holdings.csv","8557","c9ba50b5551567f6121f66361c800739cbc9e36f784b734a58762bf5d2c24e13"
"retired-repo\data\funds\kyc\fund_config.txt","790","d62e2c7ad3350129f06d20916b63ea314064c9b6066a00d776c1b4888962a910"
"retired-repo\data\funds\kyc\security_master.csv","9498","771a2784c54f71ddd3a6eec41831902fce8f0322fa42529a41ad23ab412d1c4b"
"retired-repo\data\funds\lasc\filings\2026-06\derivatives.csv","560","8412ff5f9a7091bc7601031a620fb5d6422b4ae7aca33d26b1fadf5ba0dc7079"
"retired-repo\data\funds\lasc\filings\2026-06\filing_data.txt","1247","384b2a225ad3ab3577fb91f8535905e34f4d4c462e465bbccd0659da83d4817e"
"retired-repo\data\funds\lasc\filings\2026-06\holdings.csv","641","b871368271b439c9ba906784aec68fee3c5c1441b9de78a6de7b14a23987799b"
"retired-repo\data\funds\lasc\security_master.csv","1204","aba01ba96d69308bae7e20464bf3bfa182df8743d7c0af49cd60273d74aec437"
"retired-repo\data\funds\latr\filings\2026-06\filing_data.txt","1260","ffa05ce6cd18e9cf56e2c0f9d25f2b641998d90816317b96b0b3e68ea14ae3e1"
"retired-repo\data\funds\latr\filings\2026-06\holdings.csv","3454","679dac9fad9e0a9c95478b0fc9d79fd00ea246c95bf5db49096efdeba2862540"
"retired-repo\data\funds\latr\fund_config.txt","768","731a4f6841712806ba629183eac6246878d7c16d127ec9e40bafdaf0c1b1a786"
"retired-repo\data\funds\latr\security_master.csv","4045","247ad785bf219b3ed303caa572f90ba2e38907e352ed065404da71b9c36584d0"
"retired-repo\data\funds\leveraged_etf\filings\2025-12\debt_securities.csv","164","8b2998a47f5b4f7a816a741aa7c1d278e2eaa3771dfdf5f07d267d5c95f525a1"
"retired-repo\data\funds\leveraged_etf\filings\2025-12\derivatives.csv","1089","e7171348ee07547279523bdf2749579fd0cf68bb3b9a5268b5fca9a9382c7126"
"retired-repo\data\funds\leveraged_etf\filings\2025-12\filing_data.txt","1172","0fb687d6b600116b3ad551fe1adebc9fecae0dbb25ed826bb2e7d3352fa28e76"
"retired-repo\data\funds\leveraged_etf\filings\2025-12\holdings.csv","1229","672f9689d87af507a4375de94d54726d4507662d1a61e8894dff6164a8f02543"
"retired-repo\data\funds\leveraged_etf\filings\2026-06\filing_data.txt","1151","661f9f130746bb13e758aeda0bddf8a52ab3fbd53bb4a449906e6d1cc2455ad8"
"retired-repo\data\funds\leveraged_etf\fund_config.txt","646","e6af819a7958db3c19d14f36b73538c0ce99927c0275dbfc4ab964367a755cec"
"retired-repo\data\funds\leveraged_etf\security_master.csv","1822","a7a9cad5bdda63793ad383b8e7559eae48017b13bc0a7e512c1ab1a18317cb56"
"retired-repo\data\funds\lrnx\filings\2026-06\derivatives.csv","558","6b5610d4c337464cf9acac1a1c4f36907b62605d800f3b716f75abb8bb279187"
"retired-repo\data\funds\lrnx\filings\2026-06\filing_data.txt","1245","1363e3869ddc791d9f3e22e4e77bd4ea134257beb4f61a6506af1b657304b6b3"
"retired-repo\data\funds\lrnx\filings\2026-06\holdings.csv","638","931d1ff522383c121cd0ca9a8f62ecd7c8154846ba9ca5a3ac94800b5ee67a4d"
"retired-repo\data\funds\lrnx\security_master.csv","1200","bef5c5d65d6ff1ee93b241785a96561cc28119b134d8e44c9512612a8bff6de0"
"retired-repo\data\funds\mayc\filings\2026-06\debt_securities.csv","126","5cfbbeb3020fc11bb99fd1bcf9f0776fc88002b13e5777125341196795abb219"
"retired-repo\data\funds\mayc\filings\2026-06\derivatives.csv","839","48b1f6becb6eded9d93c2be70f0881bde8d1f028197e0f6533d4ce6770508826"
"retired-repo\data\funds\mayc\filings\2026-06\filing_data.txt","1849","9af9ad5f502943f1219f2a492403c41f6c4dedfb95811c3a7f33058c03a7a175"
"retired-repo\data\funds\mayc\filings\2026-06\holdings.csv","1376","5a648e9f0a41a8fc5749645f2a770c2b489bbc2c21ef76a8cd94a4e1e96c39ac"
"retired-repo\data\funds\mayc\fund_config.txt","799","20afbbbaa1fa37600cb893252daf095af0016ac558d46df91355e59aa441ebfc"
"retired-repo\data\funds\mayc\security_master.csv","2267","976d34babc69f5a56e51aee1dab4548099809a4750cae52d82c702bbeda18403"
"retired-repo\data\funds\mgkx\filings\2026-06\derivatives.csv","622","3bcbbf51b6fb25525ffff8057e534450ea02b95abd2b0af501182b0125067601"
"retired-repo\data\funds\mgkx\filings\2026-06\filing_data.txt","1250","cac67a50c88fd8a86c056369147180c0ee1a317822bc59293c8c02d5eadf1558"
"retired-repo\data\funds\mgkx\filings\2026-06\holdings.csv","664","6b1bce2b2b25d8d766c3cea98b6497849ce1fc2307997c6766eb6f32bcbab1c4"
"retired-repo\data\funds\mgkx\fund_config.txt","780","d0d38ec8ee84f57d764c266561ef7069ea4220cd2120fadccf8fff9519971792"
"retired-repo\data\funds\mgkx\security_master.csv","1283","0da191d76e782d00c23330e72f3e3ddc7679ac62267e4c2be1f06268b3e6cdfa"
"retired-repo\data\funds\mnsx\filings\2026-06\derivatives.csv","597","903262061bf1a0ecc4e9fed1475fa9e3c14baceef6830979eabe243fa524efd6"
"retired-repo\data\funds\mnsx\filings\2026-06\filing_data.txt","1244","8aeb52c3e8160449200fcdbde0c0544eac5f7a84637d4a890970e757e3ae53b1"
"retired-repo\data\funds\mnsx\filings\2026-06\holdings.csv","651","ebbb38cb722a1a1df0fd9702677a07742ba8c2ab2bdbf6d0d19174f0c8192185"
"retired-repo\data\funds\mnsx\security_master.csv","1246","ba18b25ab868e4f055c3abb169abd497d46486a187fef5b71ce3c10d8ebd45f9"
"retired-repo\data\funds\msix\filings\2026-06\derivatives.csv","594","3b76e98864e7e75a999c5678f2dc5a45bb85de5cc78d28e995a30e66914da9f2"
"retired-repo\data\funds\msix\filings\2026-06\filing_data.txt","1245","4aede1346b1f3d0d9e47c99fe1a20f34b4244eba32c4bf17971c96af06b9f5c4"
"retired-repo\data\funds\msix\filings\2026-06\holdings.csv","650","55891d9a436e8ecd230d9eaeeb294cd78ff8800d986b5b455810631c065bb84c"
"retired-repo\data\funds\msix\security_master.csv","1248","662f8a1d11705ed8eb382c9cf1a382bea89924bcbdc2ddf9023bf6e6dd20d034"
"retired-repo\data\funds\nyny\filings\2026-06\filing_data.txt","1261","a60b5c7e67a7376f1124badaf035fb1e25476b7b512059c2738cd42cceb4d33b"
"retired-repo\data\funds\nyny\filings\2026-06\holdings.csv","8900","a4c958baedb51d46ecb92e6ff566376cb4d11e6899cd8ccbff9da370dd86f183"
"retired-repo\data\funds\nyny\fund_config.txt","760","dc35f692df6a0cd22cc419d3b22d93bcae2aefc257b00077558ce777226c86dd"
"retired-repo\data\funds\nyny\security_master.csv","9852","01f72182eb3552b298fc46aebedaedcf102f272a8bf0fedb45d7ae765706872b"
"retired-repo\data\funds\oddz\filings\2026-06\filing_data.txt","1269","916a0448573854346cfea8c5abf212e776301767cb3d5d828346042292a5c250"
"retired-repo\data\funds\oddz\filings\2026-06\holdings.csv","4063","329e417b07ef7bfd6ddc42b38b1d2cd9dd0c67c35cce61c03b0a169f98af6120"
"retired-repo\data\funds\oddz\fund_config.txt","776","c4e8bffea5dcdb3964f7b7d3268963f6072b3653ee45f4f91098c9d85282b3d4"
"retired-repo\data\funds\oddz\security_master.csv","4720","031f086140ada4c56243773a63b47f606962f4d5037f92d55db81dea60baa698"
"retired-repo\data\funds\ontx\filings\2026-06\derivatives.csv","579","d01c8ddf25d5566ddcfd7fb4df00e84ff96c118213602e959f63271f157cb41a"
"retired-repo\data\funds\ontx\filings\2026-06\filing_data.txt","1245","7040a0322569e003cdcb9ea7a44f2061b1ec54b8379dbe4d7df30d49804b5501"
"retired-repo\data\funds\ontx\filings\2026-06\holdings.csv","643","faef2457aea7424614e3895a624dc9bd486abebeaab47b8bf96af230b3fa8a2c"
"retired-repo\data\funds\ontx\security_master.csv","1232","80c655e8e100f148202dd43b33c36c3ce26b58baeacb5472ef06b77277d40065"
"retired-repo\data\funds\own\filings\2026-06\filing_data.txt","1259","29bd281039d673141b7f521d06f014b4a606fb5020b8f072999b0035ea87d797"
"retired-repo\data\funds\own\filings\2026-06\holdings.csv","15263","26ca6c0884a6662fb026cd1fab2bbdde3decef14293888141fe52afc71cf72ec"
"retired-repo\data\funds\own\fund_config.txt","764","4789613e1620eb57c07685d0548bb8b58b20ec005cc8f033573d37b3ab3b686e"
"retired-repo\data\funds\own\security_master.csv","16633","d3f1fa7b4639c371621e1944be158ca802726056bed17efc898b45e83e928eb1"
"retired-repo\data\funds\ptnt\filings\2026-06\filing_data.txt","1265","89de895afc56eb316248bbe6c17b533456aee06e6cd7efd3ca4daa5f9cb7960e"
"retired-repo\data\funds\ptnt\filings\2026-06\holdings.csv","4805","7a286069a42ad01c781f77876854b9c480a5328e5c3ac0b6881ade97573c917b"
"retired-repo\data\funds\ptnt\fund_config.txt","775","0cbe01ef288a161042d0b7421137f6180c6ae88cc16ec244a09bcb4ec5ae47e5"
"retired-repo\data\funds\ptnt\security_master.csv","5488","c0aa6aa944a5183e06df196e652432075f3f3ccbf9cb1220e61002672e3e9fcb"
"retired-repo\data\funds\qjn\filings\2026-06\debt_securities.csv","126","f8c62af2c8d10c184a45a5c654c8c1edca52523cb9ad0184bb5d675c2e2c8458"
"retired-repo\data\funds\qjn\filings\2026-06\derivatives.csv","849","735b406991fcf0111d315983b8ffd83eb133c6acd79bead068862149f2b791a6"
"retired-repo\data\funds\qjn\filings\2026-06\filing_data.txt","1825","cccb4c3116531b3763b52d786702f2df2e4692ee997ba1bf1bca13514217bef3"
"retired-repo\data\funds\qjn\filings\2026-06\holdings.csv","1367","79268e8bc9c0ea41c80e5e1903d6009d45abb07dcccd744ba899d7aee859c1d1"
"retired-repo\data\funds\qjn\fund_config.txt","805","a7cea6ff9de7cd79757247deff5ef3be2607d23044cc1e8a5bceda19510f889b"
"retired-repo\data\funds\qjn\security_master.csv","2265","2d770d2db8f5e4d803820502da8955fe71d4207ae1ae8a230c98036be9c2bbc7"
"retired-repo\data\funds\qmy\filings\2026-06\debt_securities.csv","127","992a538c03ceb25a687fa39ba6abf204feb7aad961b3673ca1426bf1992822f1"
"retired-repo\data\funds\qmy\filings\2026-06\derivatives.csv","846","39a9d298cd11fcf4982100a5de40465dc3ae28ec33403de40159a04c5ac16573"
"retired-repo\data\funds\qmy\filings\2026-06\filing_data.txt","1845","c69a8ca9783cb5843b150fac4d18b8d33b79614882cc8f604f7c6a0593c0aea9"
"retired-repo\data\funds\qmy\filings\2026-06\holdings.csv","1367","9d549fb7144036d39b2347b5e5faac37352696cc71a3e7f21bbd62c3ba7d71f5"
"retired-repo\data\funds\qmy\fund_config.txt","804","2b751f51a753a9e8989d85d4171a5cdacea2b0bb6f2281d0c2f371a27252bf11"
"retired-repo\data\funds\qmy\security_master.csv","2266","0c649615975db3582158794a666c19c3791ddd4235262b1418bee609de99cec3"
"retired-repo\data\funds\qqjn\filings\2026-06\debt_securities.csv","126","f8c62af2c8d10c184a45a5c654c8c1edca52523cb9ad0184bb5d675c2e2c8458"
"retired-repo\data\funds\qqjn\filings\2026-06\derivatives.csv","851","24badf0ae91bafcfe31bbc702fe489ee98e8f108a80f8f013c9168980c0677b2"
"retired-repo\data\funds\qqjn\filings\2026-06\filing_data.txt","1828","a30adf6f2aa6f1f4b0e7824a28d8caab4298fd0560a39ef5ae8f01dc8717a0ae"
"retired-repo\data\funds\qqjn\filings\2026-06\holdings.csv","1375","47c7fdcb176788f51977eac7156b6aef01a21fb895fec182073eccb56d8addc3"
"retired-repo\data\funds\qqjn\fund_config.txt","806","89e05353704c5fd4eacb1e41c74ff5de65c2b097c865bf9db27af88473ed00c4"
"retired-repo\data\funds\qqjn\security_master.csv","2276","2e98799cf24e5d0751e1b96a10648d7a7b3615afb106d0f8ead30869473994c6"
"retired-repo\data\funds\qqmy\filings\2026-06\debt_securities.csv","126","5cfbbeb3020fc11bb99fd1bcf9f0776fc88002b13e5777125341196795abb219"
"retired-repo\data\funds\qqmy\filings\2026-06\derivatives.csv","852","a85f620dfdd6f1cef156a6769c12c4348c578833a84c316e756869abeed01a0a"
"retired-repo\data\funds\qqmy\filings\2026-06\filing_data.txt","1843","db7bbeba8884756d42531127046cce47f1d8348dc746959759bb447aa84e3026"
"retired-repo\data\funds\qqmy\filings\2026-06\holdings.csv","1373","4d5303770e7abdb6ded947983eed9a26a9b7d34eb74749be02136f354329dc99"
"retired-repo\data\funds\qqmy\fund_config.txt","805","0ea9879bf0d7857e8e1c62f5e46239ed2d962327e81019fdb3920d5e56c3695e"
"retired-repo\data\funds\qqmy\security_master.csv","2278","a2220ed2e5e9f7d11be332c9b46c310e805dae3376cd5d6bf73c1af462e1174e"
"retired-repo\data\funds\rmbc\filings\2026-06\derivatives.csv","554","75d900c052994ec6b6847c6e51181fb1e8d43416b981ccb577043360dd38c0c4"
"retired-repo\data\funds\rmbc\filings\2026-06\filing_data.txt","1237","7a160253d667d9dbec5d90cdd7f104e6fb12cf97dd93d9a11c56f05fde5ff249"
"retired-repo\data\funds\rmbc\filings\2026-06\holdings.csv","638","bf1dc08763a811b6baf03749f91642c68d542f43bea2ca3f5a5c155aadc632bb"
"retired-repo\data\funds\rmbc\security_master.csv","1201","943b059054afacb099148d99897a411ab1d3138eb62cb027a48f69541c863c8c"
"retired-repo\data\funds\scjn\filings\2026-06\debt_securities.csv","126","f8c62af2c8d10c184a45a5c654c8c1edca52523cb9ad0184bb5d675c2e2c8458"
"retired-repo\data\funds\scjn\filings\2026-06\derivatives.csv","856","f23197ce9289694a662337194e465397c15278ae2de813dd8e19f7050dbfd093"
"retired-repo\data\funds\scjn\filings\2026-06\filing_data.txt","1828","c3b2f56f15a82622874471258481911657c1b0d389d7839bdd02749a6d626694"
"retired-repo\data\funds\scjn\filings\2026-06\holdings.csv","1367","17245acf416e13e455652c63707b17a75166d1d95e1d33b7c365fb239f3787a5"
"retired-repo\data\funds\scjn\fund_config.txt","801","4049ad222a925ec622e85c539993819111c0bda88b7af11223c518ce2c806557"
"retired-repo\data\funds\scjn\security_master.csv","2278","1c1c327a024d3c15fae674d8be24d4166063279d2c14011ca7119a226aad7585"
"retired-repo\data\funds\scmy\filings\2026-06\debt_securities.csv","127","992a538c03ceb25a687fa39ba6abf204feb7aad961b3673ca1426bf1992822f1"
"retired-repo\data\funds\scmy\filings\2026-06\derivatives.csv","857","28c1b149a6c433483c0c9fbbe7d64cea4569e13a578af7295bf19a21207015f4"
"retired-repo\data\funds\scmy\filings\2026-06\filing_data.txt","1839","f9d93d0764856b872edccd7a995bdc02e023fc946a25f8eaf830457a831165d4"
"retired-repo\data\funds\scmy\filings\2026-06\holdings.csv","1371","3b9d47889dab15ac8db406951dd8beba8e3b34415b2c98c54bae590dfeff439b"
"retired-repo\data\funds\scmy\fund_config.txt","800","e28f56443f3228aa5240daa52c24ed1d898f9eff6015d8da821a9c425b6cf524"
"retired-repo\data\funds\scmy\security_master.csv","2283","58da19098ccedb34b56e1158741c27c2b716e9427fe2c68f8f1341a7e98ec071"
"retired-repo\data\funds\simx\filings\2026-06\derivatives.csv","624","6089814fc125d5b3948e4963b35772f1d0713e55ed69894f3104f851bfbdaf41"
"retired-repo\data\funds\simx\filings\2026-06\filing_data.txt","1244","3ecb6b7a8b9507c0a514f36deb06cb3949bafc5a8974297d3c8c8b01c89bfdfb"
"retired-repo\data\funds\simx\filings\2026-06\holdings.csv","660","60d09dfdcd4ad57e5ac9de7851c4e069d60cda0ecd79ae922e5fb6b8e8ae4237"
"retired-repo\data\funds\simx\security_master.csv","1278","d20dd4ab4afe9ce5cdad0b2085a4e8c4d5409e241f772343f0ce87a3569ce25b"
"retired-repo\data\funds\styl\filings\2026-06\filing_data.txt","1263","e6971b2db6e96b724787e1cbcdd7d0e19b66d69cb28e2d75ff4ceb90b23fdada"
"retired-repo\data\funds\styl\filings\2026-06\holdings.csv","7260","d816add8258e8f3f79743b74d35ffd0ba66c50906d8f2e9e96f82ec7f0c4a90d"
"retired-repo\data\funds\styl\fund_config.txt","767","9fa447a2b94cd3849fffda4c4e24540fbb4a1f32cfdd8cf653dd6cca90bc3431"
"retired-repo\data\funds\styl\security_master.csv","8136","9547c52203f9592e4eefa44509b215730410880afbbae683deef981fd706156a"
"retired-repo\data\funds\tajx\filings\2026-06\derivatives.csv","592","14226e95e84d7b7154b1248f13ddfb4d3729f4cac4d1c62b66b70fc3b16a9aa8"
"retired-repo\data\funds\tajx\filings\2026-06\filing_data.txt","1260","ba82cdbeae3543e4b9174e3ed3da599c621da7983b4a1480c35c6e8e6637b856"
"retired-repo\data\funds\tajx\filings\2026-06\holdings.csv","649","c39956a7181c892d941a60e7209addba2c63e4dd9342889da4fecd4e61902f34"
"retired-repo\data\funds\tajx\fund_config.txt","765","7979b4b65b943f96fb95149a9fe2655245adf1765a791097978624765e403615"
"retired-repo\data\funds\tajx\security_master.csv","1250","7c736503c6204dc2d82028c1b60d332e2f11d6884ef9134c7a36223615b60fe2"
"retired-repo\data\funds\tplx\filings\2026-06\derivatives.csv","603","6c7b54625798dbb5a9c0d24e6092e64484bea181b7c1c27be860f7a0d8808c63"
"retired-repo\data\funds\tplx\filings\2026-06\filing_data.txt","1246","8cfbe585992b412a4517cecb53558b20df905b9e8b4809cf93f7013ef16fde15"
"retired-repo\data\funds\tplx\filings\2026-06\holdings.csv","654","22fe4ee603bbba331aea1f05201a814fea37ea2d6374878f56a46ecb0cec0243"
"retired-repo\data\funds\tplx\security_master.csv","1255","e4c8d6bc013c5cace02383c6f8de6376a0c7cb6af905efea354d02701193270d"
"retired-repo\data\funds\umcx\filings\2026-06\derivatives.csv","618","dc932b3297c20912584df985abf895b9128932048ec828359a4066e1fbb1ff80"
"retired-repo\data\funds\umcx\filings\2026-06\filing_data.txt","1246","f2e8d76bf8999ff02be5e92c89c24c59ff4a213375a44eb712649706b59cf8a1"
"retired-repo\data\funds\umcx\filings\2026-06\holdings.csv","660","01d63dfa1e72d6726a3177f3209e3a40612fd00f2efac6fb1fc526c2876f0653"
"retired-repo\data\funds\umcx\security_master.csv","1275","e5c2320a8f5f59267e456e92db8bceb5f09f15c6872b8a9e62b548d0a826f116"
"retired-repo\data\funds\usx\filings\2026-06\derivatives.csv","642","1abfc23ec5f1c03956357dde56f8dc3473dd4f84bedbad0477ef3ec14598368e"
"retired-repo\data\funds\usx\filings\2026-06\filing_data.txt","1259","1ac4aede644473d19169ab5ebda09feb89ed840f575f5c1b04016c2b3fbc0edc"
"retired-repo\data\funds\usx\filings\2026-06\holdings.csv","678","fbbdabbca77e0774309cc090d7bd4ce7a72fd83750b098d52917d0f08a463b7c"
"retired-repo\data\funds\usx\fund_config.txt","776","fa18097a026ece484f18d576ef7c2e99fef41a5f4571f4ca69eafe4f5a9da645"
"retired-repo\data\funds\usx\security_master.csv","1287","84bd82102f082039181d68e7561cbb70abab3b83c928fb5925c8e6e1ee496108"
"retired-repo\data\funds\vbx\filings\2026-06\derivatives.csv","625","4c9ca50a56891547f435b38954138cae684697d69f50601c2a3b92e5769c9c8c"
"retired-repo\data\funds\vbx\filings\2026-06\filing_data.txt","1255","4454f69da3e18f8a1eaa69ca2655f5684bb433efdb0078ab705be043cf82e730"
"retired-repo\data\funds\vbx\filings\2026-06\holdings.csv","666","b66c790491d6b4653b55f20ef598acf76bd0e66a66460baaa0b82a170fe53489"
"retired-repo\data\funds\vbx\fund_config.txt","773","6247a7486e3ca505d0bff9129c31e57aa53785288a9d64df7fdb3bafd9c3d226"
"retired-repo\data\funds\vbx\security_master.csv","1276","06cbf473245a632b38397bc04b780d769f04ecdab1962024ac7906ac94f3aef7"
"retired-repo\data\funds\voox\filings\2026-06\derivatives.csv","576","e3026746f5ff95d2530e43df9e84956644edd743b3e6779b6d7d79b7adf6eab4"
"retired-repo\data\funds\voox\filings\2026-06\filing_data.txt","1260","2a7980df13c07b0a06fecb11dc5f24a1421eb23cec4d487857a32d7bc549ddc7"
"retired-repo\data\funds\voox\filings\2026-06\holdings.csv","649","2bf4f5aac5e6dcbd85a03eef215155f84a091c29d62629cb4a118bef95c63b2a"
"retired-repo\data\funds\voox\fund_config.txt","774","b71578e773b0de520863dc66b44fb5f2a8bfa6d02fb6e427a116f70eae25bf95"
"retired-repo\data\funds\voox\security_master.csv","1234","04a90d1a21129a59a42af14c6bd6835ff0a47c4d227e15842da1f4383372351c"
"retired-repo\data\funds\wats\filings\2026-06\filing_data.txt","1271","895b5ebcf971666bf5ba12ebdd4c869cfcb6db2ad9e0e37d0d798d4572cb7625"
"retired-repo\data\funds\wats\filings\2026-06\holdings.csv","3894","28eb4d11d21d22c830e444698ec47453fa3aa6ea7227d3b244adcbc6a657f4af"
"retired-repo\data\funds\wats\fund_config.txt","781","fd58a1ba887a71918b10c056c17ec69af150b55d962bf9f999f2378a0ec8973f"
"retired-repo\data\funds\wats\security_master.csv","4479","8264d6749ee9e549e6bbd3cd01d4daa57db328e043f368ee009238d377357dfc"
"retired-repo\data\funds\webx\filings\2026-06\derivatives.csv","620","05be9c734f82c1071981631671952f4c447d1f52bd7cefa886cb3136f7f204dc"
"retired-repo\data\funds\webx\filings\2026-06\filing_data.txt","1268","3f01382e34b662153f258b3efcccfd1e89357a4491f5934bb98c2ce96d546c1e"
"retired-repo\data\funds\webx\filings\2026-06\holdings.csv","661","2b080707880eb28a664f2437c0fc1b3993683d128f9669845f27f38782e9c5e2"
"retired-repo\data\funds\webx\fund_config.txt","776","2e49ae38c8ca93d7f2a5b56169615ee6f69fbd3a81db3b5bc155614faf250f4f"
"retired-repo\data\funds\webx\security_master.csv","1281","2bb0a2849c23daebeb8a92911dd41deeb59e214cd48f594dbcf6abb70cd2dac7"
"retired-repo\data\funds\wndr\filings\2026-06\filing_data.txt","1260","27d4b825bdb503954eacde50cc976e0eb6a3137285b401881b483bc5ba96c1ff"
"retired-repo\data\funds\wndr\filings\2026-06\holdings.csv","9435","33f0ec903a221fff68a0d3fe53fab6efbc1b8b293d40fefc1dfce93d669aa690"
"retired-repo\data\funds\wndr\fund_config.txt","767","cdf2c62d631506697bf626046c8971efd5d0f054b38f0d9cc39c49592c31de16"
"retired-repo\data\funds\wndr\security_master.csv","10409","a47ac53c5642d7223d573e923886906e799458157464058af6959ad7f9404e96"
"retired-repo\data\funds\wr\filings\2026-06\filing_data.txt","1261","21fff2e8a0baa7e7585c5dbde9a69a48d4a0f5cb26ee5622e6a5e11ae2793692"
"retired-repo\data\funds\wr\filings\2026-06\holdings.csv","8823","618662a0c27c408211960122e6b608aef2f1a33ae093786f0dffd7b70fff1a18"
"retired-repo\data\funds\wr\fund_config.txt","765","c0f6ea1bf385e199774c020395eea54e06ee8f0d3c65e5405884e84435d92cfd"
"retired-repo\data\funds\wr\security_master.csv","9618","82d91bb6f15509671ca630f52d03b1d4bb4ad64186b2b0cda66f03dabdf5e339"
"retired-repo\data\funds\wx\filings\2026-06\derivatives.csv","639","02c37f431714334a2834d4094517c7643544d87829a9a732c7b6a062f3e982bd"
"retired-repo\data\funds\wx\filings\2026-06\filing_data.txt","1261","46f8634739959302fda5bd3d582b51e53dfb1c9a28e73832e71df1d33d5fc05c"
"retired-repo\data\funds\wx\filings\2026-06\holdings.csv","677","168fbd1935d7e908906d8c09bd96c40285bed0ef7f11ab2d84162657f4fbec81"
"retired-repo\data\funds\wx\fund_config.txt","767","0ab23039a4790a78aded345da2fa06e0eb32303f38ecd840c9a7cea8f72cde56"
"retired-repo\data\funds\wx\security_master.csv","1281","178e532dccf4839dbf06281d555066b316d70d552730e5a1dc5265bc6abc58f2"
"retired-repo\data\funds\xa\filings\2026-06\filing_data.txt","1263","d0cb0086c969d0d5847d7b3bccd3f6c217041156cea93d322d9a4d485a881264"
"retired-repo\data\funds\xa\filings\2026-06\holdings.csv","4036","ae23e849b5a778c1a8d0f9a14c0ce519208b7a528a57593ac01428313f9eb441"
"retired-repo\data\funds\xa\fund_config.txt","765","1424b65fad07b22286d15eea498380ba54c5fd454f7718b8f1b5ba6527acd617"
"retired-repo\data\funds\xa\security_master.csv","4619","22c2804bca2e132497f9a83b41affdbec80159b98ca93000ec41a28c64ce1d92"
"retired-repo\data\funds\xagi\filings\2026-06\derivatives.csv","700","e6f4e2e064f1a2c1962e3058de25057c98a9060cf29acd5d1067e3bef3114a13"
"retired-repo\data\funds\xagi\filings\2026-06\filing_data.txt","1263","b7df49b873016ca2eb3708274af8492ca3a7c6c8553ccdd917cfaf634032dbfd"
"retired-repo\data\funds\xagi\filings\2026-06\holdings.csv","702","60d95c72b8f4c2d7adca62ac4642bf1fd14feaac01d267af2bbc2217165b9d42"
"retired-repo\data\funds\xagi\fund_config.txt","764","8811c1b1cf2711776103dc27754a694494127f08a74f8a1b05111947988d5f21"
"retired-repo\data\funds\xagi\security_master.csv","1322","dbbe6325c65023a2550662e1ebfa36453f2a6f5faef015f9112c56955f1762da"
"retired-repo\data\funds\xbix\filings\2026-06\derivatives.csv","618","36861af19e2e5e4cb781f7ab21e4f0a46478779efded65884deae519799fb4c0"
"retired-repo\data\funds\xbix\filings\2026-06\filing_data.txt","1260","ed2f9474be7e675504347a07b103e2ff7f59b8885c456c02ff43ca59e8ec853a"
"retired-repo\data\funds\xbix\filings\2026-06\holdings.csv","659","ac54ffe2176ff850771ab0d1ea26364029d5ae5982ce83871b2b0237327203f1"
"retired-repo\data\funds\xbix\fund_config.txt","772","1c24b0ca62fa442214b97457b71b70fdcd4fadf519dfa1fe9bd35a9bd3441743"
"retired-repo\data\funds\xbix\security_master.csv","1275","832b71948cc1f133ec50cf904d8514bf83fec957fad3ed2e701a3ef41621c8d4"
"retired-repo\data\funds\xcom\filings\2026-06\derivatives.csv","682","f8a0ec44fd03f9859192dc1c67d593e29b2269cf6354b64043f19bcc358b9bb4"
"retired-repo\data\funds\xcom\filings\2026-06\filing_data.txt","1264","0ad6ae8b5b490ddc5d1efdcf7023b306bf3a3b32afda332bdf4dbc7c25e58aa3"
"retired-repo\data\funds\xcom\filings\2026-06\holdings.csv","694","b8acc83e34db65334f83a0bf85f2ec3bf35f3a32788257d24e7076ef16ae0962"
"retired-repo\data\funds\xcom\fund_config.txt","775","be5419996afb3f3eb50f4441a97a9274361b2d4a93b7cf2c6ec0881ffd378965"
"retired-repo\data\funds\xcom\security_master.csv","1317","548d82a2f6c13149969b6f43d63c9b67fc38363b9b5d6a7e016af64510261cb2"
"retired-repo\data\funds\xeur\filings\2026-06\derivatives.csv","596","6f73257c6cf16aafbe9fac0246be55b7f8b90a160bd90fdb24b6b87dc26360fa"
"retired-repo\data\funds\xeur\filings\2026-06\filing_data.txt","1248","47fcbefa96dcd01eb29bf7ec529823d36c40864d1f76653840f3df2f2abaa5a4"
"retired-repo\data\funds\xeur\filings\2026-06\holdings.csv","653","ecfda11accfd39c8b4b8c3b1108723d12e82b4f72f6c7b60cd6210a6dc3bd6d9"
"retired-repo\data\funds\xeur\fund_config.txt","775","dab1a4c0fb970f5517af68d3a3f5b74df331b1117ed96aa5f341e642558454ff"
"retired-repo\data\funds\xeur\security_master.csv","1258","5a22c7f2ee72ef3aa5653fe1e36e38f60aab357868423cc6b28533df1bf07b82"
"retired-repo\data\funds\xhoa\filings\2026-06\derivatives.csv","648","c30a18b6b726927805c2e29f38ef2e44cfe7a3b032b22e6f07848031356f54e5"
"retired-repo\data\funds\xhoa\filings\2026-06\filing_data.txt","1252","a5b156ea68675100f5401e6a2a5793dfeadf4caeee44a8050910c7629ae21142"
"retired-repo\data\funds\xhoa\filings\2026-06\holdings.csv","672","0c9c713831b1ff881037e73955c31530a7e9033713127b0c647d24d8616cb838"
"retired-repo\data\funds\xhoa\fund_config.txt","776","8a6777eb63f5af5b653f68343ce2c13bbb8a003f38116ddab1025e96777871e5"
"retired-repo\data\funds\xhoa\security_master.csv","1295","d02c0f9e084950bd70bd5a67946bef25eeaab00ec5d947b1eb4fc090aca29d2a"
"retired-repo\data\funds\xiwc\filings\2026-06\derivatives.csv","586","d7fac17ab7a5f831631e35309346f3290713c94f5b53d62e87af92d138c52708"
"retired-repo\data\funds\xiwc\filings\2026-06\filing_data.txt","1259","aa27c48cdab175fbb31f5ac951ceb084a35218ef1c43c1a86d853fc7e97f5354"
"retired-repo\data\funds\xiwc\filings\2026-06\holdings.csv","648","31606942536c24e29b9f73a4543e1bf4aa67eccadf60dca6e0b2384e5a4cc633"
"retired-repo\data\funds\xiwc\fund_config.txt","774","3a66f9411dc40a134a669a919a21f045f9131fb1983a05f86d488f7ad6b8f3d9"
"retired-repo\data\funds\xiwc\security_master.csv","1244","5866da4d39bf4d13468e4bc79ad220b22bfda0bf3e959659e67a89a342265c65"
"retired-repo\data\funds\xkre\filings\2026-06\derivatives.csv","634","645c32a26281b8233b76ea771b724d3eb63600a28a27192bda90b0cf525dbdcd"
"retired-repo\data\funds\xkre\filings\2026-06\filing_data.txt","1258","1007011212b7ca5b69bc573559e2a0c36e63ff8c3d97cda9483c7cf2f76ec502"
"retired-repo\data\funds\xkre\filings\2026-06\holdings.csv","667","9956feccb3c38fd28a8e71ac692b9ddd912e7c5c56eda1493dde9113479dcbe0"
"retired-repo\data\funds\xkre\fund_config.txt","779","122ed8e41ac57ac42ffeb38a57689a0605843ddd2a8574a9213af4b97b7afe35"
"retired-repo\data\funds\xkre\security_master.csv","1284","25f25ee9b40245b018a8f203effd46b9b1027237c9c4fec58f9bda69ac848f4a"
"retired-repo\data\funds\xlbx\filings\2026-06\derivatives.csv","640","ca4c7fa1d4551a6d277a1a695b7d2c354b8e191921b2d4dc09894a39b2e06bec"
"retired-repo\data\funds\xlbx\filings\2026-06\filing_data.txt","1258","d86e86ad35f499a33a8867e280a2d16d34562645b1cc84192d4784ff8d99626c"
"retired-repo\data\funds\xlbx\filings\2026-06\holdings.csv","668","540b4fa54cfee698748884ef6101079a9927c4dc98e065db49742bafd7159126"
"retired-repo\data\funds\xlbx\fund_config.txt","774","06d7a43cee17b3bb88355c938da91829c6b7f65b16a58eca4879478e05e81129"
"retired-repo\data\funds\xlbx\security_master.csv","1285","3f602cf4c7a48b442997f72b2642cb9cbdf7ba633afee90375be49877bbecb32"
"retired-repo\data\funds\xlex\filings\2026-06\derivatives.csv","635","9db19c682a350899ea62d349dc98ef6ddac6aa2898c6d553786f9475c40b784f"
"retired-repo\data\funds\xlex\filings\2026-06\filing_data.txt","1261","dfff5a4fc0957c9fce1eeff9b53f529f45f866dcabd687a5a3c0a3398c831cfb"
"retired-repo\data\funds\xlex\filings\2026-06\holdings.csv","669","f0e365b7bc6bc33345803e65761eeba80bbf318b5c1519bb2a78a43798825564"
"retired-repo\data\funds\xlex\fund_config.txt","771","bf4bf1ad2916a70cbd831b0d3db61ec7d6ef4df1ac84c36134923d1f3c962f65"
"retired-repo\data\funds\xlex\security_master.csv","1285","39f9212482779768e4793768ae9b76c5cb87c6313a7a8e94740b5e67e2c96adc"
"retired-repo\data\funds\xlfx\filings\2026-06\derivatives.csv","641","05d22db6164f619f246b86d89e2b2bdb6f3782942e266d5ce0034d9955cdc1be"
"retired-repo\data\funds\xlfx\filings\2026-06\filing_data.txt","1258","9282722fb0e9cde729882b5c978128577586996bf81eb1bb1c876843a80fe171"
"retired-repo\data\funds\xlfx\filings\2026-06\holdings.csv","669","aa1321ef60185b3c9eeed31bf8833c33489aa53c385f1708d5e2784923a5edb4"
"retired-repo\data\funds\xlfx\fund_config.txt","775","80fe0023138679090b8b1f23a1335afabcadde17eb18f001e500f42dc25bfc8f"
"retired-repo\data\funds\xlfx\security_master.csv","1287","4aa821fbc1bb299b16ce562a986089ac8e6ed184860fc06d0a22cec72f6d6e71"
"retired-repo\data\funds\xlix\filings\2026-06\derivatives.csv","642","818c155ee6e9150ab2e91141ded8be3b4d86bd45f1c7ee7f47eede65742bb33a"
"retired-repo\data\funds\xlix\filings\2026-06\filing_data.txt","1248","f9147eea0e62e3ed01bca17379eb19f19c026fef98ec6a60f8112f9f04cb827c"
"retired-repo\data\funds\xlix\filings\2026-06\holdings.csv","670","1dd2ba01224857831399dfaa38483c80f9bc987584c2cb94b141d50c556b35e4"
"retired-repo\data\funds\xlix\fund_config.txt","776","13c08afcc48ae79fcd2ed3d3435ad83ee1c667bd4fd9c82a42b48935ce570b05"
"retired-repo\data\funds\xlix\security_master.csv","1290","bf6ac68447c2f154e63e081ce425f53a01db6eefa53a46636744bb21c18e0a50"
"retired-repo\data\funds\xlkx\filings\2026-06\derivatives.csv","638","82f0765455e815ae3e582ff369f6b13f19fe0651a38f75e87184b4d81e5d79b1"
"retired-repo\data\funds\xlkx\filings\2026-06\filing_data.txt","1263","e60c30f7c9c76ed6c6d40ce2f1be437fed713d10d2f01bd5752f8e43f0ad4fe1"
"retired-repo\data\funds\xlkx\filings\2026-06\holdings.csv","675","6c98b5fbf78a4b6fe64d0ba5c7d74fad49bbb7ab72a0f0cc9280ab6584502d27"
"retired-repo\data\funds\xlkx\fund_config.txt","775","7b1e0a03660002da1605fea34e4b6a5c016f2b5674dc09c924a0cee09212c391"
"retired-repo\data\funds\xlkx\security_master.csv","1287","f3a19e8c6b03fef4052c3d4ada375cf305ae0929930957b0b0ba59bde523f726"
"retired-repo\data\funds\xlpx\filings\2026-06\derivatives.csv","647","57d7f9c93c5e559a5cbffd609e64fcd248c549905e95df52cbc5425afe866d38"
"retired-repo\data\funds\xlpx\filings\2026-06\filing_data.txt","1258","d176a4519a8e2905c4ac3be808ac1956bed783c679bd6602f02f4587c2ef55f4"
"retired-repo\data\funds\xlpx\filings\2026-06\holdings.csv","678","ecdbcf3eb0522108565155909f2b2456e5ba8dd484f362fc05b514957f9ad25a"
"retired-repo\data\funds\xlpx\fund_config.txt","781","118b6a1ee381d7f1195cecb21291bda9adf9cdf59905bfa9280c05a009314f12"
"retired-repo\data\funds\xlpx\security_master.csv","1287","bc3aa6173e82f65909c896a0789f79fc991f1e0adf149e4362a4f97097c77e1c"
"retired-repo\data\funds\xlux\filings\2026-06\derivatives.csv","634","aa6aab50ed2d386538cc16d60ba8e3d64ecb165ad2051359496a6f4f3a0b1687"
"retired-repo\data\funds\xlux\filings\2026-06\filing_data.txt","1257","16e1a490aacb1fc0f4f2dedc18db27336f94af23a4d3078f07fde3e7f4ca7bdf"
"retired-repo\data\funds\xlux\filings\2026-06\holdings.csv","672","cbaee40158584014e54ee96574212fa2a05aac0d27f3c45a4883a6ca50ba5729"
"retired-repo\data\funds\xlux\fund_config.txt","774","a3f4fa01650d92ee6a6aa35b830e916c94e32eec17ae0ffaec597c4a3ac29ff2"
"retired-repo\data\funds\xlux\security_master.csv","1282","584ad684d60839639771e518cf66d2d02775f9bde93c40f6852f75bdf1bdd389"
"retired-repo\data\funds\xlvx\filings\2026-06\derivatives.csv","639","6ecdcb7db816a2ef582aa2a4ea7b405399728d03b27f08b1b9ed7abfa8897f50"
"retired-repo\data\funds\xlvx\filings\2026-06\filing_data.txt","1259","6b8a2f7eb5394cc7580bc55d38697b47d76faabd46219c2ff975d4b2f4d819f3"
"retired-repo\data\funds\xlvx\filings\2026-06\holdings.csv","674","27b5b071146f7a36386c2a23a750827e97787caf5b38910080331c565bb43d60"
"retired-repo\data\funds\xlvx\fund_config.txt","775","1dbf3450f8eb763ea47d4a6c72e7312895c2a09359cd130c912a6bb8d9c891a7"
"retired-repo\data\funds\xlvx\security_master.csv","1286","642ad2376237101b30802de859583719e2a2684414a3976e6ab782b56525c971"
"retired-repo\data\funds\xlyx\filings\2026-06\derivatives.csv","660","99e77689dba3d64d6bff83419df35b33870421eeb01c5608d1157e1ba74bd495"
"retired-repo\data\funds\xlyx\filings\2026-06\filing_data.txt","1254","5bbd1da7d5d93f250a6e7e8208317b0091d6fcc5b8bcf78a7f1406f673232e55"
"retired-repo\data\funds\xlyx\filings\2026-06\holdings.csv","687","071e1d9908ff7dbb02a7c62ac1bcc00afecbe8686d7b4fb948142c3cec0dc252"
"retired-repo\data\funds\xlyx\fund_config.txt","787","1d34d6cb494baca42b585c86adadf8d068b7d2d326b24a40217af545b2313976"
"retired-repo\data\funds\xlyx\security_master.csv","1298","83ed0d881068e712d2647f16c92ed22a15d3c30fc9462d3557c81021517ba8f3"
"retired-repo\data\funds\xpav\filings\2026-06\derivatives.csv","632","e2c5cf537abb756d3790845cd9cc44c1391e96e5570bc07658960c5fb23d696a"
"retired-repo\data\funds\xpav\filings\2026-06\filing_data.txt","1252","aaa5f4345fa522cd1a4c8461b1a10a33ac0336404c82b4b90d75c6696b2960cd"
"retired-repo\data\funds\xpav\filings\2026-06\holdings.csv","669","e3ce6ab77440092c709a36f4be158a4d31998bd11bfe7afde1ead12cf326c7f0"
"retired-repo\data\funds\xpav\fund_config.txt","772","228c55e10af0f74c30be496122eb44a76cfc8c525fa2489911a374a73b9ef3f6"
"retired-repo\data\funds\xpav\security_master.csv","1280","3f463b0d0d2f777fd75ea561f9cc303143409aa910843ead89e28cdeeddb33e8"
"retired-repo\data\funds\xsem\filings\2026-06\derivatives.csv","586","0a794d763c2d383e94a3a9a8c2a1cea169d289ef68d0f025203f2328d0896afc"
"retired-repo\data\funds\xsem\filings\2026-06\filing_data.txt","1259","e2ad6df059e274a60f845173d099b09aff98c5a8b3f1e1ce4f8e5576ec140220"
"retired-repo\data\funds\xsem\filings\2026-06\holdings.csv","650","5987214b088216d0350e4c3a373234d2e7d148869d6eaef04ded3ac6321fb639"
"retired-repo\data\funds\xsem\fund_config.txt","779","800a0cb27ea362824a1263326b75bd09ced5f0e800370d5e39f10e3124774b76"
"retired-repo\data\funds\xsem\security_master.csv","1245","c4c05f3a5e9be9c6350573fc30bd9e3eddfc9d3623944f2bc786ba72c04e3d6a"
"retired-repo\data\funds\xtai\filings\2026-06\derivatives.csv","594","e25286fa2e9dd19f0fb2c57e0e6edc7ffb4314ebaa894c235a12f54f9553327f"
"retired-repo\data\funds\xtai\filings\2026-06\filing_data.txt","1263","8e843a35bcdbf5d96bdc48b1d108caddcb2660fb650c2bcbb9cb7e3d6cc2928c"
"retired-repo\data\funds\xtai\filings\2026-06\holdings.csv","650","605aefa26ad940f2722e3d2426d5ad77725c9c2d9bdfb44a8677af7d8394a624"
"retired-repo\data\funds\xtai\fund_config.txt","766","ed7c16f4ff01b87acf173214e10defd3a5580303c79954f266963934f3f36aed"
"retired-repo\data\funds\xtai\security_master.csv","1253","07886ed143cdfc0cf2ed54ea5f7473552c40569ee2c1378dc9814717154305ab"
"retired-repo\data\funds\xvo\filings\2026-06\derivatives.csv","607","59dfb945bc258c5c9031a7a3b99cdcd3d493bef38db3825508f467b9a9d00f5f"
"retired-repo\data\funds\xvo\filings\2026-06\filing_data.txt","1255","3cf822713f1269f08bf7ade197553d8120115c2668f1c062573b92a73fb6c271"
"retired-repo\data\funds\xvo\filings\2026-06\holdings.csv","664","8789449fb8c3ceaec150073ad147a6389d55303f63351b6b32758455129a6b66"
"retired-repo\data\funds\xvo\fund_config.txt","771","529464edad25f2e3cd6af8babd35868136045eb7103c0d7dd28ff203d52cec98"
"retired-repo\data\funds\xvo\security_master.csv","1260","a90206ef843d021c1ce080d4e13a9e81f96f704e80c58124c05be43b00a1f422"
"retired-repo\data\funds\xvug\filings\2026-06\derivatives.csv","607","8ab4a017bcbab10560f27b0aaf282f213fceb256c56a67890b5ee645c895e2cf"
"retired-repo\data\funds\xvug\filings\2026-06\filing_data.txt","1260","f988836889b095dc9e839db025e0f28435903c4d66f55194197cd7865338a27a"
"retired-repo\data\funds\xvug\filings\2026-06\holdings.csv","666","116590da129974e5a86b75980fb37e51c1e2ed57921771afea5dd14bfe8d7a9f"
"retired-repo\data\funds\xvug\fund_config.txt","771","3e790f28f32e94b5f66c05089f2486bf3e5a173c8684ac69d16df343c4186fbb"
"retired-repo\data\funds\xvug\security_master.csv","1267","d42a82776f86fad23f954fa53e7102e778055b2bbdee14d25f2eb36a23d29a65"
"retired-repo\data\funds\xw\filings\2026-06\derivatives.csv","667","102a67bc18dd9372efd44d3f35beea4147d014818c6a87ca6e4ad19d072054f5"
"retired-repo\data\funds\xw\filings\2026-06\filing_data.txt","1256","82e9b645aa26e955473b5c43e3bb1c5e8ebcff7d9be2fb356a7c54ccb17eaec8"
"retired-repo\data\funds\xw\filings\2026-06\holdings.csv","683","bea19b05293092652719cfe8cb33537ba1823558811ead21179e3527e6b96c61"
"retired-repo\data\funds\xw\fund_config.txt","774","5c0ed85b988945c32fe8233db28c10de06d3f1ce4b9aefd6ec1871a090c68cb1"
"retired-repo\data\funds\xw\security_master.csv","1300","bce3ac582685360e73939bf3f830a21681c81ceaf85714474bcc2bd9d25c55a7"
"retired-repo\data\funds\yung\filings\2026-06\filing_data.txt","1262","1952111ae6fd03d6128cfcd255cae53e5597ad810a833173f98e4095c7912b1f"
"retired-repo\data\funds\yung\filings\2026-06\holdings.csv","7760","ffd173c850bb98d178cea566973be87d91f65413d04e0b71b9b5b5f02b56990e"
"retired-repo\data\funds\yung\fund_config.txt","769","e6c8a4ea5714b51495a2e74881a229cfa6de024e8d07ba3e30399ccb7a2d92d4"
"retired-repo\data\funds\yung\security_master.csv","8629","0ad8225e876210b3dc07175ea99802a30a6132c132969dafaaac5e4b28f1f0fd"
"retired-repo\data\humanreview\2026-06_review.xlsx","20015","d51f8386e59ce1e47c35c8b711d0b64743390e6aff55065f46a39f56a6ba1185"
"retired-repo\data\inputs\nport-v1.13\nport-inputs_2026-07_2026-08_nport-v1.13_with-hidden-support-sheets.xlsx","102379","d1d6f2f170360fa9453f54beab2a6bd7d28d1908589f9179ee6a4a9c96856bbd"
"retired-repo\data\inputs\nport-v1.13\nport-inputs-v1_2026-07_2026-08_nport-v1.13_with-review-columns.xlsx","101082","63edef53bdb0ccc284221d2b2601aa70b242341fa19e5256288d9dcff708d5e6"
"retired-repo\data\inputs\nport-v1.13\nport-inputs-v2_2026-07_2026-08_nport-v1.13_four-sheet.xlsx","84709","caad3f9138cf380c6600e971b9dea24daf4b07dad185bd573bbabd1b0165f97c"
"retired-repo\data\inputs\nport-v1.13\nport-inputs-v3_2026-07_nport-v1.13_105-fund-draft.xlsx","1037748","ea3c6fe14310444702142df344789d4c52de6eeb8113edd6429d44e0cce7cfd4"
"retired-repo\data\master\filing_master.xlsx","58177","ea2fc664fbdeea2edcc04c332adda5fd2036fb9b0021c8649f9e191d9eed58bd"
"retired-repo\data\master\fund_registry.template.csv","409","95834a64ea6631577e195259e927fee3070db908999a438589d44ddab538e716"
"retired-repo\data\master\provenance_2026-06.csv","151149","b190cb36e0a46d97032aba60ce294d498845f57a4dad43156ebebc3a8c261ecf"
"retired-repo\data\master\reconciliation_2026-06.csv","75645","5868112e19e125dcf4cd06cf9b2207564f817f66c73f3d4dec7a9e41f2d55969"
"retired-repo\data\master\security_master.xlsx","560107","51ee8bb75a4f46699e6fae65650c3b55b29eca122de189e7f00361df55f5fd3c"
"retired-repo\data\master\security_master_test.xlsx","48338","a5e825ab8c8df1a89d9cdb3535f188a2c20c55d4f9d94ffae0692ec17ed544aa"
"retired-repo\data\master\source_manifest.template.csv","1191","2fe1a1ba8b438d384249bad0245c274bc56ffab80059960d5880fba2bf404ce2"
"retired-repo\data\orders\HistoricalOrders (83).csv","140308","54786ef441754170228e1f8d2bb1e6d17bd94465bf3603d6730d6be5652c4991"
"retired-repo\data\orders\README.md","317","8cabad70e95f1b1ed436a453b3f7c45b6259e5cc7a0f8abec0094972f2625b1d"
"retired-repo\data\RealXMLs\nporttest1.xml","54768","01bc0e41632c33070bfccce1b6abe906f0a1eebeb9e57e9250ddc78ea556307b"
"retired-repo\data\RealXMLs\nporttest2.xml","8383","e898d98a430db0d15b1fd896c76348692bd19fccd9ef5caa1525372c10878243"
"retired-repo\data\RealXMLs\nporttest3.xml","52291","b7277878b0ff3c3aa5195c5350471e02df0b4c044a7acd15e0546b0345c4eab7"
"retired-repo\data\reference\series_guide.xlsx","27148","5c334a50b942fc30b464dde005eb513df21cdd7fc2c453be4dbdb4eefb7f11f3"
"retired-repo\docs\how_it_works.md","1357","dd59cb53aae78b59c4e8146993a8a5587c964e629f98cbd0a6ec2665132a69f2"
"retired-repo\docs\nport_final_inhouse_audit_2026-08-03.html","32011","e17bd3d97569c73232020dc06952e53153239f1cc05246ab3c0dc066a73af32c"
"retired-repo\docs\nport_runbook.html","127089","c0195bfe04e51e9d977a7d4efc3c73b91cf66cbb2620a463172bd0cce9162263"
"retired-repo\docs\NPORT_Runbook.pdf","81098","8fa6b70823d2222ae42721ce13812bc3226967dcb3721cc77403d9c11131d606"
"retired-repo\docs\sql_migration.md","23171","dac52ace10dcf2aaa915451dfe2c36de6dd873ef18852293a41632d301f059f4"
"retired-repo\inventory.csv","30573","f089ae5a2b10e9b3b4822bbd1266bfd2a25036c764b857606da92e19e8443bd4"
"retired-repo\output\ACLZ_2026-06.xml","6740","92535f87bc7d46760eb67c1a47a1a4f0faa337b2cd278b1725d0c93ede22f50e"
"retired-repo\output\ACMM_2026-06.xml","6710","43f0c7663db1624e2eab25672ee409e6fa1d902039de944a250e910d2a0c2fe5"
"retired-repo\output\AV_2026-06.xml","39106","a413dffda9835e08cd6e2c5cbd217565686cebba1ab2671445958d614ccce944"
"retired-repo\output\BAY_2026-06.xml","56861","4c66d6903599e9f0572cd01e2871c3018b56715b7907882937a061d4a733b5d7"
"retired-repo\output\BLCK_2026-06.xml","33650","f0a7e030c035e0a5dde0b8cf9faf7bf3230e1eb33a248041a3297d8d96efdd62"
"retired-repo\output\BREW_2026-06.xml","18503","8d9eff12b07bb5b2e46a3c1286f3d4db48b8920167d838091c7380d57f4ea5ca"
"retired-repo\output\BRZX_2026-06.xml","6746","632b051b78fa210c8e4e332a21486d25562e9087ae1f515db1dad7c0fd04e666"
"retired-repo\output\BZZ_2026-06.xml","27533","4d0deb5a762cadab0e643d662645acc4c1e268d27f070358b5a1a884782dddcd"
"retired-repo\output\CAMC_2026-06.xml","6688","56137a02261f5b4b42480aafdf4ba64630a24e30aa77e33aa60d921224065b62"
"retired-repo\output\CARX_2026-06.xml","6687","4533d58be92ab848d1ea9f2b664611da9fef5e1eb868ce10bb534c7b341a6705"
"retired-repo\output\CBIL_2026-06.xml","32285","8b93fcaed29062af71e106a895f5a6383f1fb4b050d2526d23d3fd280f10ae21"
"retired-repo\output\CBOT_2026-06.xml","25589","18a194972fc1deda6c01ec94dd6e48f4e8f4839fdc23f8e67e9a1c654d539499"
"retired-repo\output\CCPX_2026-06.xml","6776","4bba36d3783b397e4da9d1a1c12544083c65ff7efd59e54654720510aa007456"
"retired-repo\output\CGOV_2026-06.xml","31081","e9317ef27a8987d4cace0291f2ae2b8693d3c42868e09d6ead1d00bd195a8d59"
"retired-repo\output\CHYG_2026-06.xml","234408","2a4a07da174570f445391760021f3c1fd21dae51471c0d1e66e681ed16ebccdb"
"retired-repo\output\CIEI_2026-06.xml","112243","8562b2528b98b4f90caa4632fbec09a5dbf9f4bc956894a8cc44b4b727adb2a8"
"retired-repo\output\CIVG_2026-06.xml","244167","3009c07fd808eb948f79a782bd45b2c55085fc483e192cbf1eee4bd45e8a5f14"
"retired-repo\output\CJUN_2026-06.xml","13556","498967cc52d0452448e00be8883eeb83856e669c06cf070ba90aac94854cf72e"
"retired-repo\output\CMAG_2026-06.xml","27986","ab41ad640990ed0e92492f19b535478fda820e7a3285dd5339de37c53fbb8ace"
"retired-repo\output\CMAY_2026-06.xml","13581","7d3a52d941709b64180c74c193a93496c749ef53c7dafc7989dd630dbdbfaf40"
"retired-repo\output\CQTM_2026-06.xml","19512","967244c49f9b3d0110c48d2d4bd68748a7ccda63083ff91ce3a1fc5441e70051"
"retired-repo\output\CRUC_2026-06.xml","6705","fe35293631a8f9d806e7ddb0f718f90ac8df0cc88012de9c9ee2dcb36abaae3b"
"retired-repo\output\CTJN_2026-06.xml","13555","1809739b09d2ee902764a4263bcb708e681652d8c26ddd75bf205bab7b83a9b7"
"retired-repo\output\CTMA_2026-06.xml","13580","a60bb7b222cdb859a68bcdf1448a26c8dc68abffaaa01cc9e79b085df474554d"
"retired-repo\output\CUST_2026-06.xml","117131","d2acf2015518c461f2751c1f104836533845ceedf76414713d0e7a89e47f42af"
"retired-repo\output\DIPR_2026-06.xml","30226","efe98fae8a385cb34f02079378555b8107d078912ad2f454f594b1071fead91b"
"retired-repo\output\DOCK_2026-06.xml","44632","2ef6c048ba56db1f643e15db96673b5a513d21fe5040fcad8b2a4c4626fedc77"
"retired-repo\output\EMJN_2026-06.xml","13601","7242ce9645ab568a1d3ae887d718fda29e60fbcbc0195049da20a5e6f84c9717"
"retired-repo\output\EMMY_2026-06.xml","13633","57046df25680f3fb63bb2c426400657effda7538bdd06d554a885f73292671d7"
"retired-repo\output\EMXX_2026-06.xml","6812","4a7cdbfddca8ab6a282784926bdd82aa061cd81445d171b02e99a2d1e2dfcced"
"retired-repo\output\EUV_2026-06.xml","39300","a359cb18f2a5a7c79245df34d03ee994ad458ecc6436be6f96ee36186f300bae"
"retired-repo\output\EUVX_2026-06.xml","6814","1b16202625c319861d6646703644a2dc7165cd07f58be5383163598108e7eb6b"
"retired-repo\output\EYES_2026-06.xml","34682","778500636da4cc77ee5cad6202a80a4f68c3c6a7d7364b53be62e968a1f4bda9"
"retired-repo\output\FDRS_2026-06.xml","49203","15953f6ef8bd2b73e7524394d5757770f85ab3d9d0a40316d4ac9c8e99f3b608"
"retired-repo\output\FDRX_2026-06.xml","6750","26cbd8545da0aeb59acb16aec1f46484e2e6210e7bda467f20de66f611259d33"
"retired-repo\output\GASZ_2026-06.xml","23897","6a723bb13782dac8bd628a57e080915c50fc704858e77226f62a74a4d8a087c4"
"retired-repo\output\GLAM_2026-06.xml","26649","ad799f161cf8f09bfff906f8dcb879a604d3ecf08eb73fbdc775f861acf07e6b"
"retired-repo\output\GNMX_2026-06.xml","56289","4e082bb36f6777b770732022ffc4d69752b8ada0e5872c794f3e36debc5c1367"
"retired-repo\output\HJUN_2026-06.xml","11684","315fcb16b874649fa87632915080c8dae4085aa2139acb04ac9fbdd0d4996d21"
"retired-repo\output\HMAY_2026-06.xml","11702","c56e6f67903b4f786b3a9632be726198402c88d30d859216ed436d94e349af74"
"retired-repo\output\HULL_2026-06.xml","41922","d486d3f9ee33ccf19fdcf6c6f6c01351300736ed5b931d481064fcc040853827"
"retired-repo\output\IDJN_2026-06.xml","13565","362d4eb7e135dd252e867b99480c66f9f8505893844efd4acf45238d44fa8ef9"
"retired-repo\output\IDMY_2026-06.xml","13588","384dbc9aed21bcd6999bb958b06111ab163f31b1198bfd56b329c7945aed58e1"
"retired-repo\output\JOUL_2026-06.xml","21304","7fabc51e99f37ea58667393da3d3dadf79df52f1fce9e4f7ea1ffb1c801861ad"
"retired-repo\output\JUNC_2026-06.xml","13557","033f936980eef48705b07f926dbc3c34197b750e20ec70230539fdfd2b0f1fb9"
"retired-repo\output\KEYX_2026-06.xml","6744","81cca5dfd692cd3653d2873e5169126f9c34f72740ae402b50d5ba11c0370478"
"retired-repo\output\KRWX_2026-06.xml","9329","f7956da151e718512968f2cccb2e3a131afb2e5d9722ababf842c0606c635b77"
"retired-repo\output\KYC_2026-06.xml","54161","0f8276d202c5b4ad3327ba6eaf695881887ee102314e126710a704e2676e36a6"
"retired-repo\output\LASC_2026-06.xml","6687","753e6e421eefb3e7e752e9f2c3f1ac671f3d6effc4114bf03e0ccf173ab7135c"
"retired-repo\output\LATR_2026-06.xml","22931","56d430c336b74dedd76a2c462db28ef5e5981a366286861040ca433c15751645"
"retired-repo\output\LRNX_2026-06.xml","6679","bd95b51ff7e5de26a4fb96bd51f81b0d6d9f62fbd5326794292c730dcebdd3bd"
"retired-repo\output\MAYC_2026-06.xml","13573","80700d4aefeb9db1492c25bfbb930600310032a0e1f61932ba280f48091449df"
"retired-repo\output\MGKX_2026-06.xml","6803","2840f265937f998360e121ef200d7d01a6d6f0dd2b1c3125b9304ec55472553b"
"retired-repo\output\MNSX_2026-06.xml","6737","9ccd03859c7c3ba3495935fff35a27b63a4bc3ced35a27fe1d76dc4ef0090cec"
"retired-repo\output\MSIX_2026-06.xml","6727","c656ff7fd5692f3acf8f67f0ac394a27679447ee23fbb99a7c89f7735bf19512"
"retired-repo\output\NYNY_2026-06.xml","55267","45b43d094b401c53c85cb4f5c38d93324c9b7dc7abd55f90b14a07fd0d43f45c"
"retired-repo\output\ODDZ_2026-06.xml","25776","897b3a1844a9e4400e5f8bcd6aad7b5c9e11f950240f405c22368c31179a5eff"
"retired-repo\output\ONTX_2026-06.xml","6712","473906a0c6123dc85e2bb2ad386e0a8f693e5523e8e75f84dc704ba50f9a67a9"
"retired-repo\output\OWN_2026-06.xml","93655","66390fcdb9913237e968390d946abc2c08b8242fc3d7d1b5ace4d0cb5016759a"
"retired-repo\output\PTNT_2026-06.xml","30998","dd6c2a7de293205813956537912f9de4ffb3fe8b104d403375a3be4b449ffb94"
"retired-repo\output\QJN_2026-06.xml","13559","62740078cc4c448ca102f9af8712f665e6ec710630bb0be843bf5d3072b34d3f"
"retired-repo\output\QMY_2026-06.xml","13578","632f8555cae5a9b04b524c771c5846fd6a63b327c0b67caa6473c861c8ca866b"
"retired-repo\output\QQJN_2026-06.xml","13569","e1363837075a638c8f0c0e5d37694392dd3de706b4853627a23cb0580bfb9a0c"
"retired-repo\output\QQMY_2026-06.xml","13584","d421aaed2c1bc9bcd6939f9b7e72d1209957252b6558c82a65358ce1a83f9b82"
"retired-repo\output\RMBC_2026-06.xml","6684","fb25a61a4c42684d1363962fc30728cdb43d9f6f4e79e00dfc78e2328f71d01d"
"retired-repo\output\SCJN_2026-06.xml","13557","8e0fa6bb034183753731c8ee0e7e97d5fd045a9b3502f08db231f6ef3c6870f8"
"retired-repo\output\SCMY_2026-06.xml","13575","ece8a0773c63b2273df1594cefa59fb9016dfa2f124a06ade92376fb69376af8"
"retired-repo\output\SIMX_2026-06.xml","6773","9792492ac0ada0c2fc5609b57f4c28cb42fd840598b03f8773848839622dc214"
"retired-repo\output\STYL_2026-06.xml","46141","6d130b53cd6a863ea84aea8fefde9425910ff87e0fdd2b10cfad824e7e8774ac"
"retired-repo\output\TAJX_2026-06.xml","6740","6933f3da8e68de903acbdd47ea760ad5981e7c3fbc01551bf7d7f894cfca07d4"
"retired-repo\output\TPLX_2026-06.xml","6747","c4894befe7e3531b95c4d82e0877ff05bf3e74063b659fbc6eb94ad7bd9739d2"
"retired-repo\output\UMCX_2026-06.xml","6768","39c40ee825454bab5ca14cbbec9e37b5c7e390cde67dd8cbd201b6f146208e1c"
"retired-repo\output\USX_2026-06.xml","6834","ed3cac81fc7a71959ff866b9695faccb3435742694b0024b4574a8f35377bda8"
"retired-repo\output\VBX_2026-06.xml","6798","8646ef0dc3c0702378a9ba015f043a3880abcf833afd53a8becb3764f808e926"
"retired-repo\output\VOOX_2026-06.xml","6752","5f5c8ff5aa05cf54b103bb42d5be3d23425ad313e94f6f3fc1778f055bfa8252"
"retired-repo\output\WATS_2026-06.xml","24879","b637076ca96151278caaffab2a442263ed060ea779f0a46bc04ccf4182a82310"
"retired-repo\output\WEBX_2026-06.xml","6803","29410302fab6040395ebbfd84936b113c4e9765cc6ae705076dd04bd55d9cd6e"
"retired-repo\output\WNDR_2026-06.xml","55790","3a8d0717d35612561afc8c681ce7dd0b38c47379be53cf432ac6f34c0d15bcfa"
"retired-repo\output\WR_2026-06.xml","54421","15cb53999056be3709f922c5d36faedc0810eed7984eb95a4d7a7f2829535150"
"retired-repo\output\WX_2026-06.xml","6822","9027839d4cd4b4328cc3cf0fe27ddc63f69ddc7737e2f64f2ce385f70f6cf533"
"retired-repo\output\XA_2026-06.xml","26487","d87c6ac1d3ed33517a8e2716d34d53eb42f0b22102d514bc1eee840b5384ad94"
"retired-repo\output\XAGI_2026-06.xml","6906","90bbd659d99181cc9920573ff0a928362a6ab3e871d7c24ef7ab56dd484ebad4"
"retired-repo\output\XBIX_2026-06.xml","6806","362495a3389cfd80c842d98bb47846f33e3fe7515ab43df4ccc831c8c37ddc16"
"retired-repo\output\XCOM_2026-06.xml","6892","be0451c927a0d766fa7d6430ab15f3c1c6373ad8f4419ceffc5e9b196f5c50e0"
"retired-repo\output\XEUR_2026-06.xml","6759","f08184eed380543b906a13d22b9378edd59e7cf40f847d54adf0c220827db331"
"retired-repo\output\XHOA_2026-06.xml","6825","8a1c523f71d1bcb79b67875f1291a75f3277a4ddf62c0a5094062cefe366f07b"
"retired-repo\output\XIWC_2026-06.xml","6744","0949ceec0c4bbe2365d3da03eca87fcb98a66947f6e2ded5e6de7c3ac6192229"
"retired-repo\output\XKRE_2026-06.xml","6835","ab5b9e625c4cabf47df0247af07dac36616ebc8badad8a250027d8784fdb6c5b"
"retired-repo\output\XLBX_2026-06.xml","6821","69307009b615b7c305f60d8c81a2012f3da3dd614365f418e9c1bcfe5e405d99"
"retired-repo\output\XLEX_2026-06.xml","6817","e49124649ad2b19bca9f8a71f53005667a65bbe92651f939095ec06933c1d0f9"
"retired-repo\output\XLFX_2026-06.xml","6824","378ee06df36093cb1fd63884724ef57c09ae703da8fe39c317cf63218a3e6c34"
"retired-repo\output\XLIX_2026-06.xml","6827","11fa1cd08ce4c29bc0e5529cac6aee13e550915faff1305e1efe2d649d04fc77"
"retired-repo\output\XLKX_2026-06.xml","6828","22b36709eb8d9e6497ef996dfff1df09f809ee8e0414d49465f61a334cff6e03"
"retired-repo\output\XLPX_2026-06.xml","6841","7898d511ec3e0792b1f261a03705aadf7faea3c48205950b933a4146ea6704c8"
"retired-repo\output\XLUX_2026-06.xml","6814","78292c2a7e14de5c6628bf2316cfaf35d87668735e7d449adfb7943cde95c966"
"retired-repo\output\XLVX_2026-06.xml","6824","8ca0ed0f4538fff7e75adee48f3884207baceb9473bd2cdf129008ed4d331318"
"retired-repo\output\XLYX_2026-06.xml","6865","985dd42e055b166cc105c3f4b4ae469449c29fcf259a05197e6be0e471cfa5b2"
"retired-repo\output\XPAV_2026-06.xml","6802","3feb6b63597c4d61e1883f1e8e6fcd65e2d858a10484e7cf9520e8ec7422d0cc"
"retired-repo\output\XSEM_2026-06.xml","6751","584043d9b55f747500173fbd9c1942b1aa599f61e0b51b03a30cbaf24bed7d85"
"retired-repo\output\XTAI_2026-06.xml","6747","022dc93c4087d873bf9a760fe3ca7fa7c84ed7c19ad59d5ea011a0aa58618766"
"retired-repo\output\XVO_2026-06.xml","6776","42793e9b6cb8cb53f579e4f27daf3c2f67239f4a5e2fb2a450a9ee03790f5492"
"retired-repo\output\XVUG_2026-06.xml","6781","d17d69f361eb2c96dafd8d81737f9d1bf95d6584e25ded14ca2de7de9babe864"
"retired-repo\output\XW_2026-06.xml","6858","6b6194439a3b3bd289ca8d30693724fa38dcc545491b359f96c3d9db0ec0124a"
"retired-repo\output\YUNG_2026-06.xml","46639","f46732438fefcb6d5df3f7660b81f86d857f4b0786a4b437db183af60fad6d26"
"retired-repo\outputs\nport-integrated-intake-v1.13\nport-integrated-intake_2026-07_2026-08_nport-v1.13.xlsx","160266","fbbb32c8ed6c7e38c75ece07db9424fc3286fb8a188d59ce1ae4e6b8b9db9e9d"
"retired-repo\OVERVIEW.md","2856","83af608a878fd33010b64dabcd219651d36fecba2a31eaf2306603b4585159a1"
"retired-repo\README.md","640","77df891a5ef04f78396b26cda2883a6a0b6cdeba624ceb93dd70fc007be97059"
"retired-repo\scripts\audit_findings.py","18076","dce9598349b4515a376968c9cf2d76debfeace5742adb6bffb8cd39e8ff04462"
"retired-repo\scripts\build_security_masters.py","4123","f44ac253e6b0f0e0afdde0179de43699e4145218c2eef1228a8f2c68d6f619fb"
"retired-repo\scripts\field_provenance.py","26219","b1ebfae257aafe113c02f3c552189d4068a2df6ceb37921a271cc21b89af8b3d"
"retired-repo\scripts\generate_inhouse_docs.py","60766","1cf8610676b09b6a630892310288209936c3ab893db46b7a1e5ec2620def7bf1"
"retired-repo\scripts\generate_operating_pdfs.py","50125","08b2b54491425947c808dd3eca3f2f7adfbf3d796398ca0523ef12be36f2c801"
"retired-repo\scripts\oneoff\apply_bloomberg_series_lei.py","4573","3ab935c279771906e3f0172437e79d1ebccfc1e9e69dd89b8f66776da9737a43"
"retired-repo\scripts\oneoff\apply_eaglestar_to_filings.py","2717","2a23aade8f8b1d96dba89576bb3d7a4c075190e60acd0e162ec006cf156e4ace"
"retired-repo\scripts\oneoff\backfill_series_ids.py","9484","d17fbc583d8ad69fb62aadc3c459857bb5231f95c966591088565ad6e1e74c2b"
"retired-repo\scripts\oneoff\desynthesize.py","5227","20eb8859a5be017a425ffb1c8706f191b39d38d10ee4a40d0c03d376fd13bcce"
"retired-repo\scripts\oneoff\populate_test_filings.py","9814","5ac1841ff0ab194176124c3befafab44b50f1f8791523adac66e61643db1bbfc"
"retired-repo\scripts\oneoff\regenerate_balance_sheet.py","3872","fa75304dc89576f2b15402a2d0faa92b0eb5d8d53446a6f8fd3dddd64b5ca10a"
"retired-repo\scripts\oneoff\regenerate_swap_valuations.py","2607","4b6a57e10c80b83bd885f331cb88480c520e86e467d7c74e368fe728772b5f1a"
"retired-repo\scripts\oneoff\repair_cusips.py","5720","fda16eeb52f334c7890b4a7b8d7731ade9b480327aea793817b303c280d7e526"
"retired-repo\scripts\render_html_pdf.py","1352","9e62b5ac6b17154ae0127cf0dfb1f851273c1c3677ea91ab707cc6e6d5918ba3"
"retired-repo\scripts\runbook_traceability.py","31269","d9c494e66007c5086a687e043de68c5b5c6709c10aa0a4504bbd16a5699b738d"
"retired-repo\scripts\verify_output.py","10649","5aa934b123261eaff6bbe2ff29eea2e725396037a40c589756c6730eabcd91cb"
"retired-repo\scripts\verify_series_ids.py","4991","69b8edbe1e3ed879c77af5f90603f62731a17ae59bd1ca1e449f8902f2a859b0"
"retired-repo\src\nport\__pycache__-final-verification\__init__.cpython-312.pyc","149","4399386557cedfd62547f9c215688872fa47ff5b260fef65cf2d668451f2f8f9"
"retired-repo\src\nport\__pycache__-final-verification\ap_orders.cpython-312.pyc","8775","f916ddb41253eca982190ef4cb40096a9276ef5e3ba7234c674217fb34fb517c"
"retired-repo\src\nport\__pycache__-final-verification\config.cpython-312.pyc","20308","e260e9634127e1d27786089a15a198494d2c925edd599bbfe47c36c1e2b4b430"
"retired-repo\src\nport\__pycache__-final-verification\constants.cpython-312.pyc","1976","0820a6130f7d53036bc075ab87d8a4c3db6b0a381299a3e67311a38dd8d48f47"
"retired-repo\src\nport\__pycache__-final-verification\input_validation.cpython-312.pyc","47578","4f9aec8e0e0c973ada8cab2ed3fd4e35cdb5854d257a4d11d2d37add6ba0c1d4"
"retired-repo\src\nport\__pycache__-final-verification\models.cpython-312.pyc","8060","76d51ce4bd90bba816bb133c10216c06e428a7cc14e5a7a4f65959a8e5134b68"
"retired-repo\src\nport\__pycache__-final-verification\pipeline.cpython-312.pyc","84844","7d87c14f84b78330b9c2d0c8335175e20b225c164c4a59a952717c24a4160291"
"retired-repo\src\nport\__pycache__-final-verification\policy.cpython-312.pyc","10810","82efb6ea52a66f895e8335ec7b7f5ca03e65d55c4f446e6b8c1c65e2bd1a14cb"
"retired-repo\src\nport\__pycache__-final-verification\preflight.cpython-312.pyc","12928","0d68b222a422955f1f8edcb623d4a491ae088ae9756ec61a975a66eef619bc82"
"retired-repo\src\nport\__pycache__-final-verification\schema.cpython-312.pyc","15545","f908afb9cb4a15fa20ac68c3e8f1cd3fb66a2fbaf8214be0d451b439c3907f9f"
"retired-repo\src\nport\__pycache__-final-verification\source_policy.cpython-312.pyc","1365","3ffb56ec09122feb726e152c45fc6b93930ce35340de83a6465a5c677b56b2ed"
"retired-repo\src\nport\__pycache__-final-verification\workbook_support.cpython-312.pyc","5427","2db7d34a9467214c8a55bf1cf002b420379c4316c49df1943134581dadd7d37e"
"retired-repo\src\nport\bloomberg.py","13691","68fb1dcc10a994e1dce58ff3bf58ffec9f54c1c4a7c2a02c3c3c4610c22c61cd"
"retired-repo\src\nport\cusip.py","4870","d1bd526f4372aee770ffe11c24bc2b9e8335fc8032c03d557677864ace8833d7"
"retired-repo\src\nport\custodian.py","41466","4e956aa51f8b46fb0263bc3e4822c234662aa727cae3858644156af037f0c81b"
"retired-repo\src\nport\data_loader.py","1059","bcebb4aba2eb8db06fc647498363f561223193c84f7351d212359497cc9e338e"
"retired-repo\src\nport\eaglestar.py","17546","07d15e952507ab275f824ab40f9ed7c088ee846b3b45147099a65a6315365fd1"
"retired-repo\src\nport\edgar.py","13783","10dc0a7108363f9bf9c8ce5c528034687d1ebab9f18c5fe47eef00c9208c933c"
"retired-repo\src\nport\filing_master.py","23081","ad25d4d3c514c56c69d45d4bc76a775449aeaed51a706068c8cbd94f17fb0a2b"
"retired-repo\src\nport\humanreview.py","28502","9d23512412a26a4ff2f659498e07d8f542c162b4b8e8dc3e1f843d0f8808de79"
"retired-repo\src\nport\master_sheet.py","39910","4fdc83324928c7318ad1d1d1ce8b8f6dd3dbdf41c400caa7cbb537f3b445090b"
"retired-repo\src\nport\numbers.py","667","e1fcdc3f4bc6f91c45eb6e3e73f67547dbba89bfbcb6faf7645e7ab32c6d2332"
"retired-repo\src\nport\reference_compare.py","2226","d01c2283554750c6d09cf24b426bb575df4b2931f172f02954ee182e59278e2e"
"retired-repo\src\nport\security_master.py","5056","fb31ff9a2062f0d50559c2864eca31950c255ae9e914d0943162bf7365e966a9"
"retired-repo\tech_spec.txt","41898","8413ea552989bc3a6411b929780ff50e9e4ed6dd1ebb6d165e7d73a1671d7631"
"retired-repo\tests\fixtures\reference_nport.xml","54768","01bc0e41632c33070bfccce1b6abe906f0a1eebeb9e57e9250ddc78ea556307b"
"retired-repo\tests\test_bloomberg.py","9855","b4a2e2e769c5cbb050e631bd1878663ce5312bf5201a64bd4547b8811cd68273"
"retired-repo\tests\test_cli.py","7044","5e9d86770bfeac371947807a2fa9be12c3f1e9f31c6d637a855c931d92d7fc06"
"retired-repo\tests\test_cusip.py","3209","e8dc3c886ec429f7c98b2da320e45e385c4e2b6b7fb7025432be747960101159"
"retired-repo\tests\test_custodian.py","41727","aaa1f025808917a15a17edc83c4eea930e66b53432d9208ea619ce7eabc9f030"
"retired-repo\tests\test_data_loader.py","6415","c395d14b3144b451811011ed8680ebbd1f27d90e3ed21e5228924505bef89b4b"
"retired-repo\tests\test_eaglestar.py","21107","4f29c66ce00bf1292bcb2f496c8d34be5cc67e3dc3fc6c88f1dd2663daa58217"
"retired-repo\tests\test_edgar.py","7075","a8db499e2bbeb706c1570564bdc70995199ca634580392fc784a4a7446fefd36"
"retired-repo\tests\test_filing_master.py","10666","244549af09c71250677aa18d26f50dee1c492f5ce51479970e0fac2a9d6ace19"
"retired-repo\tests\test_fund_dirs.py","3412","40496e56d176c2d3993932fe5aee667ca82070473223b45b8a338261ba02af99"
"retired-repo\tests\test_humanreview.py","6562","8b98b6dd4ef636a4be6537f17f1a807deb3541b74afba0a599d4be88f5960f7a"
"retired-repo\tests\test_master_sheet.py","41579","5ba3a1a2054346b8230ac6d906b6a57d020c880d5f8e74db48b10984d91d2f8d"
"retired-repo\tests\test_reference_compare.py","993","0be4a26b5cacd26775298a8fdbac4477e5305e438f6ebae0bce55d260fd47c99"
"retired-repo\tests\test_roundtrip.py","3908","9210f13bbc2b45dcf4905682b2ae3b5c61a93f38f3aa543529038643eb0ec7ff"
"retired-repo\tests\test_security_master.py","4958","a63c40d7e43377f3acc02a24170f063c60c260d905e43afaaa8b632412197d5a"
"retired-repo\tests\test_split_csv.py","16428","6909e4ccd8e7a4f97e90cf7d45b349440120d574a8fe7f5bde49193e0f50dbbd"
"retired-repo\tests\test_verify_output.py","3520","5314d25aa18a87541bf0705d78c79bd3917fec1ea8453bfae4a016d179668be4"
